#usda 1.0
(
    defaultPrim = "Root"
    upAxis = "Z"
)

def Xform "Root"
{
    def Mesh "grid_room" (
        apiSchemas = ["MaterialBindingAPI", "PhysicsCollisionAPI", "PhysxCollisionAPI", "PhysxTriangleMeshCollisionAPI", "PhysicsMeshCollisionAPI", "PhysxConvexHullCollisionAPI"]
        instanceable = true
    )
    {
        float3[] extent = [(-2800, -2950, -0.703125), (2807, 2950, 2480.5771)]
        int[] faceVertexCounts = [4, 4, 4, 4, 4, 4, 4, 4, 4, 4, 4, 4, 4, 4, 4, 4, 4, 4, 4, 4, 4, 4, 4, 4, 4, 4, 4, 4, 4, 4, 4, 4, 4, 4, 4, 4, 4, 4, 4, 4, 4, 4, 4, 4, 4, 4, 4, 4, 4, 4, 4, 4, 4, 4, 4, 4, 4, 4, 4, 4, 4, 4, 4, 4, 4, 4, 4, 4, 4, 4, 4, 4, 4, 4, 4, 4, 4, 4, 4, 4, 4, 4, 4, 4, 4, 4, 4, 4, 4, 4, 4, 4, 4, 4, 4, 4, 4, 4, 4, 4, 4, 4, 4, 4, 4, 4, 4, 4, 4, 4, 4, 4, 4, 4, 4, 4, 4, 4, 4, 4, 4, 4, 4, 4, 4, 4, 4, 4, 4, 4, 4, 4, 4, 4, 4, 4, 4, 4, 4, 4, 4, 4, 4, 4, 4, 4, 4, 4, 4, 4, 4, 4, 4, 4, 4, 4, 4, 4, 4, 4, 4, 4, 4, 4, 4, 4, 4, 4, 4, 4, 4, 4, 4, 4, 4, 4, 4, 4, 4, 4, 4, 4, 4, 4, 4, 4, 4, 4, 4, 4, 4, 4, 4, 4, 4, 4, 4, 4, 4, 4, 4, 4, 4, 4, 4, 4, 4, 4, 4, 4, 4, 4, 4, 4, 4, 4, 4, 4, 4, 4, 4, 4, 4, 4, 4, 4, 4, 4, 4, 4, 4, 4, 4, 4, 4, 4, 4, 4, 4, 4, 4, 4, 4, 4, 4, 4, 4, 4, 4, 4, 4, 4, 4, 4, 4, 4, 4, 4, 4, 4, 4, 4, 4, 4, 4, 4, 4, 4, 4, 4, 4, 4, 4, 4, 4, 4, 4, 4, 4, 4, 4, 4, 4, 4, 4, 4, 4, 4, 4, 4, 4, 4, 4, 4, 4, 4, 4, 4, 4, 4, 4, 4, 4, 4, 4, 4, 4, 4, 4, 4, 4, 4, 4, 4, 4, 4, 4, 4, 4, 4, 4, 4, 4, 4, 4, 4, 4, 4, 4, 4, 4, 4, 4, 4, 4, 4, 4, 4, 4, 4, 4, 4, 4, 4, 4, 4, 4, 4, 4, 4, 4, 4, 4, 4, 4, 4, 4, 4, 4, 4, 4, 4, 4, 4, 4, 4, 4, 4, 4, 4, 4, 4, 4, 4, 4, 4, 4, 4, 4, 4, 4, 4, 4, 4, 4, 4, 4, 4, 4, 4, 4, 4, 4, 4, 4, 4, 4, 4, 4, 4, 4, 4, 4, 4, 4, 4, 4, 4, 4, 4, 4, 4, 4, 4, 4, 4, 4, 4, 4, 4, 4, 4, 4, 4, 4, 4, 4, 4, 4, 4, 4, 4, 4, 4, 4, 4, 4, 4, 4, 4, 4, 4, 4, 4, 4, 4, 4, 4, 4, 4, 4, 4, 4, 4, 4, 4, 4, 4, 4, 4, 4, 4, 4, 4, 4, 4, 4, 4, 4, 4, 4, 4, 4, 4, 4, 4, 4, 4, 4, 4, 4, 4, 4, 4, 4, 4, 4, 4, 4, 4, 4, 4, 4, 4, 4, 4, 4, 4, 4, 4, 4, 4, 4, 4, 4, 4, 4, 4, 4, 4, 4, 4, 4, 4, 4, 4, 4, 4, 4, 4, 4, 4, 4, 4, 4, 4, 4, 4, 4, 4, 4, 4, 4, 4, 4, 4, 4, 4, 4, 4, 4, 4, 4, 4, 4, 4, 4, 4, 4, 4, 4, 4, 4, 4, 4, 4, 4, 4, 4, 4, 4, 4, 4, 4, 4, 4, 4, 4, 4, 4, 4, 4, 4, 4, 4, 4, 4, 4, 4, 4, 4, 4, 4, 4, 4, 4, 4, 4, 4, 4, 4, 4, 4, 4, 4, 4, 4, 4, 4, 4, 4, 4, 4, 4, 4, 4, 4, 4, 4, 4, 4, 4, 4, 4, 4, 4, 4, 4, 4, 4, 4, 4, 4, 4, 4, 4, 4, 4, 4, 4, 4, 4, 4, 4, 4, 4, 4, 4, 4, 4, 4, 4, 4, 4, 4, 4, 4, 4, 4, 4, 4, 4, 4, 4, 4, 4, 4, 4, 4, 4, 4, 4, 4, 4, 4, 4, 4, 4, 4, 4, 4, 4, 4, 4, 4, 4, 4, 4, 4, 4, 4, 4, 4, 4, 4, 4, 4, 4, 4, 4, 4, 4, 4, 4, 4, 4, 4, 4, 4, 4, 4, 4, 4, 4, 4, 4, 4, 4, 4, 4, 4, 4, 4, 4, 4, 4, 4, 4, 4, 4, 4, 4, 4, 4, 4, 4, 4, 4, 4, 4, 4, 4, 4, 4, 4, 4, 4, 4, 4, 4, 4, 4, 4, 4, 4, 4, 4, 4, 4, 4, 4, 4, 4, 4, 4, 4, 4, 4, 4, 4, 4, 4, 4, 4, 4, 4, 4, 4, 4, 4, 4, 4, 4, 4, 4, 4, 4, 4, 4, 4, 4, 4, 4, 4, 4, 4, 4, 4, 4, 4, 4, 4, 4, 4, 4, 4, 4, 4, 4, 4, 4, 4, 4, 4, 4, 4, 4, 4, 4, 4, 4, 4, 4, 4, 4, 4, 4, 4, 4, 4, 4, 4, 4, 4, 4, 4, 4, 4, 4, 4, 4, 4, 4, 4, 4, 4, 4, 4, 4, 4, 4, 4, 4, 4, 4, 4, 4, 4, 4, 4, 4, 4, 4, 4, 4, 4, 4, 4, 4, 4, 4, 4, 4, 4, 4, 4, 4, 4, 4, 4, 4, 4, 4, 4, 4, 4, 4, 4, 4, 4, 4, 4, 4, 4, 4, 4, 4, 4, 4, 4, 4, 4, 4, 4, 4, 4, 4, 4, 4, 4, 4, 4, 4, 4, 4, 4, 4, 4, 4, 4, 4, 4, 4, 4, 4, 4, 4, 4, 4, 4, 4, 4, 4, 4, 4, 4, 4, 4, 4, 4, 4, 4, 4, 4, 4, 4, 4, 4, 4, 4, 4, 4, 4, 4, 4, 4, 4, 4, 4, 4, 4, 4, 4, 4, 4, 4, 4, 4, 4, 4, 4, 4, 4, 4, 4, 4, 4, 4, 4, 4, 4, 4, 4, 4, 4, 4, 4, 4, 4, 4, 4, 4, 4, 4, 4, 4, 4, 4, 4, 4, 4, 4, 4, 4, 4, 4, 4, 4, 4, 4, 4, 4, 4, 4, 4, 4, 4, 4, 4, 4, 4, 4, 4, 4, 4, 4, 4, 4, 4, 4, 4, 4, 4, 4, 4, 4, 4, 4, 4, 4, 4, 4, 4, 4, 4, 4, 4, 4, 4, 4, 4, 4, 4, 4, 4, 4, 4, 4, 4, 4, 4, 4, 4, 4, 4, 4, 4, 4, 4, 4, 4, 4, 4, 4, 4, 4, 4, 4, 4, 4, 4, 4, 4, 4, 4, 4, 4, 4, 4, 4, 4, 4, 4, 4, 4, 4, 4, 4, 4, 4, 4, 4, 4, 4, 4, 4, 4, 4, 4, 4, 4, 4, 4, 4, 4, 4, 4, 4, 4, 4, 4, 4, 4, 4, 4, 4, 4, 4, 4, 4, 4, 4, 4, 4, 4, 4, 4, 4, 4, 4, 4, 4, 4, 4, 4, 4, 4, 4, 4, 4, 4, 4, 4, 4, 4, 4, 4, 4, 4, 4, 4, 4, 4, 4, 4, 4, 4, 4, 4, 4, 4, 4, 4, 4, 4, 4, 4, 4, 4, 4, 4, 4, 4, 4, 4, 4, 4, 4, 4, 4, 4, 4, 4, 4, 4, 4, 4, 4, 4, 4, 4, 4, 4, 4, 4, 4, 4, 4, 4, 4, 4, 4, 4, 4, 4, 4, 4, 4, 4, 4, 4, 4, 4, 4, 4, 4, 4, 4, 4, 4, 4, 4, 4, 4, 4, 4, 4, 4, 4, 4, 4, 4, 4, 4, 4, 4, 4, 4, 4, 4, 4, 4, 4, 4, 4, 4, 4, 4, 4, 4, 4, 4, 4, 4, 4, 4, 4, 4, 4, 4, 4, 4, 4, 4, 4, 4, 4, 4, 4, 4, 4, 4, 4, 4, 4, 4, 4, 4, 4, 4, 4, 4, 4, 4, 4, 4, 4, 4, 4, 4, 4, 4, 4, 4, 4, 4, 4, 4, 4, 4, 4, 4, 4, 4, 4, 4, 4, 4, 4, 4, 4, 4, 4, 4, 4, 4, 4, 4, 4, 4, 4, 4, 4, 4, 4, 4, 4, 4, 4, 4, 4, 4, 4, 4, 4, 4, 4, 4, 4, 4, 4, 4, 4, 4, 4, 4, 4, 4, 4, 4, 4, 4, 4, 4, 4, 4, 4, 4, 4, 4, 4, 4, 4, 4, 4, 4, 4, 4, 4, 4, 4, 4, 4, 4, 4, 4, 4, 4, 4, 4, 4, 4, 4, 4, 4, 4, 4, 4, 4, 4, 4, 4, 4, 4, 4, 4, 4, 4, 4, 4, 4, 4, 4, 4, 4, 4, 4, 4, 4, 4, 4, 4, 4, 4, 4, 4, 4, 4, 4, 4, 4, 4, 4, 4, 4, 4, 4, 4, 4, 4, 4, 4, 4, 4, 4, 4, 4, 4, 4, 4, 4, 4, 4, 4, 4, 4, 4, 4, 4, 4, 4, 4, 4, 4, 4, 4, 4, 4, 4, 4, 4, 4, 4, 4, 4, 4, 4, 4, 4, 4, 4, 4, 4, 4, 4, 4, 4, 4, 4, 4, 4, 4, 4, 4, 4, 4, 4, 4, 4, 4, 4, 4, 4, 4, 4, 4, 4, 4, 4, 4, 4, 4, 4, 4, 4, 4, 4, 4, 4, 4, 4, 4, 4, 4, 4, 4, 4, 4, 4, 4, 4, 4, 4, 4, 4, 4, 4, 4, 4, 4, 4, 4, 4, 4, 4, 4, 4, 4, 4, 4, 4, 4, 4, 4, 4, 4, 4, 4, 4, 4, 4, 4, 4, 4, 4, 4, 4, 4, 4, 4, 4, 4, 4, 4, 4, 4, 4, 4, 4, 4, 4, 4, 4, 4, 4, 4, 4, 4, 4, 4, 4, 4, 4, 4, 4, 4, 4, 4, 4, 4, 4, 4, 4, 4, 4, 4, 4, 4, 4, 4, 4, 4, 4, 4, 4, 4, 4, 4, 4, 4, 4, 4, 4, 4, 4, 4, 4, 4, 4, 4, 4, 4, 4, 4, 4, 4, 4, 4, 4, 4, 4, 4, 4, 4, 4, 4, 4, 4, 4, 4, 4, 4, 4, 4, 4, 4, 4, 4, 4, 4, 4, 4, 4, 4, 4, 4, 4, 4, 4, 4, 4, 4, 4, 4, 4, 4, 4, 4, 4, 4, 4, 4, 4, 4, 4, 4, 4, 4, 4, 4, 4, 4, 4, 4, 4, 4, 4, 4, 4, 4, 4, 4, 4, 4, 4, 4, 4, 4, 4, 4, 4, 4, 4, 4, 4, 4, 4, 4, 4, 4, 4, 4, 4, 4, 4, 4, 4, 4, 4, 4, 4, 4, 4, 4, 4, 4, 4, 4, 4, 4, 4, 4, 4, 4, 4, 4, 4, 4, 4, 4, 4, 4, 4, 4, 4, 4, 4, 4, 4, 4, 4, 4, 4, 4, 4, 4, 4, 4, 4, 4, 4, 4, 4, 4, 4, 4, 4, 4, 4, 4, 4, 4, 4, 4, 4, 4, 4, 4, 4, 4, 4, 4, 4, 4, 4, 4, 4, 4, 4, 4, 4, 4, 4, 4, 4, 4, 4, 4, 4, 4, 4, 4, 4, 4, 4, 4, 4, 4, 4, 4, 4, 4, 4, 4, 4, 4, 4, 4, 4, 4, 4, 4, 4, 4, 4, 4, 4, 4, 4, 4, 4, 4, 4, 4, 4, 4, 4, 4, 4, 4, 4, 4, 4, 4, 4, 4, 4, 4, 4, 4, 4, 4, 4, 4, 4, 4, 4, 4, 4, 4, 4, 4, 4, 4, 4, 4, 4, 4, 4, 4, 4, 4, 4, 4, 4, 4, 4, 4, 4, 4, 4, 4, 4, 4, 4, 4, 4, 4, 4, 4, 4, 4, 4, 4, 4, 4, 4, 4, 4, 4, 4, 4, 4, 4, 4, 4, 4, 4, 4, 4, 4, 4, 4, 4, 4, 4, 4, 4, 4, 4, 4, 4, 4, 4, 4, 4, 4, 4, 4, 4, 4, 4, 4, 4, 4, 4, 4, 4, 4, 4, 4, 4, 4, 4, 4, 4, 4, 4, 4, 4, 4, 4, 4, 4, 4, 4, 4, 4, 4, 4, 4, 4, 4, 4, 4, 4, 4, 4, 4, 4, 4, 4, 4, 4, 4, 4, 4, 4, 4, 4, 4, 4, 4, 4, 4, 4, 4, 4, 4, 4, 4, 4, 4, 4, 4, 4, 4, 4, 4, 4, 4, 4, 4, 4, 4, 4, 4, 4, 4, 4, 4, 4, 4, 4, 4, 4, 4, 4, 4, 4, 4, 4, 4, 4, 4, 4, 4, 4, 4, 4, 4, 4, 4, 4, 4, 4, 4, 4, 4, 4, 4, 4, 4, 4, 4, 4, 4, 4, 4, 4, 4, 4, 4, 4, 4, 4, 4, 4, 4, 4, 4, 4, 4, 4, 4, 4, 4, 4, 4, 4, 4, 4, 4, 4, 4, 4, 4, 4, 4, 4, 4, 4, 4, 4, 4, 4, 4, 4, 4, 4, 4, 4, 4, 4, 4, 4, 4, 4, 4, 4, 4, 4, 4, 4, 4, 4, 4, 4, 4, 4, 4, 4, 4, 4, 4, 4, 4, 4, 4, 4, 4, 4, 4, 4, 4, 4, 4, 4, 4, 4, 4, 4, 4, 4, 4, 4, 4, 4, 4, 4, 4, 4, 4, 4, 4, 4, 4, 4, 4, 4, 4, 4, 4, 4, 4, 4, 4, 4, 4, 4, 4, 4, 4, 4, 4, 4, 4, 4, 4, 4, 4, 4, 4, 4, 4, 4, 4, 4, 4, 4, 4, 4, 4, 4, 4, 4, 4, 4, 4, 4, 4, 4, 4, 4, 4, 4, 4, 4, 4, 4, 4, 4, 4, 4, 4, 4, 4, 4, 4, 4, 4, 4, 4, 4, 4, 4, 4, 4, 4, 4, 4, 4, 4, 4, 4, 4, 4, 4, 4, 4, 4, 4, 4, 4, 4, 4, 4, 4, 4, 4, 4, 4, 4, 4, 4, 4, 4, 4, 4, 4, 4, 4, 4, 4, 4, 4, 4, 4, 4, 4, 4, 4, 4, 4, 4, 4, 4, 4, 4, 4, 4, 4, 4, 4, 4, 4, 4, 4, 4, 4, 4, 4, 4, 4, 4, 4, 4, 4, 4, 4, 4, 4, 4, 4, 4, 4, 4, 4, 4, 4, 4, 4, 4, 4, 4, 4, 4, 4, 4, 4, 4, 4, 4, 4, 4, 4, 4, 4, 4, 4, 4, 4, 4, 4, 4, 4, 4, 4, 4, 4, 4, 4, 4, 4, 4, 4, 4, 4, 4, 4, 4, 4, 4, 4, 4, 4, 4, 4, 4, 4, 4, 4, 4, 4, 4, 4, 4, 4, 4, 4, 4, 4, 4, 4, 4, 4, 4, 4, 4, 4, 4, 4, 4, 4, 4, 4, 4, 4, 4, 4, 4, 4, 4, 4, 4, 4, 4, 4, 4, 4, 4, 4, 4, 4, 4, 4, 4, 4, 4, 4, 4, 4, 4, 4, 4, 4, 4, 4, 4, 4, 4, 4, 4, 4, 4, 4, 4, 4, 4, 4, 4, 4, 4, 4, 4, 4, 4, 4, 4, 4, 4, 4, 4, 4, 4, 4, 4, 4, 4, 4, 4, 4, 4, 4, 4, 4, 4, 4, 4, 4, 4, 4, 4, 4, 4, 4, 4, 4, 4, 4, 4, 4, 4, 4, 4, 4, 4, 4, 4, 4, 4, 4, 4, 4, 4, 4, 4, 4, 4, 4, 4, 4, 4, 4, 4, 4, 4, 4, 4, 4, 4, 4, 4, 4, 4, 4, 4, 4, 4, 4, 4, 4, 4, 4, 4, 4, 4, 4, 4, 4, 4, 4, 4, 4, 4, 4, 4, 4, 4, 4, 4, 4, 4, 4, 4, 4, 4, 4, 4, 4, 4, 4, 4, 4, 4, 4, 4, 4, 4, 4, 4, 4, 4, 4, 4, 4, 4, 4, 4, 4, 4, 4, 4, 4, 4, 4, 4, 4, 4, 4, 4, 4, 4, 4, 4, 4, 4, 4, 4, 4, 4, 4, 4, 4, 4, 4, 4, 4, 4, 4, 4, 4, 4, 4, 4, 4, 4, 4, 4, 4, 4, 4, 4, 4, 4, 4, 4, 4, 4, 4, 4, 4, 4, 4, 4, 4, 4, 4, 4, 4, 4, 4, 4, 4, 4, 4, 4, 4, 4, 4, 4, 4, 4, 4, 4, 4, 4, 4, 4, 4, 4, 4, 4, 4, 4, 4, 4, 4, 4, 4, 4, 4, 4, 4, 4, 4, 4, 4, 4, 4, 4, 4, 4, 4, 4, 4, 4, 4, 4, 4, 4, 4, 4, 4, 4, 4, 4, 4, 4, 4, 4, 4, 4, 4, 4, 4, 4, 4, 4, 4, 4, 4, 4, 4, 4, 4, 4, 4, 4, 4, 4, 4, 4, 4, 4, 4, 4, 4, 4, 4, 4, 4, 4, 4, 4, 4, 4, 4, 4, 4, 4, 4, 4, 4, 4, 4, 4, 4, 4, 4, 4, 4, 4, 4, 4, 4, 4, 4, 4, 4, 4, 4, 4, 4, 4, 4, 4, 4, 4, 4, 4, 4, 4, 4, 4, 4, 4, 4, 4, 4, 4, 4, 4, 4, 4, 4, 4, 4, 4, 4, 4, 4, 4, 4, 4, 4, 4, 4, 4, 4, 4, 4, 4, 4, 4, 4, 4, 4, 4, 4, 4, 4, 4, 4, 4, 4, 4, 4, 4, 4, 4, 4, 4, 4, 4, 4, 4, 4, 4, 4, 4, 4, 4, 4, 4, 4, 4, 4, 4, 4, 4, 4, 4, 4, 4, 4, 4, 4, 4, 4, 4, 4, 4, 4, 4, 4, 4, 4, 4, 4, 4, 4, 4, 4, 4, 4, 4, 4, 4, 4, 4, 4, 4, 4, 4, 4, 4, 4, 4, 4, 4, 4, 4, 4, 4, 4, 4, 4, 4, 4, 4, 4, 4, 4, 4, 4, 4, 4, 4, 4, 4, 4, 4, 4, 4, 4, 4, 4, 4, 4, 4, 4, 4, 4, 4, 4, 4, 4, 4, 4, 4, 4, 4, 4, 4, 4, 4, 4, 4, 4, 4, 4, 4, 4, 4, 4, 4, 4, 4, 4, 4, 4, 4, 4, 4, 4, 4, 4, 4, 4, 4, 4, 4, 4, 4, 4, 4, 4, 4, 4, 4, 4, 4, 4, 4, 4, 4, 4, 4, 4, 4, 4, 4, 4, 4]
        int[] faceVertexIndices = [8, 9, 10, 11, 13, 14, 15, 16, 23, 24, 21, 22, 12, 25, 26, 27, 18, 19, 20, 17, 10, 9, 30, 58, 58, 30, 31, 59, 59, 31, 32, 60, 60, 32, 33, 61, 61, 33, 34, 62, 62, 34, 35, 63, 63, 35, 36, 64, 64, 36, 37, 65, 65, 37, 38, 66, 66, 38, 39, 67, 67, 39, 40, 68, 68, 40, 41, 69, 69, 41, 42, 70, 70, 42, 43, 71, 71, 43, 28, 29, 9, 232, 656, 30, 232, 233, 657, 656, 233, 234, 658, 657, 234, 235, 659, 658, 235, 236, 660, 659, 236, 237, 661, 660, 237, 238, 662, 661, 238, 239, 663, 662, 239, 240, 664, 663, 240, 241, 665, 664, 241, 242, 666, 665, 242, 243, 667, 666, 243, 244, 668, 667, 244, 245, 669, 668, 245, 203, 246, 669, 30, 656, 670, 31, 656, 657, 671, 670, 657, 658, 672, 671, 658, 659, 673, 672, 659, 660, 674, 673, 660, 661, 675, 674, 661, 662, 676, 675, 662, 663, 677, 676, 663, 664, 678, 677, 664, 665, 679, 678, 665, 666, 680, 679, 666, 667, 681, 680, 667, 668, 682, 681, 668, 669, 683, 682, 669, 246, 247, 683, 31, 670, 684, 32, 670, 671, 685, 684, 671, 672, 686, 685, 672, 673, 687, 686, 673, 674, 688, 687, 674, 675, 689, 688, 675, 676, 690, 689, 676, 677, 691, 690, 677, 678, 692, 691, 678, 679, 693, 692, 679, 680, 694, 693, 680, 681, 695, 694, 681, 682, 696, 695, 682, 683, 697, 696, 683, 247, 248, 697, 32, 684, 698, 33, 684, 685, 699, 698, 685, 686, 700, 699, 686, 687, 701, 700, 687, 688, 702, 701, 688, 689, 703, 702, 689, 690, 704, 703, 690, 691, 705, 704, 691, 692, 706, 705, 692, 693, 707, 706, 693, 694, 708, 707, 694, 695, 709, 708, 695, 696, 710, 709, 696, 697, 711, 710, 697, 248, 249, 711, 33, 698, 712, 34, 698, 699, 713, 712, 699, 700, 714, 713, 700, 701, 715, 714, 701, 702, 716, 715, 702, 703, 717, 716, 703, 704, 718, 717, 704, 705, 719, 718, 705, 706, 720, 719, 706, 707, 721, 720, 707, 708, 722, 721, 708, 709, 723, 722, 709, 710, 724, 723, 710, 711, 725, 724, 711, 249, 250, 725, 34, 712, 726, 35, 712, 713, 727, 726, 713, 714, 728, 727, 714, 715, 729, 728, 715, 716, 730, 729, 716, 717, 731, 730, 717, 718, 732, 731, 718, 719, 733, 732, 719, 720, 734, 733, 720, 721, 735, 734, 721, 722, 736, 735, 722, 723, 737, 736, 723, 724, 738, 737, 724, 725, 739, 738, 725, 250, 251, 739, 35, 726, 740, 36, 726, 727, 741, 740, 727, 728, 742, 741, 728, 729, 743, 742, 729, 730, 744, 743, 730, 731, 745, 744, 731, 732, 746, 745, 732, 733, 747, 746, 733, 734, 748, 747, 734, 735, 749, 748, 735, 736, 750, 749, 736, 737, 751, 750, 737, 738, 752, 751, 738, 739, 753, 752, 739, 251, 252, 753, 36, 740, 754, 37, 740, 741, 755, 754, 741, 742, 756, 755, 742, 743, 757, 756, 743, 744, 758, 757, 744, 745, 759, 758, 745, 746, 760, 759, 746, 747, 761, 760, 747, 748, 762, 761, 748, 749, 763, 762, 749, 750, 764, 763, 750, 751, 765, 764, 751, 752, 766, 765, 752, 753, 767, 766, 753, 252, 253, 767, 37, 754, 768, 38, 754, 755, 769, 768, 755, 756, 770, 769, 756, 757, 771, 770, 757, 758, 772, 771, 758, 759, 773, 772, 759, 760, 774, 773, 760, 761, 775, 774, 761, 762, 776, 775, 762, 763, 777, 776, 763, 764, 778, 777, 764, 765, 779, 778, 765, 766, 780, 779, 766, 767, 781, 780, 767, 253, 254, 781, 38, 768, 782, 39, 768, 769, 783, 782, 769, 770, 784, 783, 770, 771, 785, 784, 771, 772, 786, 785, 772, 773, 787, 786, 773, 774, 788, 787, 774, 775, 789, 788, 775, 776, 790, 789, 776, 777, 791, 790, 777, 778, 792, 791, 778, 779, 793, 792, 779, 780, 794, 793, 780, 781, 795, 794, 781, 254, 255, 795, 39, 782, 796, 40, 782, 783, 797, 796, 783, 784, 798, 797, 784, 785, 799, 798, 785, 786, 800, 799, 786, 787, 801, 800, 787, 788, 802, 801, 788, 789, 803, 802, 789, 790, 804, 803, 790, 791, 805, 804, 791, 792, 806, 805, 792, 793, 807, 806, 793, 794, 808, 807, 794, 795, 809, 808, 795, 255, 256, 809, 40, 796, 810, 41, 796, 797, 811, 810, 797, 798, 812, 811, 798, 799, 813, 812, 799, 800, 814, 813, 800, 801, 815, 814, 801, 802, 816, 815, 802, 803, 817, 816, 803, 804, 818, 817, 804, 805, 819, 818, 805, 806, 820, 819, 806, 807, 821, 820, 807, 808, 822, 821, 808, 809, 823, 822, 809, 256, 257, 823, 41, 810, 824, 42, 810, 811, 825, 824, 811, 812, 826, 825, 812, 813, 827, 826, 813, 814, 828, 827, 814, 815, 829, 828, 815, 816, 830, 829, 816, 817, 831, 830, 817, 818, 832, 831, 818, 819, 833, 832, 819, 820, 834, 833, 820, 821, 835, 834, 821, 822, 836, 835, 822, 823, 837, 836, 823, 257, 258, 837, 42, 824, 838, 43, 824, 825, 839, 838, 825, 826, 840, 839, 826, 827, 841, 840, 827, 828, 842, 841, 828, 829, 843, 842, 829, 830, 844, 843, 830, 831, 845, 844, 831, 832, 846, 845, 832, 833, 847, 846, 833, 834, 848, 847, 834, 835, 849, 848, 835, 836, 850, 849, 836, 837, 851, 850, 837, 258, 259, 851, 43, 838, 44, 28, 838, 839, 45, 44, 839, 840, 46, 45, 840, 841, 47, 46, 841, 842, 48, 47, 842, 843, 49, 48, 843, 844, 50, 49, 844, 845, 51, 50, 845, 846, 52, 51, 846, 847, 53, 52, 847, 848, 54, 53, 848, 849, 55, 54, 849, 850, 56, 55, 850, 851, 57, 56, 851, 259, 0, 57, 10, 58, 852, 88, 58, 59, 853, 852, 59, 60, 854, 853, 60, 61, 855, 854, 61, 62, 856, 855, 62, 63, 857, 856, 63, 64, 858, 857, 64, 65, 859, 858, 65, 66, 860, 859, 66, 67, 861, 860, 67, 68, 862, 861, 68, 69, 863, 862, 69, 70, 864, 863, 70, 71, 865, 864, 71, 29, 72, 865, 88, 852, 866, 89, 852, 853, 867, 866, 853, 854, 868, 867, 854, 855, 869, 868, 855, 856, 870, 869, 856, 857, 871, 870, 857, 858, 872, 871, 858, 859, 873, 872, 859, 860, 874, 873, 860, 861, 875, 874, 861, 862, 876, 875, 862, 863, 877, 876, 863, 864, 878, 877, 864, 865, 879, 878, 865, 72, 73, 879, 89, 866, 880, 90, 866, 867, 881, 880, 867, 868, 882, 881, 868, 869, 883, 882, 869, 870, 884, 883, 870, 871, 885, 884, 871, 872, 886, 885, 872, 873, 887, 886, 873, 874, 888, 887, 874, 875, 889, 888, 875, 876, 890, 889, 876, 877, 891, 890, 877, 878, 892, 891, 878, 879, 893, 892, 879, 73, 74, 893, 90, 880, 894, 91, 880, 881, 895, 894, 881, 882, 896, 895, 882, 883, 897, 896, 883, 884, 898, 897, 884, 885, 899, 898, 885, 886, 900, 899, 886, 887, 901, 900, 887, 888, 902, 901, 888, 889, 903, 902, 889, 890, 904, 903, 890, 891, 905, 904, 891, 892, 906, 905, 892, 893, 907, 906, 893, 74, 75, 907, 91, 894, 908, 92, 894, 895, 909, 908, 895, 896, 910, 909, 896, 897, 911, 910, 897, 898, 912, 911, 898, 899, 913, 912, 899, 900, 914, 913, 900, 901, 915, 914, 901, 902, 916, 915, 902, 903, 917, 916, 903, 904, 918, 917, 904, 905, 919, 918, 905, 906, 920, 919, 906, 907, 921, 920, 907, 75, 76, 921, 92, 908, 922, 93, 908, 909, 923, 922, 909, 910, 924, 923, 910, 911, 925, 924, 911, 912, 926, 925, 912, 913, 927, 926, 913, 914, 928, 927, 914, 915, 929, 928, 915, 916, 930, 929, 916, 917, 931, 930, 917, 918, 932, 931, 918, 919, 933, 932, 919, 920, 934, 933, 920, 921, 935, 934, 921, 76, 77, 935, 93, 922, 936, 94, 922, 923, 937, 936, 923, 924, 938, 937, 924, 925, 939, 938, 925, 926, 940, 939, 926, 927, 941, 940, 927, 928, 942, 941, 928, 929, 943, 942, 929, 930, 944, 943, 930, 931, 945, 944, 931, 932, 946, 945, 932, 933, 947, 946, 933, 934, 948, 947, 934, 935, 949, 948, 935, 77, 78, 949, 94, 936, 950, 95, 936, 937, 951, 950, 937, 938, 952, 951, 938, 939, 953, 952, 939, 940, 954, 953, 940, 941, 955, 954, 941, 942, 956, 955, 942, 943, 957, 956, 943, 944, 958, 957, 944, 945, 959, 958, 945, 946, 960, 959, 946, 947, 961, 960, 947, 948, 962, 961, 948, 949, 963, 962, 949, 78, 79, 963, 95, 950, 964, 96, 950, 951, 965, 964, 951, 952, 966, 965, 952, 953, 967, 966, 953, 954, 968, 967, 954, 955, 969, 968, 955, 956, 970, 969, 956, 957, 971, 970, 957, 958, 972, 971, 958, 959, 973, 972, 959, 960, 974, 973, 960, 961, 975, 974, 961, 962, 976, 975, 962, 963, 977, 976, 963, 79, 80, 977, 96, 964, 978, 97, 964, 965, 979, 978, 965, 966, 980, 979, 966, 967, 981, 980, 967, 968, 982, 981, 968, 969, 983, 982, 969, 970, 984, 983, 970, 971, 985, 984, 971, 972, 986, 985, 972, 973, 987, 986, 973, 974, 988, 987, 974, 975, 989, 988, 975, 976, 990, 989, 976, 977, 991, 990, 977, 80, 81, 991, 97, 978, 992, 98, 978, 979, 993, 992, 979, 980, 994, 993, 980, 981, 995, 994, 981, 982, 996, 995, 982, 983, 997, 996, 983, 984, 998, 997, 984, 985, 999, 998, 985, 986, 1000, 999, 986, 987, 1001, 1000, 987, 988, 1002, 1001, 988, 989, 1003, 1002, 989, 990, 1004, 1003, 990, 991, 1005, 1004, 991, 81, 82, 1005, 98, 992, 1006, 99, 992, 993, 1007, 1006, 993, 994, 1008, 1007, 994, 995, 1009, 1008, 995, 996, 1010, 1009, 996, 997, 1011, 1010, 997, 998, 1012, 1011, 998, 999, 1013, 1012, 999, 1000, 1014, 1013, 1000, 1001, 1015, 1014, 1001, 1002, 1016, 1015, 1002, 1003, 1017, 1016, 1003, 1004, 1018, 1017, 1004, 1005, 1019, 1018, 1005, 82, 83, 1019, 99, 1006, 1020, 100, 1006, 1007, 1021, 1020, 1007, 1008, 1022, 1021, 1008, 1009, 1023, 1022, 1009, 1010, 1024, 1023, 1010, 1011, 1025, 1024, 1011, 1012, 1026, 1025, 1012, 1013, 1027, 1026, 1013, 1014, 1028, 1027, 1014, 1015, 1029, 1028, 1015, 1016, 1030, 1029, 1016, 1017, 1031, 1030, 1017, 1018, 1032, 1031, 1018, 1019, 1033, 1032, 1019, 83, 84, 1033, 100, 1020, 1034, 101, 1020, 1021, 1035, 1034, 1021, 1022, 1036, 1035, 1022, 1023, 1037, 1036, 1023, 1024, 1038, 1037, 1024, 1025, 1039, 1038, 1025, 1026, 1040, 1039, 1026, 1027, 1041, 1040, 1027, 1028, 1042, 1041, 1028, 1029, 1043, 1042, 1029, 1030, 1044, 1043, 1030, 1031, 1045, 1044, 1031, 1032, 1046, 1045, 1032, 1033, 1047, 1046, 1033, 84, 85, 1047, 101, 1034, 102, 86, 1034, 1035, 103, 102, 1035, 1036, 104, 103, 1036, 1037, 105, 104, 1037, 1038, 106, 105, 1038, 1039, 107, 106, 1039, 1040, 108, 107, 1040, 1041, 109, 108, 1041, 1042, 110, 109, 1042, 1043, 111, 110, 1043, 1044, 112, 111, 1044, 1045, 113, 112, 1045, 1046, 114, 113, 1046, 1047, 115, 114, 1047, 85, 4, 115, 11, 10, 88, 116, 116, 88, 89, 117, 117, 89, 90, 118, 118, 90, 91, 119, 119, 91, 92, 120, 120, 92, 93, 121, 121, 93, 94, 122, 122, 94, 95, 123, 123, 95, 96, 124, 124, 96, 97, 125, 125, 97, 98, 126, 126, 98, 99, 127, 127, 99, 100, 128, 128, 100, 101, 129, 129, 101, 86, 87, 11, 116, 1048, 146, 116, 117, 1049, 1048, 117, 118, 1050, 1049, 118, 119, 1051, 1050, 119, 120, 1052, 1051, 120, 121, 1053, 1052, 121, 122, 1054, 1053, 122, 123, 1055, 1054, 123, 124, 1056, 1055, 124, 125, 1057, 1056, 125, 126, 1058, 1057, 126, 127, 1059, 1058, 127, 128, 1060, 1059, 128, 129, 1061, 1060, 129, 87, 130, 1061, 146, 1048, 1062, 147, 1048, 1049, 1063, 1062, 1049, 1050, 1064, 1063, 1050, 1051, 1065, 1064, 1051, 1052, 1066, 1065, 1052, 1053, 1067, 1066, 1053, 1054, 1068, 1067, 1054, 1055, 1069, 1068, 1055, 1056, 1070, 1069, 1056, 1057, 1071, 1070, 1057, 1058, 1072, 1071, 1058, 1059, 1073, 1072, 1059, 1060, 1074, 1073, 1060, 1061, 1075, 1074, 1061, 130, 131, 1075, 147, 1062, 1076, 148, 1062, 1063, 1077, 1076, 1063, 1064, 1078, 1077, 1064, 1065, 1079, 1078, 1065, 1066, 1080, 1079, 1066, 1067, 1081, 1080, 1067, 1068, 1082, 1081, 1068, 1069, 1083, 1082, 1069, 1070, 1084, 1083, 1070, 1071, 1085, 1084, 1071, 1072, 1086, 1085, 1072, 1073, 1087, 1086, 1073, 1074, 1088, 1087, 1074, 1075, 1089, 1088, 1075, 131, 132, 1089, 148, 1076, 1090, 149, 1076, 1077, 1091, 1090, 1077, 1078, 1092, 1091, 1078, 1079, 1093, 1092, 1079, 1080, 1094, 1093, 1080, 1081, 1095, 1094, 1081, 1082, 1096, 1095, 1082, 1083, 1097, 1096, 1083, 1084, 1098, 1097, 1084, 1085, 1099, 1098, 1085, 1086, 1100, 1099, 1086, 1087, 1101, 1100, 1087, 1088, 1102, 1101, 1088, 1089, 1103, 1102, 1089, 132, 133, 1103, 149, 1090, 1104, 150, 1090, 1091, 1105, 1104, 1091, 1092, 1106, 1105, 1092, 1093, 1107, 1106, 1093, 1094, 1108, 1107, 1094, 1095, 1109, 1108, 1095, 1096, 1110, 1109, 1096, 1097, 1111, 1110, 1097, 1098, 1112, 1111, 1098, 1099, 1113, 1112, 1099, 1100, 1114, 1113, 1100, 1101, 1115, 1114, 1101, 1102, 1116, 1115, 1102, 1103, 1117, 1116, 1103, 133, 134, 1117, 150, 1104, 1118, 151, 1104, 1105, 1119, 1118, 1105, 1106, 1120, 1119, 1106, 1107, 1121, 1120, 1107, 1108, 1122, 1121, 1108, 1109, 1123, 1122, 1109, 1110, 1124, 1123, 1110, 1111, 1125, 1124, 1111, 1112, 1126, 1125, 1112, 1113, 1127, 1126, 1113, 1114, 1128, 1127, 1114, 1115, 1129, 1128, 1115, 1116, 1130, 1129, 1116, 1117, 1131, 1130, 1117, 134, 135, 1131, 151, 1118, 1132, 152, 1118, 1119, 1133, 1132, 1119, 1120, 1134, 1133, 1120, 1121, 1135, 1134, 1121, 1122, 1136, 1135, 1122, 1123, 1137, 1136, 1123, 1124, 1138, 1137, 1124, 1125, 1139, 1138, 1125, 1126, 1140, 1139, 1126, 1127, 1141, 1140, 1127, 1128, 1142, 1141, 1128, 1129, 1143, 1142, 1129, 1130, 1144, 1143, 1130, 1131, 1145, 1144, 1131, 135, 136, 1145, 152, 1132, 1146, 153, 1132, 1133, 1147, 1146, 1133, 1134, 1148, 1147, 1134, 1135, 1149, 1148, 1135, 1136, 1150, 1149, 1136, 1137, 1151, 1150, 1137, 1138, 1152, 1151, 1138, 1139, 1153, 1152, 1139, 1140, 1154, 1153, 1140, 1141, 1155, 1154, 1141, 1142, 1156, 1155, 1142, 1143, 1157, 1156, 1143, 1144, 1158, 1157, 1144, 1145, 1159, 1158, 1145, 136, 137, 1159, 153, 1146, 1160, 154, 1146, 1147, 1161, 1160, 1147, 1148, 1162, 1161, 1148, 1149, 1163, 1162, 1149, 1150, 1164, 1163, 1150, 1151, 1165, 1164, 1151, 1152, 1166, 1165, 1152, 1153, 1167, 1166, 1153, 1154, 1168, 1167, 1154, 1155, 1169, 1168, 1155, 1156, 1170, 1169, 1156, 1157, 1171, 1170, 1157, 1158, 1172, 1171, 1158, 1159, 1173, 1172, 1159, 137, 138, 1173, 154, 1160, 1174, 155, 1160, 1161, 1175, 1174, 1161, 1162, 1176, 1175, 1162, 1163, 1177, 1176, 1163, 1164, 1178, 1177, 1164, 1165, 1179, 1178, 1165, 1166, 1180, 1179, 1166, 1167, 1181, 1180, 1167, 1168, 1182, 1181, 1168, 1169, 1183, 1182, 1169, 1170, 1184, 1183, 1170, 1171, 1185, 1184, 1171, 1172, 1186, 1185, 1172, 1173, 1187, 1186, 1173, 138, 139, 1187, 155, 1174, 1188, 156, 1174, 1175, 1189, 1188, 1175, 1176, 1190, 1189, 1176, 1177, 1191, 1190, 1177, 1178, 1192, 1191, 1178, 1179, 1193, 1192, 1179, 1180, 1194, 1193, 1180, 1181, 1195, 1194, 1181, 1182, 1196, 1195, 1182, 1183, 1197, 1196, 1183, 1184, 1198, 1197, 1184, 1185, 1199, 1198, 1185, 1186, 1200, 1199, 1186, 1187, 1201, 1200, 1187, 139, 140, 1201, 156, 1188, 1202, 157, 1188, 1189, 1203, 1202, 1189, 1190, 1204, 1203, 1190, 1191, 1205, 1204, 1191, 1192, 1206, 1205, 1192, 1193, 1207, 1206, 1193, 1194, 1208, 1207, 1194, 1195, 1209, 1208, 1195, 1196, 1210, 1209, 1196, 1197, 1211, 1210, 1197, 1198, 1212, 1211, 1198, 1199, 1213, 1212, 1199, 1200, 1214, 1213, 1200, 1201, 1215, 1214, 1201, 140, 141, 1215, 157, 1202, 1216, 158, 1202, 1203, 1217, 1216, 1203, 1204, 1218, 1217, 1204, 1205, 1219, 1218, 1205, 1206, 1220, 1219, 1206, 1207, 1221, 1220, 1207, 1208, 1222, 1221, 1208, 1209, 1223, 1222, 1209, 1210, 1224, 1223, 1210, 1211, 1225, 1224, 1211, 1212, 1226, 1225, 1212, 1213, 1227, 1226, 1213, 1214, 1228, 1227, 1214, 1215, 1229, 1228, 1215, 141, 142, 1229, 158, 1216, 1230, 159, 1216, 1217, 1231, 1230, 1217, 1218, 1232, 1231, 1218, 1219, 1233, 1232, 1219, 1220, 1234, 1233, 1220, 1221, 1235, 1234, 1221, 1222, 1236, 1235, 1222, 1223, 1237, 1236, 1223, 1224, 1238, 1237, 1224, 1225, 1239, 1238, 1225, 1226, 1240, 1239, 1226, 1227, 1241, 1240, 1227, 1228, 1242, 1241, 1228, 1229, 1243, 1242, 1229, 142, 143, 1243, 159, 1230, 160, 144, 1230, 1231, 161, 160, 1231, 1232, 162, 161, 1232, 1233, 163, 162, 1233, 1234, 164, 163, 1234, 1235, 165, 164, 1235, 1236, 166, 165, 1236, 1237, 167, 166, 1237, 1238, 168, 167, 1238, 1239, 169, 168, 1239, 1240, 170, 169, 1240, 1241, 171, 170, 1241, 1242, 172, 171, 1242, 1243, 173, 172, 1243, 143, 5, 173, 8, 11, 146, 174, 174, 146, 147, 175, 175, 147, 148, 176, 176, 148, 149, 177, 177, 149, 150, 178, 178, 150, 151, 179, 179, 151, 152, 180, 180, 152, 153, 181, 181, 153, 154, 182, 182, 154, 155, 183, 183, 155, 156, 184, 184, 156, 157, 185, 185, 157, 158, 186, 186, 158, 159, 187, 187, 159, 144, 145, 8, 174, 1244, 204, 174, 175, 1245, 1244, 175, 176, 1246, 1245, 176, 177, 1247, 1246, 177, 178, 1248, 1247, 178, 179, 1249, 1248, 179, 180, 1250, 1249, 180, 181, 1251, 1250, 181, 182, 1252, 1251, 182, 183, 1253, 1252, 183, 184, 1254, 1253, 184, 185, 1255, 1254, 185, 186, 1256, 1255, 186, 187, 1257, 1256, 187, 145, 188, 1257, 204, 1244, 1258, 205, 1244, 1245, 1259, 1258, 1245, 1246, 1260, 1259, 1246, 1247, 1261, 1260, 1247, 1248, 1262, 1261, 1248, 1249, 1263, 1262, 1249, 1250, 1264, 1263, 1250, 1251, 1265, 1264, 1251, 1252, 1266, 1265, 1252, 1253, 1267, 1266, 1253, 1254, 1268, 1267, 1254, 1255, 1269, 1268, 1255, 1256, 1270, 1269, 1256, 1257, 1271, 1270, 1257, 188, 189, 1271, 205, 1258, 1272, 206, 1258, 1259, 1273, 1272, 1259, 1260, 1274, 1273, 1260, 1261, 1275, 1274, 1261, 1262, 1276, 1275, 1262, 1263, 1277, 1276, 1263, 1264, 1278, 1277, 1264, 1265, 1279, 1278, 1265, 1266, 1280, 1279, 1266, 1267, 1281, 1280, 1267, 1268, 1282, 1281, 1268, 1269, 1283, 1282, 1269, 1270, 1284, 1283, 1270, 1271, 1285, 1284, 1271, 189, 190, 1285, 206, 1272, 1286, 207, 1272, 1273, 1287, 1286, 1273, 1274, 1288, 1287, 1274, 1275, 1289, 1288, 1275, 1276, 1290, 1289, 1276, 1277, 1291, 1290, 1277, 1278, 1292, 1291, 1278, 1279, 1293, 1292, 1279, 1280, 1294, 1293, 1280, 1281, 1295, 1294, 1281, 1282, 1296, 1295, 1282, 1283, 1297, 1296, 1283, 1284, 1298, 1297, 1284, 1285, 1299, 1298, 1285, 190, 191, 1299, 207, 1286, 1300, 208, 1286, 1287, 1301, 1300, 1287, 1288, 1302, 1301, 1288, 1289, 1303, 1302, 1289, 1290, 1304, 1303, 1290, 1291, 1305, 1304, 1291, 1292, 1306, 1305, 1292, 1293, 1307, 1306, 1293, 1294, 1308, 1307, 1294, 1295, 1309, 1308, 1295, 1296, 1310, 1309, 1296, 1297, 1311, 1310, 1297, 1298, 1312, 1311, 1298, 1299, 1313, 1312, 1299, 191, 192, 1313, 208, 1300, 1314, 209, 1300, 1301, 1315, 1314, 1301, 1302, 1316, 1315, 1302, 1303, 1317, 1316, 1303, 1304, 1318, 1317, 1304, 1305, 1319, 1318, 1305, 1306, 1320, 1319, 1306, 1307, 1321, 1320, 1307, 1308, 1322, 1321, 1308, 1309, 1323, 1322, 1309, 1310, 1324, 1323, 1310, 1311, 1325, 1324, 1311, 1312, 1326, 1325, 1312, 1313, 1327, 1326, 1313, 192, 193, 1327, 209, 1314, 1328, 210, 1314, 1315, 1329, 1328, 1315, 1316, 1330, 1329, 1316, 1317, 1331, 1330, 1317, 1318, 1332, 1331, 1318, 1319, 1333, 1332, 1319, 1320, 1334, 1333, 1320, 1321, 1335, 1334, 1321, 1322, 1336, 1335, 1322, 1323, 1337, 1336, 1323, 1324, 1338, 1337, 1324, 1325, 1339, 1338, 1325, 1326, 1340, 1339, 1326, 1327, 1341, 1340, 1327, 193, 194, 1341, 210, 1328, 1342, 211, 1328, 1329, 1343, 1342, 1329, 1330, 1344, 1343, 1330, 1331, 1345, 1344, 1331, 1332, 1346, 1345, 1332, 1333, 1347, 1346, 1333, 1334, 1348, 1347, 1334, 1335, 1349, 1348, 1335, 1336, 1350, 1349, 1336, 1337, 1351, 1350, 1337, 1338, 1352, 1351, 1338, 1339, 1353, 1352, 1339, 1340, 1354, 1353, 1340, 1341, 1355, 1354, 1341, 194, 195, 1355, 211, 1342, 1356, 212, 1342, 1343, 1357, 1356, 1343, 1344, 1358, 1357, 1344, 1345, 1359, 1358, 1345, 1346, 1360, 1359, 1346, 1347, 1361, 1360, 1347, 1348, 1362, 1361, 1348, 1349, 1363, 1362, 1349, 1350, 1364, 1363, 1350, 1351, 1365, 1364, 1351, 1352, 1366, 1365, 1352, 1353, 1367, 1366, 1353, 1354, 1368, 1367, 1354, 1355, 1369, 1368, 1355, 195, 196, 1369, 212, 1356, 1370, 213, 1356, 1357, 1371, 1370, 1357, 1358, 1372, 1371, 1358, 1359, 1373, 1372, 1359, 1360, 1374, 1373, 1360, 1361, 1375, 1374, 1361, 1362, 1376, 1375, 1362, 1363, 1377, 1376, 1363, 1364, 1378, 1377, 1364, 1365, 1379, 1378, 1365, 1366, 1380, 1379, 1366, 1367, 1381, 1380, 1367, 1368, 1382, 1381, 1368, 1369, 1383, 1382, 1369, 196, 197, 1383, 213, 1370, 1384, 214, 1370, 1371, 1385, 1384, 1371, 1372, 1386, 1385, 1372, 1373, 1387, 1386, 1373, 1374, 1388, 1387, 1374, 1375, 1389, 1388, 1375, 1376, 1390, 1389, 1376, 1377, 1391, 1390, 1377, 1378, 1392, 1391, 1378, 1379, 1393, 1392, 1379, 1380, 1394, 1393, 1380, 1381, 1395, 1394, 1381, 1382, 1396, 1395, 1382, 1383, 1397, 1396, 1383, 197, 198, 1397, 214, 1384, 1398, 215, 1384, 1385, 1399, 1398, 1385, 1386, 1400, 1399, 1386, 1387, 1401, 1400, 1387, 1388, 1402, 1401, 1388, 1389, 1403, 1402, 1389, 1390, 1404, 1403, 1390, 1391, 1405, 1404, 1391, 1392, 1406, 1405, 1392, 1393, 1407, 1406, 1393, 1394, 1408, 1407, 1394, 1395, 1409, 1408, 1395, 1396, 1410, 1409, 1396, 1397, 1411, 1410, 1397, 198, 199, 1411, 215, 1398, 1412, 216, 1398, 1399, 1413, 1412, 1399, 1400, 1414, 1413, 1400, 1401, 1415, 1414, 1401, 1402, 1416, 1415, 1402, 1403, 1417, 1416, 1403, 1404, 1418, 1417, 1404, 1405, 1419, 1418, 1405, 1406, 1420, 1419, 1406, 1407, 1421, 1420, 1407, 1408, 1422, 1421, 1408, 1409, 1423, 1422, 1409, 1410, 1424, 1423, 1410, 1411, 1425, 1424, 1411, 199, 200, 1425, 216, 1412, 1426, 217, 1412, 1413, 1427, 1426, 1413, 1414, 1428, 1427, 1414, 1415, 1429, 1428, 1415, 1416, 1430, 1429, 1416, 1417, 1431, 1430, 1417, 1418, 1432, 1431, 1418, 1419, 1433, 1432, 1419, 1420, 1434, 1433, 1420, 1421, 1435, 1434, 1421, 1422, 1436, 1435, 1422, 1423, 1437, 1436, 1423, 1424, 1438, 1437, 1424, 1425, 1439, 1438, 1425, 200, 201, 1439, 217, 1426, 218, 202, 1426, 1427, 219, 218, 1427, 1428, 220, 219, 1428, 1429, 221, 220, 1429, 1430, 222, 221, 1430, 1431, 223, 222, 1431, 1432, 224, 223, 1432, 1433, 225, 224, 1433, 1434, 226, 225, 1434, 1435, 227, 226, 1435, 1436, 228, 227, 1436, 1437, 229, 228, 1437, 1438, 230, 229, 1438, 1439, 231, 230, 1439, 201, 1, 231, 9, 8, 204, 232, 232, 204, 205, 233, 233, 205, 206, 234, 234, 206, 207, 235, 235, 207, 208, 236, 236, 208, 209, 237, 237, 209, 210, 238, 238, 210, 211, 239, 239, 211, 212, 240, 240, 212, 213, 241, 241, 213, 214, 242, 242, 214, 215, 243, 243, 215, 216, 244, 244, 216, 217, 245, 245, 217, 202, 203, 14, 13, 261, 275, 275, 261, 262, 276, 276, 262, 263, 277, 277, 263, 264, 278, 278, 264, 265, 279, 279, 265, 266, 280, 280, 266, 267, 281, 281, 267, 268, 282, 282, 268, 269, 283, 283, 269, 270, 284, 284, 270, 271, 285, 285, 271, 272, 286, 286, 272, 273, 287, 287, 273, 274, 288, 288, 274, 2, 260, 14, 275, 1440, 303, 275, 276, 1441, 1440, 276, 277, 1442, 1441, 277, 278, 1443, 1442, 278, 279, 1444, 1443, 279, 280, 1445, 1444, 280, 281, 1446, 1445, 281, 282, 1447, 1446, 282, 283, 1448, 1447, 283, 284, 1449, 1448, 284, 285, 1450, 1449, 285, 286, 1451, 1450, 286, 287, 1452, 1451, 287, 288, 1453, 1452, 288, 260, 289, 1453, 303, 1440, 1454, 304, 1440, 1441, 1455, 1454, 1441, 1442, 1456, 1455, 1442, 1443, 1457, 1456, 1443, 1444, 1458, 1457, 1444, 1445, 1459, 1458, 1445, 1446, 1460, 1459, 1446, 1447, 1461, 1460, 1447, 1448, 1462, 1461, 1448, 1449, 1463, 1462, 1449, 1450, 1464, 1463, 1450, 1451, 1465, 1464, 1451, 1452, 1466, 1465, 1452, 1453, 1467, 1466, 1453, 289, 290, 1467, 304, 1454, 1468, 305, 1454, 1455, 1469, 1468, 1455, 1456, 1470, 1469, 1456, 1457, 1471, 1470, 1457, 1458, 1472, 1471, 1458, 1459, 1473, 1472, 1459, 1460, 1474, 1473, 1460, 1461, 1475, 1474, 1461, 1462, 1476, 1475, 1462, 1463, 1477, 1476, 1463, 1464, 1478, 1477, 1464, 1465, 1479, 1478, 1465, 1466, 1480, 1479, 1466, 1467, 1481, 1480, 1467, 290, 291, 1481, 305, 1468, 1482, 306, 1468, 1469, 1483, 1482, 1469, 1470, 1484, 1483, 1470, 1471, 1485, 1484, 1471, 1472, 1486, 1485, 1472, 1473, 1487, 1486, 1473, 1474, 1488, 1487, 1474, 1475, 1489, 1488, 1475, 1476, 1490, 1489, 1476, 1477, 1491, 1490, 1477, 1478, 1492, 1491, 1478, 1479, 1493, 1492, 1479, 1480, 1494, 1493, 1480, 1481, 1495, 1494, 1481, 291, 292, 1495, 306, 1482, 1496, 307, 1482, 1483, 1497, 1496, 1483, 1484, 1498, 1497, 1484, 1485, 1499, 1498, 1485, 1486, 1500, 1499, 1486, 1487, 1501, 1500, 1487, 1488, 1502, 1501, 1488, 1489, 1503, 1502, 1489, 1490, 1504, 1503, 1490, 1491, 1505, 1504, 1491, 1492, 1506, 1505, 1492, 1493, 1507, 1506, 1493, 1494, 1508, 1507, 1494, 1495, 1509, 1508, 1495, 292, 293, 1509, 307, 1496, 1510, 308, 1496, 1497, 1511, 1510, 1497, 1498, 1512, 1511, 1498, 1499, 1513, 1512, 1499, 1500, 1514, 1513, 1500, 1501, 1515, 1514, 1501, 1502, 1516, 1515, 1502, 1503, 1517, 1516, 1503, 1504, 1518, 1517, 1504, 1505, 1519, 1518, 1505, 1506, 1520, 1519, 1506, 1507, 1521, 1520, 1507, 1508, 1522, 1521, 1508, 1509, 1523, 1522, 1509, 293, 294, 1523, 308, 1510, 1524, 309, 1510, 1511, 1525, 1524, 1511, 1512, 1526, 1525, 1512, 1513, 1527, 1526, 1513, 1514, 1528, 1527, 1514, 1515, 1529, 1528, 1515, 1516, 1530, 1529, 1516, 1517, 1531, 1530, 1517, 1518, 1532, 1531, 1518, 1519, 1533, 1532, 1519, 1520, 1534, 1533, 1520, 1521, 1535, 1534, 1521, 1522, 1536, 1535, 1522, 1523, 1537, 1536, 1523, 294, 295, 1537, 309, 1524, 1538, 310, 1524, 1525, 1539, 1538, 1525, 1526, 1540, 1539, 1526, 1527, 1541, 1540, 1527, 1528, 1542, 1541, 1528, 1529, 1543, 1542, 1529, 1530, 1544, 1543, 1530, 1531, 1545, 1544, 1531, 1532, 1546, 1545, 1532, 1533, 1547, 1546, 1533, 1534, 1548, 1547, 1534, 1535, 1549, 1548, 1535, 1536, 1550, 1549, 1536, 1537, 1551, 1550, 1537, 295, 296, 1551, 310, 1538, 1552, 311, 1538, 1539, 1553, 1552, 1539, 1540, 1554, 1553, 1540, 1541, 1555, 1554, 1541, 1542, 1556, 1555, 1542, 1543, 1557, 1556, 1543, 1544, 1558, 1557, 1544, 1545, 1559, 1558, 1545, 1546, 1560, 1559, 1546, 1547, 1561, 1560, 1547, 1548, 1562, 1561, 1548, 1549, 1563, 1562, 1549, 1550, 1564, 1563, 1550, 1551, 1565, 1564, 1551, 296, 297, 1565, 311, 1552, 1566, 312, 1552, 1553, 1567, 1566, 1553, 1554, 1568, 1567, 1554, 1555, 1569, 1568, 1555, 1556, 1570, 1569, 1556, 1557, 1571, 1570, 1557, 1558, 1572, 1571, 1558, 1559, 1573, 1572, 1559, 1560, 1574, 1573, 1560, 1561, 1575, 1574, 1561, 1562, 1576, 1575, 1562, 1563, 1577, 1576, 1563, 1564, 1578, 1577, 1564, 1565, 1579, 1578, 1565, 297, 298, 1579, 312, 1566, 1580, 313, 1566, 1567, 1581, 1580, 1567, 1568, 1582, 1581, 1568, 1569, 1583, 1582, 1569, 1570, 1584, 1583, 1570, 1571, 1585, 1584, 1571, 1572, 1586, 1585, 1572, 1573, 1587, 1586, 1573, 1574, 1588, 1587, 1574, 1575, 1589, 1588, 1575, 1576, 1590, 1589, 1576, 1577, 1591, 1590, 1577, 1578, 1592, 1591, 1578, 1579, 1593, 1592, 1579, 298, 299, 1593, 313, 1580, 1594, 314, 1580, 1581, 1595, 1594, 1581, 1582, 1596, 1595, 1582, 1583, 1597, 1596, 1583, 1584, 1598, 1597, 1584, 1585, 1599, 1598, 1585, 1586, 1600, 1599, 1586, 1587, 1601, 1600, 1587, 1588, 1602, 1601, 1588, 1589, 1603, 1602, 1589, 1590, 1604, 1603, 1590, 1591, 1605, 1604, 1591, 1592, 1606, 1605, 1592, 1593, 1607, 1606, 1593, 299, 300, 1607, 314, 1594, 1608, 315, 1594, 1595, 1609, 1608, 1595, 1596, 1610, 1609, 1596, 1597, 1611, 1610, 1597, 1598, 1612, 1611, 1598, 1599, 1613, 1612, 1599, 1600, 1614, 1613, 1600, 1601, 1615, 1614, 1601, 1602, 1616, 1615, 1602, 1603, 1617, 1616, 1603, 1604, 1618, 1617, 1604, 1605, 1619, 1618, 1605, 1606, 1620, 1619, 1606, 1607, 1621, 1620, 1607, 300, 301, 1621, 315, 1608, 1622, 316, 1608, 1609, 1623, 1622, 1609, 1610, 1624, 1623, 1610, 1611, 1625, 1624, 1611, 1612, 1626, 1625, 1612, 1613, 1627, 1626, 1613, 1614, 1628, 1627, 1614, 1615, 1629, 1628, 1615, 1616, 1630, 1629, 1616, 1617, 1631, 1630, 1617, 1618, 1632, 1631, 1618, 1619, 1633, 1632, 1619, 1620, 1634, 1633, 1620, 1621, 1635, 1634, 1621, 301, 302, 1635, 316, 1622, 188, 145, 1622, 1623, 189, 188, 1623, 1624, 190, 189, 1624, 1625, 191, 190, 1625, 1626, 192, 191, 1626, 1627, 193, 192, 1627, 1628, 194, 193, 1628, 1629, 195, 194, 1629, 1630, 196, 195, 1630, 1631, 197, 196, 1631, 1632, 198, 197, 1632, 1633, 199, 198, 1633, 1634, 200, 199, 1634, 1635, 201, 200, 1635, 302, 1, 201, 15, 14, 303, 317, 317, 303, 304, 318, 318, 304, 305, 319, 319, 305, 306, 320, 320, 306, 307, 321, 321, 307, 308, 322, 322, 308, 309, 323, 323, 309, 310, 324, 324, 310, 311, 325, 325, 311, 312, 326, 326, 312, 313, 327, 327, 313, 314, 328, 328, 314, 315, 329, 329, 315, 316, 330, 330, 316, 145, 144, 15, 317, 1636, 332, 317, 318, 1637, 1636, 318, 319, 1638, 1637, 319, 320, 1639, 1638, 320, 321, 1640, 1639, 321, 322, 1641, 1640, 322, 323, 1642, 1641, 323, 324, 1643, 1642, 324, 325, 1644, 1643, 325, 326, 1645, 1644, 326, 327, 1646, 1645, 327, 328, 1647, 1646, 328, 329, 1648, 1647, 329, 330, 1649, 1648, 330, 144, 160, 1649, 332, 1636, 1650, 333, 1636, 1637, 1651, 1650, 1637, 1638, 1652, 1651, 1638, 1639, 1653, 1652, 1639, 1640, 1654, 1653, 1640, 1641, 1655, 1654, 1641, 1642, 1656, 1655, 1642, 1643, 1657, 1656, 1643, 1644, 1658, 1657, 1644, 1645, 1659, 1658, 1645, 1646, 1660, 1659, 1646, 1647, 1661, 1660, 1647, 1648, 1662, 1661, 1648, 1649, 1663, 1662, 1649, 160, 161, 1663, 333, 1650, 1664, 334, 1650, 1651, 1665, 1664, 1651, 1652, 1666, 1665, 1652, 1653, 1667, 1666, 1653, 1654, 1668, 1667, 1654, 1655, 1669, 1668, 1655, 1656, 1670, 1669, 1656, 1657, 1671, 1670, 1657, 1658, 1672, 1671, 1658, 1659, 1673, 1672, 1659, 1660, 1674, 1673, 1660, 1661, 1675, 1674, 1661, 1662, 1676, 1675, 1662, 1663, 1677, 1676, 1663, 161, 162, 1677, 334, 1664, 1678, 335, 1664, 1665, 1679, 1678, 1665, 1666, 1680, 1679, 1666, 1667, 1681, 1680, 1667, 1668, 1682, 1681, 1668, 1669, 1683, 1682, 1669, 1670, 1684, 1683, 1670, 1671, 1685, 1684, 1671, 1672, 1686, 1685, 1672, 1673, 1687, 1686, 1673, 1674, 1688, 1687, 1674, 1675, 1689, 1688, 1675, 1676, 1690, 1689, 1676, 1677, 1691, 1690, 1677, 162, 163, 1691, 335, 1678, 1692, 336, 1678, 1679, 1693, 1692, 1679, 1680, 1694, 1693, 1680, 1681, 1695, 1694, 1681, 1682, 1696, 1695, 1682, 1683, 1697, 1696, 1683, 1684, 1698, 1697, 1684, 1685, 1699, 1698, 1685, 1686, 1700, 1699, 1686, 1687, 1701, 1700, 1687, 1688, 1702, 1701, 1688, 1689, 1703, 1702, 1689, 1690, 1704, 1703, 1690, 1691, 1705, 1704, 1691, 163, 164, 1705, 336, 1692, 1706, 337, 1692, 1693, 1707, 1706, 1693, 1694, 1708, 1707, 1694, 1695, 1709, 1708, 1695, 1696, 1710, 1709, 1696, 1697, 1711, 1710, 1697, 1698, 1712, 1711, 1698, 1699, 1713, 1712, 1699, 1700, 1714, 1713, 1700, 1701, 1715, 1714, 1701, 1702, 1716, 1715, 1702, 1703, 1717, 1716, 1703, 1704, 1718, 1717, 1704, 1705, 1719, 1718, 1705, 164, 165, 1719, 337, 1706, 1720, 338, 1706, 1707, 1721, 1720, 1707, 1708, 1722, 1721, 1708, 1709, 1723, 1722, 1709, 1710, 1724, 1723, 1710, 1711, 1725, 1724, 1711, 1712, 1726, 1725, 1712, 1713, 1727, 1726, 1713, 1714, 1728, 1727, 1714, 1715, 1729, 1728, 1715, 1716, 1730, 1729, 1716, 1717, 1731, 1730, 1717, 1718, 1732, 1731, 1718, 1719, 1733, 1732, 1719, 165, 166, 1733, 338, 1720, 1734, 339, 1720, 1721, 1735, 1734, 1721, 1722, 1736, 1735, 1722, 1723, 1737, 1736, 1723, 1724, 1738, 1737, 1724, 1725, 1739, 1738, 1725, 1726, 1740, 1739, 1726, 1727, 1741, 1740, 1727, 1728, 1742, 1741, 1728, 1729, 1743, 1742, 1729, 1730, 1744, 1743, 1730, 1731, 1745, 1744, 1731, 1732, 1746, 1745, 1732, 1733, 1747, 1746, 1733, 166, 167, 1747, 339, 1734, 1748, 340, 1734, 1735, 1749, 1748, 1735, 1736, 1750, 1749, 1736, 1737, 1751, 1750, 1737, 1738, 1752, 1751, 1738, 1739, 1753, 1752, 1739, 1740, 1754, 1753, 1740, 1741, 1755, 1754, 1741, 1742, 1756, 1755, 1742, 1743, 1757, 1756, 1743, 1744, 1758, 1757, 1744, 1745, 1759, 1758, 1745, 1746, 1760, 1759, 1746, 1747, 1761, 1760, 1747, 167, 168, 1761, 340, 1748, 1762, 341, 1748, 1749, 1763, 1762, 1749, 1750, 1764, 1763, 1750, 1751, 1765, 1764, 1751, 1752, 1766, 1765, 1752, 1753, 1767, 1766, 1753, 1754, 1768, 1767, 1754, 1755, 1769, 1768, 1755, 1756, 1770, 1769, 1756, 1757, 1771, 1770, 1757, 1758, 1772, 1771, 1758, 1759, 1773, 1772, 1759, 1760, 1774, 1773, 1760, 1761, 1775, 1774, 1761, 168, 169, 1775, 341, 1762, 1776, 342, 1762, 1763, 1777, 1776, 1763, 1764, 1778, 1777, 1764, 1765, 1779, 1778, 1765, 1766, 1780, 1779, 1766, 1767, 1781, 1780, 1767, 1768, 1782, 1781, 1768, 1769, 1783, 1782, 1769, 1770, 1784, 1783, 1770, 1771, 1785, 1784, 1771, 1772, 1786, 1785, 1772, 1773, 1787, 1786, 1773, 1774, 1788, 1787, 1774, 1775, 1789, 1788, 1775, 169, 170, 1789, 342, 1776, 1790, 343, 1776, 1777, 1791, 1790, 1777, 1778, 1792, 1791, 1778, 1779, 1793, 1792, 1779, 1780, 1794, 1793, 1780, 1781, 1795, 1794, 1781, 1782, 1796, 1795, 1782, 1783, 1797, 1796, 1783, 1784, 1798, 1797, 1784, 1785, 1799, 1798, 1785, 1786, 1800, 1799, 1786, 1787, 1801, 1800, 1787, 1788, 1802, 1801, 1788, 1789, 1803, 1802, 1789, 170, 171, 1803, 343, 1790, 1804, 344, 1790, 1791, 1805, 1804, 1791, 1792, 1806, 1805, 1792, 1793, 1807, 1806, 1793, 1794, 1808, 1807, 1794, 1795, 1809, 1808, 1795, 1796, 1810, 1809, 1796, 1797, 1811, 1810, 1797, 1798, 1812, 1811, 1798, 1799, 1813, 1812, 1799, 1800, 1814, 1813, 1800, 1801, 1815, 1814, 1801, 1802, 1816, 1815, 1802, 1803, 1817, 1816, 1803, 171, 172, 1817, 344, 1804, 1818, 345, 1804, 1805, 1819, 1818, 1805, 1806, 1820, 1819, 1806, 1807, 1821, 1820, 1807, 1808, 1822, 1821, 1808, 1809, 1823, 1822, 1809, 1810, 1824, 1823, 1810, 1811, 1825, 1824, 1811, 1812, 1826, 1825, 1812, 1813, 1827, 1826, 1813, 1814, 1828, 1827, 1814, 1815, 1829, 1828, 1815, 1816, 1830, 1829, 1816, 1817, 1831, 1830, 1817, 172, 173, 1831, 345, 1818, 346, 331, 1818, 1819, 347, 346, 1819, 1820, 348, 347, 1820, 1821, 349, 348, 1821, 1822, 350, 349, 1822, 1823, 351, 350, 1823, 1824, 352, 351, 1824, 1825, 353, 352, 1825, 1826, 354, 353, 1826, 1827, 355, 354, 1827, 1828, 356, 355, 1828, 1829, 357, 356, 1829, 1830, 358, 357, 1830, 1831, 359, 358, 1831, 173, 5, 359, 16, 15, 332, 360, 360, 332, 333, 361, 361, 333, 334, 362, 362, 334, 335, 363, 363, 335, 336, 364, 364, 336, 337, 365, 365, 337, 338, 366, 366, 338, 339, 367, 367, 339, 340, 368, 368, 340, 341, 369, 369, 341, 342, 370, 370, 342, 343, 371, 371, 343, 344, 372, 372, 344, 345, 373, 373, 345, 331, 6, 18, 17, 374, 388, 388, 374, 375, 389, 389, 375, 376, 390, 390, 376, 377, 391, 391, 377, 378, 392, 392, 378, 379, 393, 393, 379, 380, 394, 394, 380, 381, 395, 395, 381, 382, 396, 396, 382, 383, 397, 397, 383, 384, 398, 398, 384, 385, 399, 399, 385, 386, 400, 400, 386, 387, 401, 401, 387, 6, 331, 18, 388, 1832, 402, 388, 389, 1833, 1832, 389, 390, 1834, 1833, 390, 391, 1835, 1834, 391, 392, 1836, 1835, 392, 393, 1837, 1836, 393, 394, 1838, 1837, 394, 395, 1839, 1838, 395, 396, 1840, 1839, 396, 397, 1841, 1840, 397, 398, 1842, 1841, 398, 399, 1843, 1842, 399, 400, 1844, 1843, 400, 401, 1845, 1844, 401, 331, 346, 1845, 402, 1832, 1846, 403, 1832, 1833, 1847, 1846, 1833, 1834, 1848, 1847, 1834, 1835, 1849, 1848, 1835, 1836, 1850, 1849, 1836, 1837, 1851, 1850, 1837, 1838, 1852, 1851, 1838, 1839, 1853, 1852, 1839, 1840, 1854, 1853, 1840, 1841, 1855, 1854, 1841, 1842, 1856, 1855, 1842, 1843, 1857, 1856, 1843, 1844, 1858, 1857, 1844, 1845, 1859, 1858, 1845, 346, 347, 1859, 403, 1846, 1860, 404, 1846, 1847, 1861, 1860, 1847, 1848, 1862, 1861, 1848, 1849, 1863, 1862, 1849, 1850, 1864, 1863, 1850, 1851, 1865, 1864, 1851, 1852, 1866, 1865, 1852, 1853, 1867, 1866, 1853, 1854, 1868, 1867, 1854, 1855, 1869, 1868, 1855, 1856, 1870, 1869, 1856, 1857, 1871, 1870, 1857, 1858, 1872, 1871, 1858, 1859, 1873, 1872, 1859, 347, 348, 1873, 404, 1860, 1874, 405, 1860, 1861, 1875, 1874, 1861, 1862, 1876, 1875, 1862, 1863, 1877, 1876, 1863, 1864, 1878, 1877, 1864, 1865, 1879, 1878, 1865, 1866, 1880, 1879, 1866, 1867, 1881, 1880, 1867, 1868, 1882, 1881, 1868, 1869, 1883, 1882, 1869, 1870, 1884, 1883, 1870, 1871, 1885, 1884, 1871, 1872, 1886, 1885, 1872, 1873, 1887, 1886, 1873, 348, 349, 1887, 405, 1874, 1888, 406, 1874, 1875, 1889, 1888, 1875, 1876, 1890, 1889, 1876, 1877, 1891, 1890, 1877, 1878, 1892, 1891, 1878, 1879, 1893, 1892, 1879, 1880, 1894, 1893, 1880, 1881, 1895, 1894, 1881, 1882, 1896, 1895, 1882, 1883, 1897, 1896, 1883, 1884, 1898, 1897, 1884, 1885, 1899, 1898, 1885, 1886, 1900, 1899, 1886, 1887, 1901, 1900, 1887, 349, 350, 1901, 406, 1888, 1902, 407, 1888, 1889, 1903, 1902, 1889, 1890, 1904, 1903, 1890, 1891, 1905, 1904, 1891, 1892, 1906, 1905, 1892, 1893, 1907, 1906, 1893, 1894, 1908, 1907, 1894, 1895, 1909, 1908, 1895, 1896, 1910, 1909, 1896, 1897, 1911, 1910, 1897, 1898, 1912, 1911, 1898, 1899, 1913, 1912, 1899, 1900, 1914, 1913, 1900, 1901, 1915, 1914, 1901, 350, 351, 1915, 407, 1902, 1916, 408, 1902, 1903, 1917, 1916, 1903, 1904, 1918, 1917, 1904, 1905, 1919, 1918, 1905, 1906, 1920, 1919, 1906, 1907, 1921, 1920, 1907, 1908, 1922, 1921, 1908, 1909, 1923, 1922, 1909, 1910, 1924, 1923, 1910, 1911, 1925, 1924, 1911, 1912, 1926, 1925, 1912, 1913, 1927, 1926, 1913, 1914, 1928, 1927, 1914, 1915, 1929, 1928, 1915, 351, 352, 1929, 408, 1916, 1930, 409, 1916, 1917, 1931, 1930, 1917, 1918, 1932, 1931, 1918, 1919, 1933, 1932, 1919, 1920, 1934, 1933, 1920, 1921, 1935, 1934, 1921, 1922, 1936, 1935, 1922, 1923, 1937, 1936, 1923, 1924, 1938, 1937, 1924, 1925, 1939, 1938, 1925, 1926, 1940, 1939, 1926, 1927, 1941, 1940, 1927, 1928, 1942, 1941, 1928, 1929, 1943, 1942, 1929, 352, 353, 1943, 409, 1930, 1944, 410, 1930, 1931, 1945, 1944, 1931, 1932, 1946, 1945, 1932, 1933, 1947, 1946, 1933, 1934, 1948, 1947, 1934, 1935, 1949, 1948, 1935, 1936, 1950, 1949, 1936, 1937, 1951, 1950, 1937, 1938, 1952, 1951, 1938, 1939, 1953, 1952, 1939, 1940, 1954, 1953, 1940, 1941, 1955, 1954, 1941, 1942, 1956, 1955, 1942, 1943, 1957, 1956, 1943, 353, 354, 1957, 410, 1944, 1958, 411, 1944, 1945, 1959, 1958, 1945, 1946, 1960, 1959, 1946, 1947, 1961, 1960, 1947, 1948, 1962, 1961, 1948, 1949, 1963, 1962, 1949, 1950, 1964, 1963, 1950, 1951, 1965, 1964, 1951, 1952, 1966, 1965, 1952, 1953, 1967, 1966, 1953, 1954, 1968, 1967, 1954, 1955, 1969, 1968, 1955, 1956, 1970, 1969, 1956, 1957, 1971, 1970, 1957, 354, 355, 1971, 411, 1958, 1972, 412, 1958, 1959, 1973, 1972, 1959, 1960, 1974, 1973, 1960, 1961, 1975, 1974, 1961, 1962, 1976, 1975, 1962, 1963, 1977, 1976, 1963, 1964, 1978, 1977, 1964, 1965, 1979, 1978, 1965, 1966, 1980, 1979, 1966, 1967, 1981, 1980, 1967, 1968, 1982, 1981, 1968, 1969, 1983, 1982, 1969, 1970, 1984, 1983, 1970, 1971, 1985, 1984, 1971, 355, 356, 1985, 412, 1972, 1986, 413, 1972, 1973, 1987, 1986, 1973, 1974, 1988, 1987, 1974, 1975, 1989, 1988, 1975, 1976, 1990, 1989, 1976, 1977, 1991, 1990, 1977, 1978, 1992, 1991, 1978, 1979, 1993, 1992, 1979, 1980, 1994, 1993, 1980, 1981, 1995, 1994, 1981, 1982, 1996, 1995, 1982, 1983, 1997, 1996, 1983, 1984, 1998, 1997, 1984, 1985, 1999, 1998, 1985, 356, 357, 1999, 413, 1986, 2000, 414, 1986, 1987, 2001, 2000, 1987, 1988, 2002, 2001, 1988, 1989, 2003, 2002, 1989, 1990, 2004, 2003, 1990, 1991, 2005, 2004, 1991, 1992, 2006, 2005, 1992, 1993, 2007, 2006, 1993, 1994, 2008, 2007, 1994, 1995, 2009, 2008, 1995, 1996, 2010, 2009, 1996, 1997, 2011, 2010, 1997, 1998, 2012, 2011, 1998, 1999, 2013, 2012, 1999, 357, 358, 2013, 414, 2000, 2014, 415, 2000, 2001, 2015, 2014, 2001, 2002, 2016, 2015, 2002, 2003, 2017, 2016, 2003, 2004, 2018, 2017, 2004, 2005, 2019, 2018, 2005, 2006, 2020, 2019, 2006, 2007, 2021, 2020, 2007, 2008, 2022, 2021, 2008, 2009, 2023, 2022, 2009, 2010, 2024, 2023, 2010, 2011, 2025, 2024, 2011, 2012, 2026, 2025, 2012, 2013, 2027, 2026, 2013, 358, 359, 2027, 415, 2014, 130, 87, 2014, 2015, 131, 130, 2015, 2016, 132, 131, 2016, 2017, 133, 132, 2017, 2018, 134, 133, 2018, 2019, 135, 134, 2019, 2020, 136, 135, 2020, 2021, 137, 136, 2021, 2022, 138, 137, 2022, 2023, 139, 138, 2023, 2024, 140, 139, 2024, 2025, 141, 140, 2025, 2026, 142, 141, 2026, 2027, 143, 142, 2027, 359, 5, 143, 19, 18, 402, 416, 416, 402, 403, 417, 417, 403, 404, 418, 418, 404, 405, 419, 419, 405, 406, 420, 420, 406, 407, 421, 421, 407, 408, 422, 422, 408, 409, 423, 423, 409, 410, 424, 424, 410, 411, 425, 425, 411, 412, 426, 426, 412, 413, 427, 427, 413, 414, 428, 428, 414, 415, 429, 429, 415, 87, 86, 19, 416, 2028, 431, 416, 417, 2029, 2028, 417, 418, 2030, 2029, 418, 419, 2031, 2030, 419, 420, 2032, 2031, 420, 421, 2033, 2032, 421, 422, 2034, 2033, 422, 423, 2035, 2034, 423, 424, 2036, 2035, 424, 425, 2037, 2036, 425, 426, 2038, 2037, 426, 427, 2039, 2038, 427, 428, 2040, 2039, 428, 429, 2041, 2040, 429, 86, 102, 2041, 431, 2028, 2042, 432, 2028, 2029, 2043, 2042, 2029, 2030, 2044, 2043, 2030, 2031, 2045, 2044, 2031, 2032, 2046, 2045, 2032, 2033, 2047, 2046, 2033, 2034, 2048, 2047, 2034, 2035, 2049, 2048, 2035, 2036, 2050, 2049, 2036, 2037, 2051, 2050, 2037, 2038, 2052, 2051, 2038, 2039, 2053, 2052, 2039, 2040, 2054, 2053, 2040, 2041, 2055, 2054, 2041, 102, 103, 2055, 432, 2042, 2056, 433, 2042, 2043, 2057, 2056, 2043, 2044, 2058, 2057, 2044, 2045, 2059, 2058, 2045, 2046, 2060, 2059, 2046, 2047, 2061, 2060, 2047, 2048, 2062, 2061, 2048, 2049, 2063, 2062, 2049, 2050, 2064, 2063, 2050, 2051, 2065, 2064, 2051, 2052, 2066, 2065, 2052, 2053, 2067, 2066, 2053, 2054, 2068, 2067, 2054, 2055, 2069, 2068, 2055, 103, 104, 2069, 433, 2056, 2070, 434, 2056, 2057, 2071, 2070, 2057, 2058, 2072, 2071, 2058, 2059, 2073, 2072, 2059, 2060, 2074, 2073, 2060, 2061, 2075, 2074, 2061, 2062, 2076, 2075, 2062, 2063, 2077, 2076, 2063, 2064, 2078, 2077, 2064, 2065, 2079, 2078, 2065, 2066, 2080, 2079, 2066, 2067, 2081, 2080, 2067, 2068, 2082, 2081, 2068, 2069, 2083, 2082, 2069, 104, 105, 2083, 434, 2070, 2084, 435, 2070, 2071, 2085, 2084, 2071, 2072, 2086, 2085, 2072, 2073, 2087, 2086, 2073, 2074, 2088, 2087, 2074, 2075, 2089, 2088, 2075, 2076, 2090, 2089, 2076, 2077, 2091, 2090, 2077, 2078, 2092, 2091, 2078, 2079, 2093, 2092, 2079, 2080, 2094, 2093, 2080, 2081, 2095, 2094, 2081, 2082, 2096, 2095, 2082, 2083, 2097, 2096, 2083, 105, 106, 2097, 435, 2084, 2098, 436, 2084, 2085, 2099, 2098, 2085, 2086, 2100, 2099, 2086, 2087, 2101, 2100, 2087, 2088, 2102, 2101, 2088, 2089, 2103, 2102, 2089, 2090, 2104, 2103, 2090, 2091, 2105, 2104, 2091, 2092, 2106, 2105, 2092, 2093, 2107, 2106, 2093, 2094, 2108, 2107, 2094, 2095, 2109, 2108, 2095, 2096, 2110, 2109, 2096, 2097, 2111, 2110, 2097, 106, 107, 2111, 436, 2098, 2112, 437, 2098, 2099, 2113, 2112, 2099, 2100, 2114, 2113, 2100, 2101, 2115, 2114, 2101, 2102, 2116, 2115, 2102, 2103, 2117, 2116, 2103, 2104, 2118, 2117, 2104, 2105, 2119, 2118, 2105, 2106, 2120, 2119, 2106, 2107, 2121, 2120, 2107, 2108, 2122, 2121, 2108, 2109, 2123, 2122, 2109, 2110, 2124, 2123, 2110, 2111, 2125, 2124, 2111, 107, 108, 2125, 437, 2112, 2126, 438, 2112, 2113, 2127, 2126, 2113, 2114, 2128, 2127, 2114, 2115, 2129, 2128, 2115, 2116, 2130, 2129, 2116, 2117, 2131, 2130, 2117, 2118, 2132, 2131, 2118, 2119, 2133, 2132, 2119, 2120, 2134, 2133, 2120, 2121, 2135, 2134, 2121, 2122, 2136, 2135, 2122, 2123, 2137, 2136, 2123, 2124, 2138, 2137, 2124, 2125, 2139, 2138, 2125, 108, 109, 2139, 438, 2126, 2140, 439, 2126, 2127, 2141, 2140, 2127, 2128, 2142, 2141, 2128, 2129, 2143, 2142, 2129, 2130, 2144, 2143, 2130, 2131, 2145, 2144, 2131, 2132, 2146, 2145, 2132, 2133, 2147, 2146, 2133, 2134, 2148, 2147, 2134, 2135, 2149, 2148, 2135, 2136, 2150, 2149, 2136, 2137, 2151, 2150, 2137, 2138, 2152, 2151, 2138, 2139, 2153, 2152, 2139, 109, 110, 2153, 439, 2140, 2154, 440, 2140, 2141, 2155, 2154, 2141, 2142, 2156, 2155, 2142, 2143, 2157, 2156, 2143, 2144, 2158, 2157, 2144, 2145, 2159, 2158, 2145, 2146, 2160, 2159, 2146, 2147, 2161, 2160, 2147, 2148, 2162, 2161, 2148, 2149, 2163, 2162, 2149, 2150, 2164, 2163, 2150, 2151, 2165, 2164, 2151, 2152, 2166, 2165, 2152, 2153, 2167, 2166, 2153, 110, 111, 2167, 440, 2154, 2168, 441, 2154, 2155, 2169, 2168, 2155, 2156, 2170, 2169, 2156, 2157, 2171, 2170, 2157, 2158, 2172, 2171, 2158, 2159, 2173, 2172, 2159, 2160, 2174, 2173, 2160, 2161, 2175, 2174, 2161, 2162, 2176, 2175, 2162, 2163, 2177, 2176, 2163, 2164, 2178, 2177, 2164, 2165, 2179, 2178, 2165, 2166, 2180, 2179, 2166, 2167, 2181, 2180, 2167, 111, 112, 2181, 441, 2168, 2182, 442, 2168, 2169, 2183, 2182, 2169, 2170, 2184, 2183, 2170, 2171, 2185, 2184, 2171, 2172, 2186, 2185, 2172, 2173, 2187, 2186, 2173, 2174, 2188, 2187, 2174, 2175, 2189, 2188, 2175, 2176, 2190, 2189, 2176, 2177, 2191, 2190, 2177, 2178, 2192, 2191, 2178, 2179, 2193, 2192, 2179, 2180, 2194, 2193, 2180, 2181, 2195, 2194, 2181, 112, 113, 2195, 442, 2182, 2196, 443, 2182, 2183, 2197, 2196, 2183, 2184, 2198, 2197, 2184, 2185, 2199, 2198, 2185, 2186, 2200, 2199, 2186, 2187, 2201, 2200, 2187, 2188, 2202, 2201, 2188, 2189, 2203, 2202, 2189, 2190, 2204, 2203, 2190, 2191, 2205, 2204, 2191, 2192, 2206, 2205, 2192, 2193, 2207, 2206, 2193, 2194, 2208, 2207, 2194, 2195, 2209, 2208, 2195, 113, 114, 2209, 443, 2196, 2210, 444, 2196, 2197, 2211, 2210, 2197, 2198, 2212, 2211, 2198, 2199, 2213, 2212, 2199, 2200, 2214, 2213, 2200, 2201, 2215, 2214, 2201, 2202, 2216, 2215, 2202, 2203, 2217, 2216, 2203, 2204, 2218, 2217, 2204, 2205, 2219, 2218, 2205, 2206, 2220, 2219, 2206, 2207, 2221, 2220, 2207, 2208, 2222, 2221, 2208, 2209, 2223, 2222, 2209, 114, 115, 2223, 444, 2210, 445, 430, 2210, 2211, 446, 445, 2211, 2212, 447, 446, 2212, 2213, 448, 447, 2213, 2214, 449, 448, 2214, 2215, 450, 449, 2215, 2216, 451, 450, 2216, 2217, 452, 451, 2217, 2218, 453, 452, 2218, 2219, 454, 453, 2219, 2220, 455, 454, 2220, 2221, 456, 455, 2221, 2222, 457, 456, 2222, 2223, 458, 457, 2223, 115, 4, 458, 20, 19, 431, 459, 459, 431, 432, 460, 460, 432, 433, 461, 461, 433, 434, 462, 462, 434, 435, 463, 463, 435, 436, 464, 464, 436, 437, 465, 465, 437, 438, 466, 466, 438, 439, 467, 467, 439, 440, 468, 468, 440, 441, 469, 469, 441, 442, 470, 470, 442, 443, 471, 471, 443, 444, 472, 472, 444, 430, 7, 22, 21, 473, 487, 487, 473, 474, 488, 488, 474, 475, 489, 489, 475, 476, 490, 490, 476, 477, 491, 491, 477, 478, 492, 492, 478, 479, 493, 493, 479, 480, 494, 494, 480, 481, 495, 495, 481, 482, 496, 496, 482, 483, 497, 497, 483, 484, 498, 498, 484, 485, 499, 499, 485, 486, 500, 500, 486, 7, 430, 22, 487, 2224, 501, 487, 488, 2225, 2224, 488, 489, 2226, 2225, 489, 490, 2227, 2226, 490, 491, 2228, 2227, 491, 492, 2229, 2228, 492, 493, 2230, 2229, 493, 494, 2231, 2230, 494, 495, 2232, 2231, 495, 496, 2233, 2232, 496, 497, 2234, 2233, 497, 498, 2235, 2234, 498, 499, 2236, 2235, 499, 500, 2237, 2236, 500, 430, 445, 2237, 501, 2224, 2238, 502, 2224, 2225, 2239, 2238, 2225, 2226, 2240, 2239, 2226, 2227, 2241, 2240, 2227, 2228, 2242, 2241, 2228, 2229, 2243, 2242, 2229, 2230, 2244, 2243, 2230, 2231, 2245, 2244, 2231, 2232, 2246, 2245, 2232, 2233, 2247, 2246, 2233, 2234, 2248, 2247, 2234, 2235, 2249, 2248, 2235, 2236, 2250, 2249, 2236, 2237, 2251, 2250, 2237, 445, 446, 2251, 502, 2238, 2252, 503, 2238, 2239, 2253, 2252, 2239, 2240, 2254, 2253, 2240, 2241, 2255, 2254, 2241, 2242, 2256, 2255, 2242, 2243, 2257, 2256, 2243, 2244, 2258, 2257, 2244, 2245, 2259, 2258, 2245, 2246, 2260, 2259, 2246, 2247, 2261, 2260, 2247, 2248, 2262, 2261, 2248, 2249, 2263, 2262, 2249, 2250, 2264, 2263, 2250, 2251, 2265, 2264, 2251, 446, 447, 2265, 503, 2252, 2266, 504, 2252, 2253, 2267, 2266, 2253, 2254, 2268, 2267, 2254, 2255, 2269, 2268, 2255, 2256, 2270, 2269, 2256, 2257, 2271, 2270, 2257, 2258, 2272, 2271, 2258, 2259, 2273, 2272, 2259, 2260, 2274, 2273, 2260, 2261, 2275, 2274, 2261, 2262, 2276, 2275, 2262, 2263, 2277, 2276, 2263, 2264, 2278, 2277, 2264, 2265, 2279, 2278, 2265, 447, 448, 2279, 504, 2266, 2280, 505, 2266, 2267, 2281, 2280, 2267, 2268, 2282, 2281, 2268, 2269, 2283, 2282, 2269, 2270, 2284, 2283, 2270, 2271, 2285, 2284, 2271, 2272, 2286, 2285, 2272, 2273, 2287, 2286, 2273, 2274, 2288, 2287, 2274, 2275, 2289, 2288, 2275, 2276, 2290, 2289, 2276, 2277, 2291, 2290, 2277, 2278, 2292, 2291, 2278, 2279, 2293, 2292, 2279, 448, 449, 2293, 505, 2280, 2294, 506, 2280, 2281, 2295, 2294, 2281, 2282, 2296, 2295, 2282, 2283, 2297, 2296, 2283, 2284, 2298, 2297, 2284, 2285, 2299, 2298, 2285, 2286, 2300, 2299, 2286, 2287, 2301, 2300, 2287, 2288, 2302, 2301, 2288, 2289, 2303, 2302, 2289, 2290, 2304, 2303, 2290, 2291, 2305, 2304, 2291, 2292, 2306, 2305, 2292, 2293, 2307, 2306, 2293, 449, 450, 2307, 506, 2294, 2308, 507, 2294, 2295, 2309, 2308, 2295, 2296, 2310, 2309, 2296, 2297, 2311, 2310, 2297, 2298, 2312, 2311, 2298, 2299, 2313, 2312, 2299, 2300, 2314, 2313, 2300, 2301, 2315, 2314, 2301, 2302, 2316, 2315, 2302, 2303, 2317, 2316, 2303, 2304, 2318, 2317, 2304, 2305, 2319, 2318, 2305, 2306, 2320, 2319, 2306, 2307, 2321, 2320, 2307, 450, 451, 2321, 507, 2308, 2322, 508, 2308, 2309, 2323, 2322, 2309, 2310, 2324, 2323, 2310, 2311, 2325, 2324, 2311, 2312, 2326, 2325, 2312, 2313, 2327, 2326, 2313, 2314, 2328, 2327, 2314, 2315, 2329, 2328, 2315, 2316, 2330, 2329, 2316, 2317, 2331, 2330, 2317, 2318, 2332, 2331, 2318, 2319, 2333, 2332, 2319, 2320, 2334, 2333, 2320, 2321, 2335, 2334, 2321, 451, 452, 2335, 508, 2322, 2336, 509, 2322, 2323, 2337, 2336, 2323, 2324, 2338, 2337, 2324, 2325, 2339, 2338, 2325, 2326, 2340, 2339, 2326, 2327, 2341, 2340, 2327, 2328, 2342, 2341, 2328, 2329, 2343, 2342, 2329, 2330, 2344, 2343, 2330, 2331, 2345, 2344, 2331, 2332, 2346, 2345, 2332, 2333, 2347, 2346, 2333, 2334, 2348, 2347, 2334, 2335, 2349, 2348, 2335, 452, 453, 2349, 509, 2336, 2350, 510, 2336, 2337, 2351, 2350, 2337, 2338, 2352, 2351, 2338, 2339, 2353, 2352, 2339, 2340, 2354, 2353, 2340, 2341, 2355, 2354, 2341, 2342, 2356, 2355, 2342, 2343, 2357, 2356, 2343, 2344, 2358, 2357, 2344, 2345, 2359, 2358, 2345, 2346, 2360, 2359, 2346, 2347, 2361, 2360, 2347, 2348, 2362, 2361, 2348, 2349, 2363, 2362, 2349, 453, 454, 2363, 510, 2350, 2364, 511, 2350, 2351, 2365, 2364, 2351, 2352, 2366, 2365, 2352, 2353, 2367, 2366, 2353, 2354, 2368, 2367, 2354, 2355, 2369, 2368, 2355, 2356, 2370, 2369, 2356, 2357, 2371, 2370, 2357, 2358, 2372, 2371, 2358, 2359, 2373, 2372, 2359, 2360, 2374, 2373, 2360, 2361, 2375, 2374, 2361, 2362, 2376, 2375, 2362, 2363, 2377, 2376, 2363, 454, 455, 2377, 511, 2364, 2378, 512, 2364, 2365, 2379, 2378, 2365, 2366, 2380, 2379, 2366, 2367, 2381, 2380, 2367, 2368, 2382, 2381, 2368, 2369, 2383, 2382, 2369, 2370, 2384, 2383, 2370, 2371, 2385, 2384, 2371, 2372, 2386, 2385, 2372, 2373, 2387, 2386, 2373, 2374, 2388, 2387, 2374, 2375, 2389, 2388, 2375, 2376, 2390, 2389, 2376, 2377, 2391, 2390, 2377, 455, 456, 2391, 512, 2378, 2392, 513, 2378, 2379, 2393, 2392, 2379, 2380, 2394, 2393, 2380, 2381, 2395, 2394, 2381, 2382, 2396, 2395, 2382, 2383, 2397, 2396, 2383, 2384, 2398, 2397, 2384, 2385, 2399, 2398, 2385, 2386, 2400, 2399, 2386, 2387, 2401, 2400, 2387, 2388, 2402, 2401, 2388, 2389, 2403, 2402, 2389, 2390, 2404, 2403, 2390, 2391, 2405, 2404, 2391, 456, 457, 2405, 513, 2392, 2406, 514, 2392, 2393, 2407, 2406, 2393, 2394, 2408, 2407, 2394, 2395, 2409, 2408, 2395, 2396, 2410, 2409, 2396, 2397, 2411, 2410, 2397, 2398, 2412, 2411, 2398, 2399, 2413, 2412, 2399, 2400, 2414, 2413, 2400, 2401, 2415, 2414, 2401, 2402, 2416, 2415, 2402, 2403, 2417, 2416, 2403, 2404, 2418, 2417, 2404, 2405, 2419, 2418, 2405, 457, 458, 2419, 514, 2406, 72, 29, 2406, 2407, 73, 72, 2407, 2408, 74, 73, 2408, 2409, 75, 74, 2409, 2410, 76, 75, 2410, 2411, 77, 76, 2411, 2412, 78, 77, 2412, 2413, 79, 78, 2413, 2414, 80, 79, 2414, 2415, 81, 80, 2415, 2416, 82, 81, 2416, 2417, 83, 82, 2417, 2418, 84, 83, 2418, 2419, 85, 84, 2419, 458, 4, 85, 23, 22, 501, 515, 515, 501, 502, 516, 516, 502, 503, 517, 517, 503, 504, 518, 518, 504, 505, 519, 519, 505, 506, 520, 520, 506, 507, 521, 521, 507, 508, 522, 522, 508, 509, 523, 523, 509, 510, 524, 524, 510, 511, 525, 525, 511, 512, 526, 526, 512, 513, 527, 527, 513, 514, 528, 528, 514, 29, 28, 23, 515, 2420, 530, 515, 516, 2421, 2420, 516, 517, 2422, 2421, 517, 518, 2423, 2422, 518, 519, 2424, 2423, 519, 520, 2425, 2424, 520, 521, 2426, 2425, 521, 522, 2427, 2426, 522, 523, 2428, 2427, 523, 524, 2429, 2428, 524, 525, 2430, 2429, 525, 526, 2431, 2430, 526, 527, 2432, 2431, 527, 528, 2433, 2432, 528, 28, 44, 2433, 530, 2420, 2434, 531, 2420, 2421, 2435, 2434, 2421, 2422, 2436, 2435, 2422, 2423, 2437, 2436, 2423, 2424, 2438, 2437, 2424, 2425, 2439, 2438, 2425, 2426, 2440, 2439, 2426, 2427, 2441, 2440, 2427, 2428, 2442, 2441, 2428, 2429, 2443, 2442, 2429, 2430, 2444, 2443, 2430, 2431, 2445, 2444, 2431, 2432, 2446, 2445, 2432, 2433, 2447, 2446, 2433, 44, 45, 2447, 531, 2434, 2448, 532, 2434, 2435, 2449, 2448, 2435, 2436, 2450, 2449, 2436, 2437, 2451, 2450, 2437, 2438, 2452, 2451, 2438, 2439, 2453, 2452, 2439, 2440, 2454, 2453, 2440, 2441, 2455, 2454, 2441, 2442, 2456, 2455, 2442, 2443, 2457, 2456, 2443, 2444, 2458, 2457, 2444, 2445, 2459, 2458, 2445, 2446, 2460, 2459, 2446, 2447, 2461, 2460, 2447, 45, 46, 2461, 532, 2448, 2462, 533, 2448, 2449, 2463, 2462, 2449, 2450, 2464, 2463, 2450, 2451, 2465, 2464, 2451, 2452, 2466, 2465, 2452, 2453, 2467, 2466, 2453, 2454, 2468, 2467, 2454, 2455, 2469, 2468, 2455, 2456, 2470, 2469, 2456, 2457, 2471, 2470, 2457, 2458, 2472, 2471, 2458, 2459, 2473, 2472, 2459, 2460, 2474, 2473, 2460, 2461, 2475, 2474, 2461, 46, 47, 2475, 533, 2462, 2476, 534, 2462, 2463, 2477, 2476, 2463, 2464, 2478, 2477, 2464, 2465, 2479, 2478, 2465, 2466, 2480, 2479, 2466, 2467, 2481, 2480, 2467, 2468, 2482, 2481, 2468, 2469, 2483, 2482, 2469, 2470, 2484, 2483, 2470, 2471, 2485, 2484, 2471, 2472, 2486, 2485, 2472, 2473, 2487, 2486, 2473, 2474, 2488, 2487, 2474, 2475, 2489, 2488, 2475, 47, 48, 2489, 534, 2476, 2490, 535, 2476, 2477, 2491, 2490, 2477, 2478, 2492, 2491, 2478, 2479, 2493, 2492, 2479, 2480, 2494, 2493, 2480, 2481, 2495, 2494, 2481, 2482, 2496, 2495, 2482, 2483, 2497, 2496, 2483, 2484, 2498, 2497, 2484, 2485, 2499, 2498, 2485, 2486, 2500, 2499, 2486, 2487, 2501, 2500, 2487, 2488, 2502, 2501, 2488, 2489, 2503, 2502, 2489, 48, 49, 2503, 535, 2490, 2504, 536, 2490, 2491, 2505, 2504, 2491, 2492, 2506, 2505, 2492, 2493, 2507, 2506, 2493, 2494, 2508, 2507, 2494, 2495, 2509, 2508, 2495, 2496, 2510, 2509, 2496, 2497, 2511, 2510, 2497, 2498, 2512, 2511, 2498, 2499, 2513, 2512, 2499, 2500, 2514, 2513, 2500, 2501, 2515, 2514, 2501, 2502, 2516, 2515, 2502, 2503, 2517, 2516, 2503, 49, 50, 2517, 536, 2504, 2518, 537, 2504, 2505, 2519, 2518, 2505, 2506, 2520, 2519, 2506, 2507, 2521, 2520, 2507, 2508, 2522, 2521, 2508, 2509, 2523, 2522, 2509, 2510, 2524, 2523, 2510, 2511, 2525, 2524, 2511, 2512, 2526, 2525, 2512, 2513, 2527, 2526, 2513, 2514, 2528, 2527, 2514, 2515, 2529, 2528, 2515, 2516, 2530, 2529, 2516, 2517, 2531, 2530, 2517, 50, 51, 2531, 537, 2518, 2532, 538, 2518, 2519, 2533, 2532, 2519, 2520, 2534, 2533, 2520, 2521, 2535, 2534, 2521, 2522, 2536, 2535, 2522, 2523, 2537, 2536, 2523, 2524, 2538, 2537, 2524, 2525, 2539, 2538, 2525, 2526, 2540, 2539, 2526, 2527, 2541, 2540, 2527, 2528, 2542, 2541, 2528, 2529, 2543, 2542, 2529, 2530, 2544, 2543, 2530, 2531, 2545, 2544, 2531, 51, 52, 2545, 538, 2532, 2546, 539, 2532, 2533, 2547, 2546, 2533, 2534, 2548, 2547, 2534, 2535, 2549, 2548, 2535, 2536, 2550, 2549, 2536, 2537, 2551, 2550, 2537, 2538, 2552, 2551, 2538, 2539, 2553, 2552, 2539, 2540, 2554, 2553, 2540, 2541, 2555, 2554, 2541, 2542, 2556, 2555, 2542, 2543, 2557, 2556, 2543, 2544, 2558, 2557, 2544, 2545, 2559, 2558, 2545, 52, 53, 2559, 539, 2546, 2560, 540, 2546, 2547, 2561, 2560, 2547, 2548, 2562, 2561, 2548, 2549, 2563, 2562, 2549, 2550, 2564, 2563, 2550, 2551, 2565, 2564, 2551, 2552, 2566, 2565, 2552, 2553, 2567, 2566, 2553, 2554, 2568, 2567, 2554, 2555, 2569, 2568, 2555, 2556, 2570, 2569, 2556, 2557, 2571, 2570, 2557, 2558, 2572, 2571, 2558, 2559, 2573, 2572, 2559, 53, 54, 2573, 540, 2560, 2574, 541, 2560, 2561, 2575, 2574, 2561, 2562, 2576, 2575, 2562, 2563, 2577, 2576, 2563, 2564, 2578, 2577, 2564, 2565, 2579, 2578, 2565, 2566, 2580, 2579, 2566, 2567, 2581, 2580, 2567, 2568, 2582, 2581, 2568, 2569, 2583, 2582, 2569, 2570, 2584, 2583, 2570, 2571, 2585, 2584, 2571, 2572, 2586, 2585, 2572, 2573, 2587, 2586, 2573, 54, 55, 2587, 541, 2574, 2588, 542, 2574, 2575, 2589, 2588, 2575, 2576, 2590, 2589, 2576, 2577, 2591, 2590, 2577, 2578, 2592, 2591, 2578, 2579, 2593, 2592, 2579, 2580, 2594, 2593, 2580, 2581, 2595, 2594, 2581, 2582, 2596, 2595, 2582, 2583, 2597, 2596, 2583, 2584, 2598, 2597, 2584, 2585, 2599, 2598, 2585, 2586, 2600, 2599, 2586, 2587, 2601, 2600, 2587, 55, 56, 2601, 542, 2588, 2602, 543, 2588, 2589, 2603, 2602, 2589, 2590, 2604, 2603, 2590, 2591, 2605, 2604, 2591, 2592, 2606, 2605, 2592, 2593, 2607, 2606, 2593, 2594, 2608, 2607, 2594, 2595, 2609, 2608, 2595, 2596, 2610, 2609, 2596, 2597, 2611, 2610, 2597, 2598, 2612, 2611, 2598, 2599, 2613, 2612, 2599, 2600, 2614, 2613, 2600, 2601, 2615, 2614, 2601, 56, 57, 2615, 543, 2602, 544, 529, 2602, 2603, 545, 544, 2603, 2604, 546, 545, 2604, 2605, 547, 546, 2605, 2606, 548, 547, 2606, 2607, 549, 548, 2607, 2608, 550, 549, 2608, 2609, 551, 550, 2609, 2610, 552, 551, 2610, 2611, 553, 552, 2611, 2612, 554, 553, 2612, 2613, 555, 554, 2613, 2614, 556, 555, 2614, 2615, 557, 556, 2615, 57, 0, 557, 24, 23, 530, 558, 558, 530, 531, 559, 559, 531, 532, 560, 560, 532, 533, 561, 561, 533, 534, 562, 562, 534, 535, 563, 563, 535, 536, 564, 564, 536, 537, 565, 565, 537, 538, 566, 566, 538, 539, 567, 567, 539, 540, 568, 568, 540, 541, 569, 569, 541, 542, 570, 570, 542, 543, 571, 571, 543, 529, 3, 26, 25, 572, 586, 586, 572, 573, 587, 587, 573, 574, 588, 588, 574, 575, 589, 589, 575, 576, 590, 590, 576, 577, 591, 591, 577, 578, 592, 592, 578, 579, 593, 593, 579, 580, 594, 594, 580, 581, 595, 595, 581, 582, 596, 596, 582, 583, 597, 597, 583, 584, 598, 598, 584, 585, 599, 599, 585, 3, 529, 26, 586, 2616, 600, 586, 587, 2617, 2616, 587, 588, 2618, 2617, 588, 589, 2619, 2618, 589, 590, 2620, 2619, 590, 591, 2621, 2620, 591, 592, 2622, 2621, 592, 593, 2623, 2622, 593, 594, 2624, 2623, 594, 595, 2625, 2624, 595, 596, 2626, 2625, 596, 597, 2627, 2626, 597, 598, 2628, 2627, 598, 599, 2629, 2628, 599, 529, 544, 2629, 600, 2616, 2630, 601, 2616, 2617, 2631, 2630, 2617, 2618, 2632, 2631, 2618, 2619, 2633, 2632, 2619, 2620, 2634, 2633, 2620, 2621, 2635, 2634, 2621, 2622, 2636, 2635, 2622, 2623, 2637, 2636, 2623, 2624, 2638, 2637, 2624, 2625, 2639, 2638, 2625, 2626, 2640, 2639, 2626, 2627, 2641, 2640, 2627, 2628, 2642, 2641, 2628, 2629, 2643, 2642, 2629, 544, 545, 2643, 601, 2630, 2644, 602, 2630, 2631, 2645, 2644, 2631, 2632, 2646, 2645, 2632, 2633, 2647, 2646, 2633, 2634, 2648, 2647, 2634, 2635, 2649, 2648, 2635, 2636, 2650, 2649, 2636, 2637, 2651, 2650, 2637, 2638, 2652, 2651, 2638, 2639, 2653, 2652, 2639, 2640, 2654, 2653, 2640, 2641, 2655, 2654, 2641, 2642, 2656, 2655, 2642, 2643, 2657, 2656, 2643, 545, 546, 2657, 602, 2644, 2658, 603, 2644, 2645, 2659, 2658, 2645, 2646, 2660, 2659, 2646, 2647, 2661, 2660, 2647, 2648, 2662, 2661, 2648, 2649, 2663, 2662, 2649, 2650, 2664, 2663, 2650, 2651, 2665, 2664, 2651, 2652, 2666, 2665, 2652, 2653, 2667, 2666, 2653, 2654, 2668, 2667, 2654, 2655, 2669, 2668, 2655, 2656, 2670, 2669, 2656, 2657, 2671, 2670, 2657, 546, 547, 2671, 603, 2658, 2672, 604, 2658, 2659, 2673, 2672, 2659, 2660, 2674, 2673, 2660, 2661, 2675, 2674, 2661, 2662, 2676, 2675, 2662, 2663, 2677, 2676, 2663, 2664, 2678, 2677, 2664, 2665, 2679, 2678, 2665, 2666, 2680, 2679, 2666, 2667, 2681, 2680, 2667, 2668, 2682, 2681, 2668, 2669, 2683, 2682, 2669, 2670, 2684, 2683, 2670, 2671, 2685, 2684, 2671, 547, 548, 2685, 604, 2672, 2686, 605, 2672, 2673, 2687, 2686, 2673, 2674, 2688, 2687, 2674, 2675, 2689, 2688, 2675, 2676, 2690, 2689, 2676, 2677, 2691, 2690, 2677, 2678, 2692, 2691, 2678, 2679, 2693, 2692, 2679, 2680, 2694, 2693, 2680, 2681, 2695, 2694, 2681, 2682, 2696, 2695, 2682, 2683, 2697, 2696, 2683, 2684, 2698, 2697, 2684, 2685, 2699, 2698, 2685, 548, 549, 2699, 605, 2686, 2700, 606, 2686, 2687, 2701, 2700, 2687, 2688, 2702, 2701, 2688, 2689, 2703, 2702, 2689, 2690, 2704, 2703, 2690, 2691, 2705, 2704, 2691, 2692, 2706, 2705, 2692, 2693, 2707, 2706, 2693, 2694, 2708, 2707, 2694, 2695, 2709, 2708, 2695, 2696, 2710, 2709, 2696, 2697, 2711, 2710, 2697, 2698, 2712, 2711, 2698, 2699, 2713, 2712, 2699, 549, 550, 2713, 606, 2700, 2714, 607, 2700, 2701, 2715, 2714, 2701, 2702, 2716, 2715, 2702, 2703, 2717, 2716, 2703, 2704, 2718, 2717, 2704, 2705, 2719, 2718, 2705, 2706, 2720, 2719, 2706, 2707, 2721, 2720, 2707, 2708, 2722, 2721, 2708, 2709, 2723, 2722, 2709, 2710, 2724, 2723, 2710, 2711, 2725, 2724, 2711, 2712, 2726, 2725, 2712, 2713, 2727, 2726, 2713, 550, 551, 2727, 607, 2714, 2728, 608, 2714, 2715, 2729, 2728, 2715, 2716, 2730, 2729, 2716, 2717, 2731, 2730, 2717, 2718, 2732, 2731, 2718, 2719, 2733, 2732, 2719, 2720, 2734, 2733, 2720, 2721, 2735, 2734, 2721, 2722, 2736, 2735, 2722, 2723, 2737, 2736, 2723, 2724, 2738, 2737, 2724, 2725, 2739, 2738, 2725, 2726, 2740, 2739, 2726, 2727, 2741, 2740, 2727, 551, 552, 2741, 608, 2728, 2742, 609, 2728, 2729, 2743, 2742, 2729, 2730, 2744, 2743, 2730, 2731, 2745, 2744, 2731, 2732, 2746, 2745, 2732, 2733, 2747, 2746, 2733, 2734, 2748, 2747, 2734, 2735, 2749, 2748, 2735, 2736, 2750, 2749, 2736, 2737, 2751, 2750, 2737, 2738, 2752, 2751, 2738, 2739, 2753, 2752, 2739, 2740, 2754, 2753, 2740, 2741, 2755, 2754, 2741, 552, 553, 2755, 609, 2742, 2756, 610, 2742, 2743, 2757, 2756, 2743, 2744, 2758, 2757, 2744, 2745, 2759, 2758, 2745, 2746, 2760, 2759, 2746, 2747, 2761, 2760, 2747, 2748, 2762, 2761, 2748, 2749, 2763, 2762, 2749, 2750, 2764, 2763, 2750, 2751, 2765, 2764, 2751, 2752, 2766, 2765, 2752, 2753, 2767, 2766, 2753, 2754, 2768, 2767, 2754, 2755, 2769, 2768, 2755, 553, 554, 2769, 610, 2756, 2770, 611, 2756, 2757, 2771, 2770, 2757, 2758, 2772, 2771, 2758, 2759, 2773, 2772, 2759, 2760, 2774, 2773, 2760, 2761, 2775, 2774, 2761, 2762, 2776, 2775, 2762, 2763, 2777, 2776, 2763, 2764, 2778, 2777, 2764, 2765, 2779, 2778, 2765, 2766, 2780, 2779, 2766, 2767, 2781, 2780, 2767, 2768, 2782, 2781, 2768, 2769, 2783, 2782, 2769, 554, 555, 2783, 611, 2770, 2784, 612, 2770, 2771, 2785, 2784, 2771, 2772, 2786, 2785, 2772, 2773, 2787, 2786, 2773, 2774, 2788, 2787, 2774, 2775, 2789, 2788, 2775, 2776, 2790, 2789, 2776, 2777, 2791, 2790, 2777, 2778, 2792, 2791, 2778, 2779, 2793, 2792, 2779, 2780, 2794, 2793, 2780, 2781, 2795, 2794, 2781, 2782, 2796, 2795, 2782, 2783, 2797, 2796, 2783, 555, 556, 2797, 612, 2784, 2798, 613, 2784, 2785, 2799, 2798, 2785, 2786, 2800, 2799, 2786, 2787, 2801, 2800, 2787, 2788, 2802, 2801, 2788, 2789, 2803, 2802, 2789, 2790, 2804, 2803, 2790, 2791, 2805, 2804, 2791, 2792, 2806, 2805, 2792, 2793, 2807, 2806, 2793, 2794, 2808, 2807, 2794, 2795, 2809, 2808, 2795, 2796, 2810, 2809, 2796, 2797, 2811, 2810, 2797, 556, 557, 2811, 613, 2798, 246, 203, 2798, 2799, 247, 246, 2799, 2800, 248, 247, 2800, 2801, 249, 248, 2801, 2802, 250, 249, 2802, 2803, 251, 250, 2803, 2804, 252, 251, 2804, 2805, 253, 252, 2805, 2806, 254, 253, 2806, 2807, 255, 254, 2807, 2808, 256, 255, 2808, 2809, 257, 256, 2809, 2810, 258, 257, 2810, 2811, 259, 258, 2811, 557, 0, 259, 27, 26, 600, 614, 614, 600, 601, 615, 615, 601, 602, 616, 616, 602, 603, 617, 617, 603, 604, 618, 618, 604, 605, 619, 619, 605, 606, 620, 620, 606, 607, 621, 621, 607, 608, 622, 622, 608, 609, 623, 623, 609, 610, 624, 624, 610, 611, 625, 625, 611, 612, 626, 626, 612, 613, 627, 627, 613, 203, 202, 27, 614, 2812, 628, 614, 615, 2813, 2812, 615, 616, 2814, 2813, 616, 617, 2815, 2814, 617, 618, 2816, 2815, 618, 619, 2817, 2816, 619, 620, 2818, 2817, 620, 621, 2819, 2818, 621, 622, 2820, 2819, 622, 623, 2821, 2820, 623, 624, 2822, 2821, 624, 625, 2823, 2822, 625, 626, 2824, 2823, 626, 627, 2825, 2824, 627, 202, 218, 2825, 628, 2812, 2826, 629, 2812, 2813, 2827, 2826, 2813, 2814, 2828, 2827, 2814, 2815, 2829, 2828, 2815, 2816, 2830, 2829, 2816, 2817, 2831, 2830, 2817, 2818, 2832, 2831, 2818, 2819, 2833, 2832, 2819, 2820, 2834, 2833, 2820, 2821, 2835, 2834, 2821, 2822, 2836, 2835, 2822, 2823, 2837, 2836, 2823, 2824, 2838, 2837, 2824, 2825, 2839, 2838, 2825, 218, 219, 2839, 629, 2826, 2840, 630, 2826, 2827, 2841, 2840, 2827, 2828, 2842, 2841, 2828, 2829, 2843, 2842, 2829, 2830, 2844, 2843, 2830, 2831, 2845, 2844, 2831, 2832, 2846, 2845, 2832, 2833, 2847, 2846, 2833, 2834, 2848, 2847, 2834, 2835, 2849, 2848, 2835, 2836, 2850, 2849, 2836, 2837, 2851, 2850, 2837, 2838, 2852, 2851, 2838, 2839, 2853, 2852, 2839, 219, 220, 2853, 630, 2840, 2854, 631, 2840, 2841, 2855, 2854, 2841, 2842, 2856, 2855, 2842, 2843, 2857, 2856, 2843, 2844, 2858, 2857, 2844, 2845, 2859, 2858, 2845, 2846, 2860, 2859, 2846, 2847, 2861, 2860, 2847, 2848, 2862, 2861, 2848, 2849, 2863, 2862, 2849, 2850, 2864, 2863, 2850, 2851, 2865, 2864, 2851, 2852, 2866, 2865, 2852, 2853, 2867, 2866, 2853, 220, 221, 2867, 631, 2854, 2868, 632, 2854, 2855, 2869, 2868, 2855, 2856, 2870, 2869, 2856, 2857, 2871, 2870, 2857, 2858, 2872, 2871, 2858, 2859, 2873, 2872, 2859, 2860, 2874, 2873, 2860, 2861, 2875, 2874, 2861, 2862, 2876, 2875, 2862, 2863, 2877, 2876, 2863, 2864, 2878, 2877, 2864, 2865, 2879, 2878, 2865, 2866, 2880, 2879, 2866, 2867, 2881, 2880, 2867, 221, 222, 2881, 632, 2868, 2882, 633, 2868, 2869, 2883, 2882, 2869, 2870, 2884, 2883, 2870, 2871, 2885, 2884, 2871, 2872, 2886, 2885, 2872, 2873, 2887, 2886, 2873, 2874, 2888, 2887, 2874, 2875, 2889, 2888, 2875, 2876, 2890, 2889, 2876, 2877, 2891, 2890, 2877, 2878, 2892, 2891, 2878, 2879, 2893, 2892, 2879, 2880, 2894, 2893, 2880, 2881, 2895, 2894, 2881, 222, 223, 2895, 633, 2882, 2896, 634, 2882, 2883, 2897, 2896, 2883, 2884, 2898, 2897, 2884, 2885, 2899, 2898, 2885, 2886, 2900, 2899, 2886, 2887, 2901, 2900, 2887, 2888, 2902, 2901, 2888, 2889, 2903, 2902, 2889, 2890, 2904, 2903, 2890, 2891, 2905, 2904, 2891, 2892, 2906, 2905, 2892, 2893, 2907, 2906, 2893, 2894, 2908, 2907, 2894, 2895, 2909, 2908, 2895, 223, 224, 2909, 634, 2896, 2910, 635, 2896, 2897, 2911, 2910, 2897, 2898, 2912, 2911, 2898, 2899, 2913, 2912, 2899, 2900, 2914, 2913, 2900, 2901, 2915, 2914, 2901, 2902, 2916, 2915, 2902, 2903, 2917, 2916, 2903, 2904, 2918, 2917, 2904, 2905, 2919, 2918, 2905, 2906, 2920, 2919, 2906, 2907, 2921, 2920, 2907, 2908, 2922, 2921, 2908, 2909, 2923, 2922, 2909, 224, 225, 2923, 635, 2910, 2924, 636, 2910, 2911, 2925, 2924, 2911, 2912, 2926, 2925, 2912, 2913, 2927, 2926, 2913, 2914, 2928, 2927, 2914, 2915, 2929, 2928, 2915, 2916, 2930, 2929, 2916, 2917, 2931, 2930, 2917, 2918, 2932, 2931, 2918, 2919, 2933, 2932, 2919, 2920, 2934, 2933, 2920, 2921, 2935, 2934, 2921, 2922, 2936, 2935, 2922, 2923, 2937, 2936, 2923, 225, 226, 2937, 636, 2924, 2938, 637, 2924, 2925, 2939, 2938, 2925, 2926, 2940, 2939, 2926, 2927, 2941, 2940, 2927, 2928, 2942, 2941, 2928, 2929, 2943, 2942, 2929, 2930, 2944, 2943, 2930, 2931, 2945, 2944, 2931, 2932, 2946, 2945, 2932, 2933, 2947, 2946, 2933, 2934, 2948, 2947, 2934, 2935, 2949, 2948, 2935, 2936, 2950, 2949, 2936, 2937, 2951, 2950, 2937, 226, 227, 2951, 637, 2938, 2952, 638, 2938, 2939, 2953, 2952, 2939, 2940, 2954, 2953, 2940, 2941, 2955, 2954, 2941, 2942, 2956, 2955, 2942, 2943, 2957, 2956, 2943, 2944, 2958, 2957, 2944, 2945, 2959, 2958, 2945, 2946, 2960, 2959, 2946, 2947, 2961, 2960, 2947, 2948, 2962, 2961, 2948, 2949, 2963, 2962, 2949, 2950, 2964, 2963, 2950, 2951, 2965, 2964, 2951, 227, 228, 2965, 638, 2952, 2966, 639, 2952, 2953, 2967, 2966, 2953, 2954, 2968, 2967, 2954, 2955, 2969, 2968, 2955, 2956, 2970, 2969, 2956, 2957, 2971, 2970, 2957, 2958, 2972, 2971, 2958, 2959, 2973, 2972, 2959, 2960, 2974, 2973, 2960, 2961, 2975, 2974, 2961, 2962, 2976, 2975, 2962, 2963, 2977, 2976, 2963, 2964, 2978, 2977, 2964, 2965, 2979, 2978, 2965, 228, 229, 2979, 639, 2966, 2980, 640, 2966, 2967, 2981, 2980, 2967, 2968, 2982, 2981, 2968, 2969, 2983, 2982, 2969, 2970, 2984, 2983, 2970, 2971, 2985, 2984, 2971, 2972, 2986, 2985, 2972, 2973, 2987, 2986, 2973, 2974, 2988, 2987, 2974, 2975, 2989, 2988, 2975, 2976, 2990, 2989, 2976, 2977, 2991, 2990, 2977, 2978, 2992, 2991, 2978, 2979, 2993, 2992, 2979, 229, 230, 2993, 640, 2980, 2994, 641, 2980, 2981, 2995, 2994, 2981, 2982, 2996, 2995, 2982, 2983, 2997, 2996, 2983, 2984, 2998, 2997, 2984, 2985, 2999, 2998, 2985, 2986, 3000, 2999, 2986, 2987, 3001, 3000, 2987, 2988, 3002, 3001, 2988, 2989, 3003, 3002, 2989, 2990, 3004, 3003, 2990, 2991, 3005, 3004, 2991, 2992, 3006, 3005, 2992, 2993, 3007, 3006, 2993, 230, 231, 3007, 641, 2994, 289, 260, 2994, 2995, 290, 289, 2995, 2996, 291, 290, 2996, 2997, 292, 291, 2997, 2998, 293, 292, 2998, 2999, 294, 293, 2999, 3000, 295, 294, 3000, 3001, 296, 295, 3001, 3002, 297, 296, 3002, 3003, 298, 297, 3003, 3004, 299, 298, 3004, 3005, 300, 299, 3005, 3006, 301, 300, 3006, 3007, 302, 301, 3007, 231, 1, 302, 12, 27, 628, 642, 642, 628, 629, 643, 643, 629, 630, 644, 644, 630, 631, 645, 645, 631, 632, 646, 646, 632, 633, 647, 647, 633, 634, 648, 648, 634, 635, 649, 649, 635, 636, 650, 650, 636, 637, 651, 651, 637, 638, 652, 652, 638, 639, 653, 653, 639, 640, 654, 654, 640, 641, 655, 655, 641, 260, 2]
        rel material:binding (
            bindMaterialAs = "weakerThanDescendants"
        )
        normal3f[] normals = [(-0.012574808, 0.012574808, 0.9998419), (0.012574808, 0.012574808, 0.9998419), (0.012574808, -0.012574808, 0.9998419), (-0.012574808, -0.012574808, 0.9998419), (-0.99992925, 0.011897105, -0), (-0.99984175, 0.012576563, 0.012576595), (-0.99984187, -0.012576563, 0.012576595), (-0.99992925, -0.011897105, 0), (0.99984187, 0.012576563, 0.012576595), (0.99992925, 0.011897105, 0), (0.99992925, -0.011897105, -0), (0.99984175, -0.012576563, 0.012576595), (-0.011897105, 0.99992925, -0), (0.011897105, 0.99992925, 0), (0.012576563, 0.99984175, 0.012576595), (-0.012576563, 0.99984187, 0.012576595), (-0.012576563, -0.99984175, 0.012576595), (0.012576563, -0.99984187, 0.012576595), (0.011897105, -0.99992925, -0), (-0.011897105, -0.99992925, 0), (0.012574808, -0.012574808, 0.9998419), (0.012574808, 0.012574808, 0.9998419), (0.048270952, 0.0023677112, 0.9988315), (0.048270952, -0.0023677112, 0.9988315), (0.048270952, -0.0023677112, 0.9988315), (0.048270952, 0.0023677112, 0.9988315), (0.09684841, 0.0021844509, 0.9952968), (0.09684841, -0.0021844509, 0.9952968), (0.09684841, -0.0021844509, 0.9952968), (0.09684841, 0.0021844509, 0.9952968), (0.14585392, 0.0028528129, 0.989302), (0.14585392, -0.0028528129, 0.989302), (0.14585392, -0.0028528129, 0.989302), (0.14585392, 0.0028528129, 0.989302), (0.19520131, 0.0036703935, 0.98075634), (0.19520131, -0.0036703935, 0.98075634), (0.19520131, -0.0036703935, 0.98075634), (0.19520131, 0.0036703935, 0.98075634), (0.2447599, 0.004609508, 0.9695728), (0.2447599, -0.004609508, 0.9695728), (0.2447599, -0.004609508, 0.9695728), (0.2447599, 0.004609508, 0.9695728), (0.2943389, 0.005443135, 0.95568556), (0.2943389, -0.005443135, 0.95568556), (0.2943389, -0.005443135, 0.95568556), (0.2943389, 0.005443135, 0.95568556), (0.3437398, 0.0061001857, 0.93904513), (0.3437398, -0.0061001857, 0.93904513), (0.3437398, -0.0061001857, 0.93904513), (0.3437398, 0.0061001857, 0.93904513), (0.39274994, 0.00665772, 0.9196213), (0.39274994, -0.00665772, 0.9196213), (0.39274994, -0.00665772, 0.9196213), (0.39274994, 0.00665772, 0.9196213), (0.44114608, 0.0071381005, 0.8974069), (0.44114608, -0.0071381005, 0.8974069), (0.44114608, -0.0071381005, 0.8974069), (0.44114608, 0.0071381005, 0.8974069), (0.4887038, 0.0074395305, 0.872418), (0.4887038, -0.0074395305, 0.872418), (0.4887038, -0.0074395305, 0.872418), (0.4887038, 0.0074395305, 0.872418), (0.53518945, 0.0075162463, 0.8446987), (0.53518945, -0.0075162463, 0.8446987), (0.53518945, -0.0075162463, 0.8446987), (0.53518945, 0.0075162463, 0.8446987), (0.5803727, 0.0074871066, 0.81431663), (0.5803727, -0.0074871066, 0.81431663), (0.5803727, -0.0074871066, 0.81431663), (0.5803727, 0.0074871066, 0.81431663), (0.62403685, 0.007317066, 0.7813607), (0.62403685, -0.007317066, 0.7813607), (0.62403685, -0.007317066, 0.7813607), (0.62403685, 0.007317066, 0.7813607), (0.66596127, 0.007111911, 0.7459524), (0.66596127, -0.007111911, 0.7459524), (0.66596127, -0.007111911, 0.7459524), (0.66596127, 0.007111911, 0.7459524), (0.7070887, 0.0069439006, 0.7070907), (0.7070887, -0.0069439006, 0.7070908), (0.012574808, 0.012574808, 0.9998419), (0.0023677112, 0.048270952, 0.9988315), (0.041585002, 0.041585002, 0.99826926), (0.048270952, 0.0023677112, 0.9988315), (0.0023677112, 0.048270952, 0.9988315), (0.0021844509, 0.09684842, 0.9952968), (0.035893667, 0.101017915, 0.9942368), (0.041585002, 0.041585002, 0.99826926), (0.0021844509, 0.09684842, 0.9952968), (0.0028528126, 0.1458539, 0.989302), (0.03529171, 0.1499547, 0.98806286), (0.035893667, 0.101017915, 0.9942368), (0.0028528126, 0.1458539, 0.989302), (0.0036703935, 0.19520128, 0.98075634), (0.03770296, 0.19903697, 0.9792664), (0.03529171, 0.1499547, 0.98806286), (0.0036703935, 0.19520128, 0.98075634), (0.004609508, 0.2447599, 0.9695728), (0.040672865, 0.24819468, 0.96785593), (0.03770296, 0.19903697, 0.9792664), (0.004609508, 0.2447599, 0.9695728), (0.005443135, 0.29433888, 0.95568556), (0.043517902, 0.29714426, 0.9538404), (0.040672865, 0.24819468, 0.96785593), (0.005443135, 0.29433888, 0.95568556), (0.0061001857, 0.34373978, 0.93904513), (0.04594731, 0.3459338, 0.93713325), (0.043517902, 0.29714426, 0.9538404), (0.0061001857, 0.34373978, 0.93904513), (0.00665772, 0.3927499, 0.9196213), (0.04806325, 0.39439937, 0.91768146), (0.04594731, 0.3459338, 0.93713325), (0.00665772, 0.3927499, 0.9196213), (0.0071381005, 0.44114608, 0.8974069), (0.04983781, 0.44218466, 0.89553833), (0.04806325, 0.39439937, 0.91768146), (0.0071381005, 0.44114608, 0.8974069), (0.0074395295, 0.4887038, 0.872418), (0.05100501, 0.4890588, 0.8707583), (0.04983781, 0.44218466, 0.89553833), (0.0074395295, 0.4887038, 0.872418), (0.0075162463, 0.53518945, 0.8446987), (0.051496115, 0.5349781, 0.8432951), (0.05100501, 0.4890588, 0.8707583), (0.0075162463, 0.53518945, 0.8446987), (0.0074871075, 0.5803727, 0.81431663), (0.051522873, 0.5797369, 0.8131732), (0.051496115, 0.5349781, 0.8432951), (0.0074871075, 0.5803727, 0.81431663), (0.007317066, 0.62403685, 0.7813608), (0.051120963, 0.6231184, 0.7804551), (0.051522873, 0.5797369, 0.8131732), (0.007317066, 0.62403685, 0.7813608), (0.007111911, 0.66596127, 0.7459524), (0.050472777, 0.6649467, 0.7451835), (0.051120963, 0.6231184, 0.7804551), (0.007111911, 0.66596127, 0.7459524), (0.0069439006, 0.7070887, 0.7070908), (0.050025653, 0.7062231, 0.70621973), (0.050472777, 0.6649467, 0.7451835), (0.048270952, 0.0023677112, 0.9988315), (0.041585002, 0.041585002, 0.99826926), (0.101017915, 0.035893667, 0.9942368), (0.09684841, 0.0021844509, 0.9952968), (0.041585002, 0.041585002, 0.99826926), (0.035893667, 0.101017915, 0.9942368), (0.0978213, 0.0978213, 0.9903848), (0.101017915, 0.035893667, 0.9942368), (0.035893667, 0.101017915, 0.9942368), (0.03529171, 0.1499547, 0.98806286), (0.09559373, 0.1556352, 0.98317826), (0.0978213, 0.0978213, 0.9903848), (0.03529171, 0.1499547, 0.98806286), (0.03770296, 0.19903697, 0.9792664), (0.09657943, 0.2079121, 0.97336787), (0.09559373, 0.1556352, 0.98317826), (0.03770296, 0.19903697, 0.9792664), (0.040672865, 0.24819468, 0.96785593), (0.09884835, 0.25657284, 0.9614569), (0.09657943, 0.2079121, 0.97336787), (0.040672865, 0.24819468, 0.96785593), (0.043517902, 0.29714426, 0.9538404), (0.10161451, 0.30438465, 0.94711375), (0.09884835, 0.25657284, 0.9614569), (0.043517902, 0.29714426, 0.9538404), (0.04594731, 0.3459338, 0.93713325), (0.10442987, 0.3517661, 0.93024457), (0.10161451, 0.30438465, 0.94711375), (0.04594731, 0.3459338, 0.93713325), (0.04806325, 0.39439937, 0.91768146), (0.10696672, 0.39870602, 0.91081923), (0.10442987, 0.3517661, 0.93024457), (0.04806325, 0.39439937, 0.91768146), (0.04983781, 0.44218466, 0.89553833), (0.108921245, 0.44481128, 0.88897645), (0.10696672, 0.39870602, 0.91081923), (0.04983781, 0.44218466, 0.89553833), (0.05100501, 0.4890588, 0.8707583), (0.110072136, 0.48997846, 0.86475724), (0.108921245, 0.44481128, 0.88897645), (0.05100501, 0.4890588, 0.8707583), (0.051496115, 0.5349781, 0.8432951), (0.110395685, 0.53438437, 0.8380014), (0.110072136, 0.48997846, 0.86475724), (0.051496115, 0.5349781, 0.8432951), (0.051522873, 0.5797369, 0.8131732), (0.11002258, 0.57791734, 0.8086449), (0.110395685, 0.53438437, 0.8380014), (0.051522873, 0.5797369, 0.8131732), (0.051120963, 0.6231184, 0.7804551), (0.109182425, 0.62036777, 0.77667433), (0.11002258, 0.57791734, 0.8086449), (0.051120963, 0.6231184, 0.7804551), (0.050472777, 0.6649467, 0.7451835), (0.10815222, 0.66169715, 0.74192995), (0.109182425, 0.62036777, 0.77667433), (0.050472777, 0.6649467, 0.7451835), (0.050025653, 0.7062231, 0.70621973), (0.10758822, 0.7030009, 0.7030038), (0.10815222, 0.66169715, 0.74192995), (0.09684841, 0.0021844509, 0.9952968), (0.101017915, 0.035893667, 0.9942368), (0.1499547, 0.03529171, 0.98806286), (0.14585392, 0.0028528129, 0.989302), (0.101017915, 0.035893667, 0.9942368), (0.0978213, 0.0978213, 0.9903848), (0.1556352, 0.09559373, 0.98317826), (0.1499547, 0.03529171, 0.98806286), (0.0978213, 0.0978213, 0.9903848), (0.09559373, 0.1556352, 0.98317826), (0.15582305, 0.15582305, 0.975417), (0.1556352, 0.09559373, 0.98317826), (0.09559373, 0.1556352, 0.98317826), (0.09657943, 0.2079121, 0.97336787), (0.15414803, 0.21066432, 0.96532834), (0.15582305, 0.15582305, 0.975417), (0.09657943, 0.2079121, 0.97336787), (0.09884835, 0.25657284, 0.9614569), (0.1533438, 0.2610158, 0.9530774), (0.15414803, 0.21066432, 0.96532834), (0.09884835, 0.25657284, 0.9614569), (0.10161451, 0.30438465, 0.94711375), (0.1534194, 0.30943397, 0.9384631), (0.1533438, 0.2610158, 0.9530774), (0.10161451, 0.30438465, 0.94711375), (0.10442987, 0.3517661, 0.93024457), (0.15406464, 0.35631737, 0.92157584), (0.1534194, 0.30943397, 0.9384631), (0.10442987, 0.3517661, 0.93024457), (0.10696672, 0.39870602, 0.91081923), (0.15462965, 0.40192237, 0.9025232), (0.15406464, 0.35631737, 0.92157584), (0.10696672, 0.39870602, 0.91081923), (0.108921245, 0.44481128, 0.88897645), (0.15465584, 0.44644296, 0.88134575), (0.15462965, 0.40192237, 0.9025232), (0.108921245, 0.44481128, 0.88897645), (0.110072136, 0.48997846, 0.86475724), (0.15410894, 0.49011087, 0.8579289), (0.15465584, 0.44644296, 0.88134575), (0.110072136, 0.48997846, 0.86475724), (0.110395685, 0.53438437, 0.8380014), (0.15304112, 0.533149, 0.832064), (0.15410894, 0.49011087, 0.8579289), (0.110395685, 0.53438437, 0.8380014), (0.11002258, 0.57791734, 0.8086449), (0.15155189, 0.5755573, 0.80359554), (0.15304112, 0.533149, 0.832064), (0.11002258, 0.57791734, 0.8086449), (0.109182425, 0.62036777, 0.77667433), (0.1499552, 0.61721677, 0.772371), (0.15155189, 0.5755573, 0.80359554), (0.109182425, 0.62036777, 0.77667433), (0.10815222, 0.66169715, 0.74192995), (0.14864592, 0.6581108, 0.7381021), (0.1499552, 0.61721677, 0.772371), (0.10815222, 0.66169715, 0.74192995), (0.10758822, 0.7030009, 0.7030038), (0.14808105, 0.69931054, 0.6993116), (0.14864592, 0.6581108, 0.7381021), (0.14585392, 0.0028528129, 0.989302), (0.1499547, 0.03529171, 0.98806286), (0.19903697, 0.037702963, 0.9792664), (0.19520131, 0.0036703935, 0.98075634), (0.1499547, 0.03529171, 0.98806286), (0.1556352, 0.09559373, 0.98317826), (0.2079121, 0.09657943, 0.97336787), (0.19903697, 0.037702963, 0.9792664), (0.1556352, 0.09559373, 0.98317826), (0.15582305, 0.15582305, 0.975417), (0.21066432, 0.15414803, 0.96532834), (0.2079121, 0.09657943, 0.97336787), (0.15582305, 0.15582305, 0.975417), (0.15414803, 0.21066432, 0.96532834), (0.2096136, 0.2096136, 0.955052), (0.21066432, 0.15414803, 0.96532834), (0.15414803, 0.21066432, 0.96532834), (0.1533438, 0.2610158, 0.9530774), (0.20780376, 0.261772, 0.942493), (0.2096136, 0.2096136, 0.955052), (0.1533438, 0.2610158, 0.9530774), (0.1534194, 0.30943397, 0.9384631), (0.20579168, 0.31109422, 0.92783093), (0.20780376, 0.261772, 0.942493), (0.1534194, 0.30943397, 0.9384631), (0.15406464, 0.35631737, 0.92157584), (0.20369917, 0.3577961, 0.91131145), (0.20579168, 0.31109422, 0.92783093), (0.15406464, 0.35631737, 0.92157584), (0.15462965, 0.40192237, 0.9025232), (0.20135301, 0.40240338, 0.89304453), (0.20369917, 0.3577961, 0.91131145), (0.15462965, 0.40192237, 0.9025232), (0.15465584, 0.44644296, 0.88134575), (0.19863558, 0.4457531, 0.8728391), (0.20135301, 0.40240338, 0.89304453), (0.15465584, 0.44644296, 0.88134575), (0.15410894, 0.49011087, 0.8579289), (0.19568683, 0.48838624, 0.85040325), (0.19863558, 0.4457531, 0.8728391), (0.15410894, 0.49011087, 0.8579289), (0.15304112, 0.533149, 0.832064), (0.19268116, 0.5305044, 0.8254933), (0.19568683, 0.48838624, 0.85040325), (0.15304112, 0.533149, 0.832064), (0.15155189, 0.5755573, 0.80359554), (0.18979056, 0.5721597, 0.7978802), (0.19268116, 0.5305044, 0.8254933), (0.15155189, 0.5755573, 0.80359554), (0.1499552, 0.61721677, 0.772371), (0.18733041, 0.6133066, 0.76730853), (0.18979056, 0.5721597, 0.7978802), (0.1499552, 0.61721677, 0.772371), (0.14864592, 0.6581108, 0.7381021), (0.18565224, 0.65388745, 0.7334605), (0.18733041, 0.6133066, 0.76730853), (0.14864592, 0.6581108, 0.7381021), (0.14808105, 0.69931054, 0.6993116), (0.18502805, 0.6948987, 0.69489604), (0.18565224, 0.65388745, 0.7334605), (0.19520131, 0.0036703935, 0.98075634), (0.19903697, 0.037702963, 0.9792664), (0.24819468, 0.040672865, 0.96785593), (0.2447599, 0.004609508, 0.9695728), (0.19903697, 0.037702963, 0.9792664), (0.2079121, 0.09657943, 0.97336787), (0.25657284, 0.09884835, 0.9614569), (0.24819468, 0.040672865, 0.96785593), (0.2079121, 0.09657943, 0.97336787), (0.21066432, 0.15414803, 0.96532834), (0.2610158, 0.1533438, 0.9530774), (0.25657284, 0.09884835, 0.9614569), (0.21066432, 0.15414803, 0.96532834), (0.2096136, 0.2096136, 0.955052), (0.261772, 0.20780376, 0.94249296), (0.2610158, 0.1533438, 0.9530774), (0.2096136, 0.2096136, 0.955052), (0.20780376, 0.261772, 0.942493), (0.26005694, 0.26005697, 0.9299144), (0.261772, 0.20780376, 0.94249296), (0.20780376, 0.261772, 0.942493), (0.20579168, 0.31109422, 0.92783093), (0.25663084, 0.309226, 0.91570723), (0.26005694, 0.26005697, 0.9299144), (0.20579168, 0.31109422, 0.92783093), (0.20369917, 0.3577961, 0.91131145), (0.25209934, 0.3554517, 0.90005565), (0.25663084, 0.309226, 0.91570723), (0.20369917, 0.3577961, 0.91131145), (0.20135301, 0.40240338, 0.89304453), (0.24700749, 0.39938408, 0.8828815), (0.25209934, 0.3554517, 0.90005565), (0.20135301, 0.40240338, 0.89304453), (0.19863558, 0.4457531, 0.8728391), (0.24172367, 0.44211718, 0.863772), (0.24700749, 0.39938408, 0.8828815), (0.19863558, 0.4457531, 0.8728391), (0.19568683, 0.48838624, 0.85040325), (0.23652378, 0.48428407, 0.84233326), (0.24172367, 0.44211718, 0.863772), (0.19568683, 0.48838624, 0.85040325), (0.19268116, 0.5305044, 0.8254933), (0.23169562, 0.52602947, 0.8182971), (0.23652378, 0.48428407, 0.84233326), (0.19268116, 0.5305044, 0.8254933), (0.18979056, 0.5721597, 0.7978802), (0.22749688, 0.56740075, 0.79139215), (0.23169562, 0.52602947, 0.8182971), (0.18979056, 0.5721597, 0.7978802), (0.18733041, 0.6133066, 0.76730853), (0.22423208, 0.60835105, 0.7613336), (0.22749688, 0.56740075, 0.79139215), (0.18733041, 0.6133066, 0.76730853), (0.18565224, 0.65388745, 0.7334605), (0.22216663, 0.6487612, 0.7278398), (0.22423208, 0.60835105, 0.7613336), (0.18565224, 0.65388745, 0.7334605), (0.18502805, 0.6948987, 0.69489604), (0.22145858, 0.6895494, 0.6895491), (0.22216663, 0.6487612, 0.7278398), (0.2447599, 0.004609508, 0.9695728), (0.24819468, 0.040672865, 0.96785593), (0.29714426, 0.043517902, 0.9538404), (0.2943389, 0.005443135, 0.95568556), (0.24819468, 0.040672865, 0.96785593), (0.25657284, 0.09884835, 0.9614569), (0.30438465, 0.10161451, 0.94711375), (0.29714426, 0.043517902, 0.9538404), (0.25657284, 0.09884835, 0.9614569), (0.2610158, 0.1533438, 0.9530774), (0.30943397, 0.1534194, 0.9384631), (0.30438465, 0.10161451, 0.94711375), (0.2610158, 0.1533438, 0.9530774), (0.261772, 0.20780376, 0.94249296), (0.31109422, 0.20579168, 0.92783093), (0.30943397, 0.1534194, 0.9384631), (0.261772, 0.20780376, 0.94249296), (0.26005694, 0.26005697, 0.9299144), (0.30922604, 0.25663084, 0.91570723), (0.31109422, 0.20579168, 0.92783093), (0.26005694, 0.26005697, 0.9299144), (0.25663084, 0.309226, 0.91570723), (0.30468863, 0.30468863, 0.90240216), (0.30922604, 0.25663084, 0.91570723), (0.25663084, 0.309226, 0.91570723), (0.25209934, 0.3554517, 0.90005565), (0.29841068, 0.35016108, 0.88788414), (0.30468863, 0.30468863, 0.90240216), (0.25209934, 0.3554517, 0.90005565), (0.24700749, 0.39938408, 0.8828815), (0.29140782, 0.39366737, 0.87184143), (0.29841068, 0.35016108, 0.88788414), (0.24700749, 0.39938408, 0.8828815), (0.24172367, 0.44211718, 0.863772), (0.2843752, 0.4361789, 0.8537439), (0.29140782, 0.39366737, 0.87184143), (0.24172367, 0.44211718, 0.863772), (0.23652378, 0.48428407, 0.84233326), (0.2776577, 0.47823796, 0.8331834), (0.2843752, 0.4361789, 0.8537439), (0.23652378, 0.48428407, 0.84233326), (0.23169562, 0.52602947, 0.8182971), (0.2716015, 0.5199349, 0.80987674), (0.2776577, 0.47823796, 0.8331834), (0.23169562, 0.52602947, 0.8182971), (0.22749688, 0.56740075, 0.79139215), (0.26651818, 0.561273, 0.7835437), (0.2716015, 0.5199349, 0.80987674), (0.22749688, 0.56740075, 0.79139215), (0.22423208, 0.60835105, 0.7613336), (0.2627004, 0.6021619, 0.7539162), (0.26651818, 0.561273, 0.7835437), (0.22423208, 0.60835105, 0.7613336), (0.22216663, 0.6487612, 0.7278398), (0.260366, 0.64241403, 0.7207729), (0.2627004, 0.6021619, 0.7539162), (0.22216663, 0.6487612, 0.7278398), (0.22145858, 0.6895494, 0.6895491), (0.25959432, 0.68286794, 0.68286324), (0.260366, 0.64241403, 0.7207729), (0.2943389, 0.005443135, 0.95568556), (0.29714426, 0.043517902, 0.9538404), (0.3459338, 0.04594731, 0.93713325), (0.3437398, 0.0061001857, 0.93904513), (0.29714426, 0.043517902, 0.9538404), (0.30438465, 0.10161451, 0.94711375), (0.35176614, 0.10442988, 0.93024457), (0.3459338, 0.04594731, 0.93713325), (0.30438465, 0.10161451, 0.94711375), (0.30943397, 0.1534194, 0.9384631), (0.35631737, 0.15406464, 0.92157584), (0.35176614, 0.10442988, 0.93024457), (0.30943397, 0.1534194, 0.9384631), (0.31109422, 0.20579168, 0.92783093), (0.3577961, 0.20369917, 0.91131145), (0.35631737, 0.15406464, 0.92157584), (0.31109422, 0.20579168, 0.92783093), (0.30922604, 0.25663084, 0.91570723), (0.3554517, 0.25209934, 0.90005565), (0.3577961, 0.20369917, 0.91131145), (0.30922604, 0.25663084, 0.91570723), (0.30468863, 0.30468863, 0.90240216), (0.35016105, 0.29841065, 0.88788414), (0.3554517, 0.25209934, 0.90005565), (0.30468863, 0.30468863, 0.90240216), (0.29841068, 0.35016108, 0.88788414), (0.34294483, 0.34294483, 0.87451565), (0.35016105, 0.29841065, 0.88788414), (0.29841068, 0.35016108, 0.88788414), (0.29140782, 0.39366737, 0.87184143), (0.3349908, 0.3861769, 0.8594466), (0.34294483, 0.34294483, 0.87451565), (0.29140782, 0.39366737, 0.87184143), (0.2843752, 0.4361789, 0.8537439), (0.32712987, 0.42869335, 0.84214485), (0.3349908, 0.3861769, 0.8594466), (0.2843752, 0.4361789, 0.8537439), (0.2776577, 0.47823796, 0.8331834), (0.31972528, 0.47080407, 0.8222647), (0.32712987, 0.42869335, 0.84214485), (0.2776577, 0.47823796, 0.8331834), (0.2716015, 0.5199349, 0.80987674), (0.31313145, 0.51254797, 0.7995269), (0.31972528, 0.47080407, 0.8222647), (0.2716015, 0.5199349, 0.80987674), (0.26651818, 0.561273, 0.7835437), (0.3076813, 0.55387574, 0.7736627), (0.31313145, 0.51254797, 0.7995269), (0.26651818, 0.561273, 0.7835437), (0.2627004, 0.6021619, 0.7539162), (0.3036515, 0.5946374, 0.7444475), (0.3076813, 0.55387574, 0.7736627), (0.2627004, 0.6021619, 0.7539162), (0.260366, 0.64241403, 0.7207729), (0.3012291, 0.63457185, 0.7117441), (0.3036515, 0.5946374, 0.7444475), (0.260366, 0.64241403, 0.7207729), (0.25959432, 0.68286794, 0.68286324), (0.3004386, 0.6744371, 0.67444146), (0.3012291, 0.63457185, 0.7117441), (0.3437398, 0.0061001857, 0.93904513), (0.3459338, 0.04594731, 0.93713325), (0.39439937, 0.04806325, 0.91768146), (0.39274994, 0.00665772, 0.9196213), (0.3459338, 0.04594731, 0.93713325), (0.35176614, 0.10442988, 0.93024457), (0.39870602, 0.10696672, 0.91081923), (0.39439937, 0.04806325, 0.91768146), (0.35176614, 0.10442988, 0.93024457), (0.35631737, 0.15406464, 0.92157584), (0.40192237, 0.15462965, 0.9025232), (0.39870602, 0.10696672, 0.91081923), (0.35631737, 0.15406464, 0.92157584), (0.3577961, 0.20369917, 0.91131145), (0.40240335, 0.20135301, 0.89304453), (0.40192237, 0.15462965, 0.9025232), (0.3577961, 0.20369917, 0.91131145), (0.3554517, 0.25209934, 0.90005565), (0.399384, 0.24700744, 0.8828814), (0.40240335, 0.20135301, 0.89304453), (0.3554517, 0.25209934, 0.90005565), (0.35016105, 0.29841065, 0.88788414), (0.39366737, 0.29140782, 0.87184143), (0.399384, 0.24700744, 0.8828814), (0.35016105, 0.29841065, 0.88788414), (0.34294483, 0.34294483, 0.87451565), (0.3861769, 0.3349908, 0.8594466), (0.39366737, 0.29140782, 0.87184143), (0.34294483, 0.34294483, 0.87451565), (0.3349908, 0.3861769, 0.8594466), (0.37803966, 0.37803972, 0.84508693), (0.3861769, 0.3349908, 0.8594466), (0.3349908, 0.3861769, 0.8594466), (0.32712987, 0.42869335, 0.84214485), (0.37005675, 0.4206177, 0.82833487), (0.37803966, 0.37803972, 0.84508693), (0.32712987, 0.42869335, 0.84214485), (0.31972528, 0.47080407, 0.8222647), (0.36256662, 0.46274447, 0.808958), (0.37005675, 0.4206177, 0.82833487), (0.31972528, 0.47080407, 0.8222647), (0.31313145, 0.51254797, 0.7995269), (0.35590625, 0.50442994, 0.78669), (0.36256662, 0.46274447, 0.808958), (0.31313145, 0.51254797, 0.7995269), (0.3076813, 0.55387574, 0.7736627), (0.3503953, 0.54557556, 0.76129526), (0.35590625, 0.50442994, 0.78669), (0.3076813, 0.55387574, 0.7736627), (0.3036515, 0.5946374, 0.7444475), (0.34631947, 0.5859659, 0.7326027), (0.3503953, 0.54557556, 0.76129526), (0.3036515, 0.5946374, 0.7444475), (0.3012291, 0.63457185, 0.7117441), (0.34388018, 0.6252757, 0.70055455), (0.34631947, 0.5859659, 0.7326027), (0.3012291, 0.63457185, 0.7117441), (0.3004386, 0.6744371, 0.67444146), (0.34308884, 0.6641862, 0.6641889), (0.34388018, 0.6252757, 0.70055455), (0.39274994, 0.00665772, 0.9196213), (0.39439937, 0.04806325, 0.91768146), (0.44218466, 0.04983781, 0.89553833), (0.44114608, 0.0071381005, 0.8974069), (0.39439937, 0.04806325, 0.91768146), (0.39870602, 0.10696672, 0.91081923), (0.44481128, 0.108921245, 0.88897645), (0.44218466, 0.04983781, 0.89553833), (0.39870602, 0.10696672, 0.91081923), (0.40192237, 0.15462965, 0.9025232), (0.44644296, 0.15465583, 0.88134575), (0.44481128, 0.108921245, 0.88897645), (0.40192237, 0.15462965, 0.9025232), (0.40240335, 0.20135301, 0.89304453), (0.44575313, 0.19863558, 0.8728391), (0.44644296, 0.15465583, 0.88134575), (0.40240335, 0.20135301, 0.89304453), (0.399384, 0.24700744, 0.8828814), (0.44211718, 0.24172367, 0.863772), (0.44575313, 0.19863558, 0.8728391), (0.399384, 0.24700744, 0.8828814), (0.39366737, 0.29140782, 0.87184143), (0.4361789, 0.2843752, 0.8537439), (0.44211718, 0.24172367, 0.863772), (0.39366737, 0.29140782, 0.87184143), (0.3861769, 0.3349908, 0.8594466), (0.42869335, 0.32712987, 0.84214485), (0.4361789, 0.2843752, 0.8537439), (0.3861769, 0.3349908, 0.8594466), (0.37803966, 0.37803972, 0.84508693), (0.4206177, 0.37005675, 0.82833487), (0.42869335, 0.32712987, 0.84214485), (0.37803966, 0.37803972, 0.84508693), (0.37005675, 0.4206177, 0.82833487), (0.41265908, 0.41265908, 0.8120499), (0.4206177, 0.37005675, 0.82833487), (0.37005675, 0.4206177, 0.82833487), (0.36256662, 0.46274447, 0.808958), (0.40512076, 0.4546754, 0.7931882), (0.41265908, 0.41265908, 0.8120499), (0.36256662, 0.46274447, 0.808958), (0.35590625, 0.50442994, 0.78669), (0.39828825, 0.49610844, 0.77151984), (0.40512076, 0.4546754, 0.7931882), (0.35590625, 0.50442994, 0.78669), (0.3503953, 0.54557556, 0.76129526), (0.39249736, 0.5368436, 0.74682313), (0.39828825, 0.49610844, 0.77151984), (0.3503953, 0.54557556, 0.76129526), (0.34631947, 0.5859659, 0.7326027), (0.3881257, 0.5766362, 0.7189222), (0.39249736, 0.5368436, 0.74682313), (0.34631947, 0.5859659, 0.7326027), (0.34388018, 0.6252757, 0.70055455), (0.3854672, 0.6150769, 0.68781924), (0.3881257, 0.5766362, 0.7189222), (0.34388018, 0.6252757, 0.70055455), (0.34308884, 0.6641862, 0.6641889), (0.38459948, 0.6527187, 0.6527184), (0.3854672, 0.6150769, 0.68781924), (0.44114608, 0.0071381005, 0.8974069), (0.44218466, 0.04983781, 0.89553833), (0.48905873, 0.05100501, 0.8707583), (0.4887038, 0.0074395305, 0.872418), (0.44218466, 0.04983781, 0.89553833), (0.44481128, 0.108921245, 0.88897645), (0.48997846, 0.110072136, 0.86475724), (0.48905873, 0.05100501, 0.8707583), (0.44481128, 0.108921245, 0.88897645), (0.44644296, 0.15465583, 0.88134575), (0.49011087, 0.15410894, 0.8579289), (0.48997846, 0.110072136, 0.86475724), (0.44644296, 0.15465583, 0.88134575), (0.44575313, 0.19863558, 0.8728391), (0.48838624, 0.19568685, 0.85040325), (0.49011087, 0.15410894, 0.8579289), (0.44575313, 0.19863558, 0.8728391), (0.44211718, 0.24172367, 0.863772), (0.48428404, 0.23652375, 0.8423334), (0.48838624, 0.19568685, 0.85040325), (0.44211718, 0.24172367, 0.863772), (0.4361789, 0.2843752, 0.8537439), (0.47823796, 0.2776577, 0.8331834), (0.48428404, 0.23652375, 0.8423334), (0.4361789, 0.2843752, 0.8537439), (0.42869335, 0.32712987, 0.84214485), (0.47080407, 0.31972528, 0.82226473), (0.47823796, 0.2776577, 0.8331834), (0.42869335, 0.32712987, 0.84214485), (0.4206177, 0.37005675, 0.82833487), (0.46274447, 0.36256665, 0.808958), (0.47080407, 0.31972528, 0.82226473), (0.4206177, 0.37005675, 0.82833487), (0.41265908, 0.41265908, 0.8120499), (0.4546754, 0.40512076, 0.7931882), (0.46274447, 0.36256665, 0.808958), (0.41265908, 0.41265908, 0.8120499), (0.40512076, 0.4546754, 0.7931882), (0.44684324, 0.44684324, 0.77502406), (0.4546754, 0.40512076, 0.7931882), (0.40512076, 0.4546754, 0.7931882), (0.39828825, 0.49610844, 0.77151984), (0.43951142, 0.48779294, 0.7542465), (0.44684324, 0.44684324, 0.77502406), (0.39828825, 0.49610844, 0.77151984), (0.39249736, 0.5368436, 0.74682313), (0.43306062, 0.52791923, 0.7305886), (0.43951142, 0.48779294, 0.7542465), (0.39249736, 0.5368436, 0.74682313), (0.3881257, 0.5766362, 0.7189222), (0.42804226, 0.56693566, 0.7038208), (0.43306062, 0.52791923, 0.7305886), (0.3881257, 0.5766362, 0.7189222), (0.3854672, 0.6150769, 0.68781924), (0.424927, 0.6043197, 0.67396945), (0.42804226, 0.56693566, 0.7038208), (0.3854672, 0.6150769, 0.68781924), (0.38459948, 0.6527187, 0.6527184), (0.4239057, 0.6404318, 0.64043033), (0.424927, 0.6043197, 0.67396945), (0.4887038, 0.0074395305, 0.872418), (0.48905873, 0.05100501, 0.8707583), (0.5349781, 0.051496115, 0.8432951), (0.53518945, 0.0075162463, 0.8446987), (0.48905873, 0.05100501, 0.8707583), (0.48997846, 0.110072136, 0.86475724), (0.53438437, 0.110395685, 0.8380014), (0.5349781, 0.051496115, 0.8432951), (0.48997846, 0.110072136, 0.86475724), (0.49011087, 0.15410894, 0.8579289), (0.533149, 0.15304112, 0.832064), (0.53438437, 0.110395685, 0.8380014), (0.49011087, 0.15410894, 0.8579289), (0.48838624, 0.19568685, 0.85040325), (0.5305044, 0.19268116, 0.8254933), (0.533149, 0.15304112, 0.832064), (0.48838624, 0.19568685, 0.85040325), (0.48428404, 0.23652375, 0.8423334), (0.52602947, 0.23169562, 0.8182971), (0.5305044, 0.19268116, 0.8254933), (0.48428404, 0.23652375, 0.8423334), (0.47823796, 0.2776577, 0.8331834), (0.51993483, 0.27160147, 0.80987674), (0.52602947, 0.23169562, 0.8182971), (0.47823796, 0.2776577, 0.8331834), (0.47080407, 0.31972528, 0.82226473), (0.51254797, 0.31313145, 0.7995269), (0.51993483, 0.27160147, 0.80987674), (0.47080407, 0.31972528, 0.82226473), (0.46274447, 0.36256665, 0.808958), (0.50442994, 0.35590625, 0.78669), (0.51254797, 0.31313145, 0.7995269), (0.46274447, 0.36256665, 0.808958), (0.4546754, 0.40512076, 0.7931882), (0.4961084, 0.39828825, 0.77151984), (0.50442994, 0.35590625, 0.78669), (0.4546754, 0.40512076, 0.7931882), (0.44684324, 0.44684324, 0.77502406), (0.48779294, 0.43951142, 0.7542465), (0.4961084, 0.39828825, 0.77151984), (0.44684324, 0.44684324, 0.77502406), (0.43951142, 0.48779294, 0.7542465), (0.47975737, 0.47975737, 0.73461944), (0.48779294, 0.43951142, 0.7542465), (0.43951142, 0.48779294, 0.7542465), (0.43306062, 0.52791923, 0.7305886), (0.47248694, 0.519039, 0.7122883), (0.47975737, 0.47975737, 0.73461944), (0.43306062, 0.52791923, 0.7305886), (0.42804226, 0.56693566, 0.7038208), (0.46671852, 0.55703217, 0.68694174), (0.47248694, 0.519039, 0.7122883), (0.42804226, 0.56693566, 0.7038208), (0.424927, 0.6043197, 0.67396945), (0.46313885, 0.5930339, 0.658645), (0.46671852, 0.55703217, 0.68694174), (0.424927, 0.6043197, 0.67396945), (0.4239057, 0.6404318, 0.64043033), (0.46198642, 0.6271233, 0.62712437), (0.46313885, 0.5930339, 0.658645), (0.53518945, 0.0075162463, 0.8446987), (0.5349781, 0.051496115, 0.8432951), (0.5797369, 0.051522866, 0.8131732), (0.5803727, 0.0074871066, 0.81431663), (0.5349781, 0.051496115, 0.8432951), (0.53438437, 0.110395685, 0.8380014), (0.5779174, 0.110022604, 0.8086449), (0.5797369, 0.051522866, 0.8131732), (0.53438437, 0.110395685, 0.8380014), (0.533149, 0.15304112, 0.832064), (0.5755573, 0.15155189, 0.80359554), (0.5779174, 0.110022604, 0.8086449), (0.533149, 0.15304112, 0.832064), (0.5305044, 0.19268116, 0.8254933), (0.5721597, 0.18979058, 0.7978802), (0.5755573, 0.15155189, 0.80359554), (0.5305044, 0.19268116, 0.8254933), (0.52602947, 0.23169562, 0.8182971), (0.56740075, 0.22749686, 0.7913921), (0.5721597, 0.18979058, 0.7978802), (0.52602947, 0.23169562, 0.8182971), (0.51993483, 0.27160147, 0.80987674), (0.561273, 0.26651818, 0.7835437), (0.56740075, 0.22749686, 0.7913921), (0.51993483, 0.27160147, 0.80987674), (0.51254797, 0.31313145, 0.7995269), (0.55387574, 0.3076813, 0.7736626), (0.561273, 0.26651818, 0.7835437), (0.51254797, 0.31313145, 0.7995269), (0.50442994, 0.35590625, 0.78669), (0.54557556, 0.3503953, 0.76129526), (0.55387574, 0.3076813, 0.7736626), (0.50442994, 0.35590625, 0.78669), (0.4961084, 0.39828825, 0.77151984), (0.5368436, 0.39249736, 0.74682313), (0.54557556, 0.3503953, 0.76129526), (0.4961084, 0.39828825, 0.77151984), (0.48779294, 0.43951142, 0.7542465), (0.52791923, 0.43306062, 0.7305886), (0.5368436, 0.39249736, 0.74682313), (0.48779294, 0.43951142, 0.7542465), (0.47975737, 0.47975737, 0.73461944), (0.519039, 0.47248694, 0.7122883), (0.52791923, 0.43306062, 0.7305886), (0.47975737, 0.47975737, 0.73461944), (0.47248694, 0.519039, 0.7122883), (0.5107955, 0.5107955, 0.69150275), (0.519039, 0.47248694, 0.7122883), (0.47248694, 0.519039, 0.7122883), (0.46671852, 0.55703217, 0.68694174), (0.50395614, 0.54753053, 0.66801083), (0.5107955, 0.5107955, 0.69150275), (0.46671852, 0.55703217, 0.68694174), (0.46313885, 0.5930339, 0.658645), (0.4994227, 0.581813, 0.6419274), (0.50395614, 0.54753053, 0.66801083), (0.46313885, 0.5930339, 0.658645), (0.46198642, 0.6271233, 0.62712437), (0.49793237, 0.61321425, 0.61321414), (0.4994227, 0.581813, 0.6419274), (0.5803727, 0.0074871066, 0.81431663), (0.5797369, 0.051522866, 0.8131732), (0.6231184, 0.051120963, 0.7804551), (0.62403685, 0.007317066, 0.7813607), (0.5797369, 0.051522866, 0.8131732), (0.5779174, 0.110022604, 0.8086449), (0.62036777, 0.109182425, 0.77667433), (0.6231184, 0.051120963, 0.7804551), (0.5779174, 0.110022604, 0.8086449), (0.5755573, 0.15155189, 0.80359554), (0.61721677, 0.1499552, 0.772371), (0.62036777, 0.109182425, 0.77667433), (0.5755573, 0.15155189, 0.80359554), (0.5721597, 0.18979058, 0.7978802), (0.6133065, 0.1873304, 0.76730853), (0.61721677, 0.1499552, 0.772371), (0.5721597, 0.18979058, 0.7978802), (0.56740075, 0.22749686, 0.7913921), (0.60835105, 0.22423209, 0.7613336), (0.6133065, 0.1873304, 0.76730853), (0.56740075, 0.22749686, 0.7913921), (0.561273, 0.26651818, 0.7835437), (0.6021619, 0.2627004, 0.7539162), (0.60835105, 0.22423209, 0.7613336), (0.561273, 0.26651818, 0.7835437), (0.55387574, 0.3076813, 0.7736626), (0.5946374, 0.3036515, 0.7444475), (0.6021619, 0.2627004, 0.7539162), (0.55387574, 0.3076813, 0.7736626), (0.54557556, 0.3503953, 0.76129526), (0.5859659, 0.3463195, 0.7326027), (0.5946374, 0.3036515, 0.7444475), (0.54557556, 0.3503953, 0.76129526), (0.5368436, 0.39249736, 0.74682313), (0.5766362, 0.3881257, 0.71892214), (0.5859659, 0.3463195, 0.7326027), (0.5368436, 0.39249736, 0.74682313), (0.52791923, 0.43306062, 0.7305886), (0.56693566, 0.42804226, 0.7038208), (0.5766362, 0.3881257, 0.71892214), (0.52791923, 0.43306062, 0.7305886), (0.519039, 0.47248694, 0.7122883), (0.55703217, 0.46671852, 0.68694174), (0.56693566, 0.42804226, 0.7038208), (0.519039, 0.47248694, 0.7122883), (0.5107955, 0.5107955, 0.69150275), (0.54753053, 0.50395614, 0.6680109), (0.55703217, 0.46671852, 0.68694174), (0.5107955, 0.5107955, 0.69150275), (0.50395614, 0.54753053, 0.66801083), (0.5390077, 0.5390077, 0.64725673), (0.54753053, 0.50395614, 0.6680109), (0.50395614, 0.54753053, 0.66801083), (0.4994227, 0.581813, 0.6419274), (0.53270686, 0.57119495, 0.6244676), (0.5390077, 0.5390077, 0.64725673), (0.4994227, 0.581813, 0.6419274), (0.49793237, 0.61321425, 0.61321414), (0.5305579, 0.5993801, 0.59937626), (0.53270686, 0.57119495, 0.6244676), (0.62403685, 0.007317066, 0.7813607), (0.6231184, 0.051120963, 0.7804551), (0.6649467, 0.050472777, 0.7451835), (0.66596127, 0.007111911, 0.7459524), (0.6231184, 0.051120963, 0.7804551), (0.62036777, 0.109182425, 0.77667433), (0.66169715, 0.10815222, 0.74192995), (0.6649467, 0.050472777, 0.7451835), (0.62036777, 0.109182425, 0.77667433), (0.61721677, 0.1499552, 0.772371), (0.6581107, 0.14864592, 0.7381021), (0.66169715, 0.10815222, 0.74192995), (0.61721677, 0.1499552, 0.772371), (0.6133065, 0.1873304, 0.76730853), (0.65388745, 0.18565224, 0.7334606), (0.6581107, 0.14864592, 0.7381021), (0.6133065, 0.1873304, 0.76730853), (0.60835105, 0.22423209, 0.7613336), (0.6487612, 0.22216663, 0.7278399), (0.65388745, 0.18565224, 0.7334606), (0.60835105, 0.22423209, 0.7613336), (0.6021619, 0.2627004, 0.7539162), (0.6424141, 0.26036605, 0.720773), (0.6487612, 0.22216663, 0.7278399), (0.6021619, 0.2627004, 0.7539162), (0.5946374, 0.3036515, 0.7444475), (0.63457185, 0.3012291, 0.7117441), (0.6424141, 0.26036605, 0.720773), (0.5946374, 0.3036515, 0.7444475), (0.5859659, 0.3463195, 0.7326027), (0.6252757, 0.34388018, 0.70055455), (0.63457185, 0.3012291, 0.7117441), (0.5859659, 0.3463195, 0.7326027), (0.5766362, 0.3881257, 0.71892214), (0.6150769, 0.3854672, 0.68781924), (0.6252757, 0.34388018, 0.70055455), (0.5766362, 0.3881257, 0.71892214), (0.56693566, 0.42804226, 0.7038208), (0.6043197, 0.424927, 0.67396945), (0.6150769, 0.3854672, 0.68781924), (0.56693566, 0.42804226, 0.7038208), (0.55703217, 0.46671852, 0.68694174), (0.5930339, 0.46313885, 0.658645), (0.6043197, 0.424927, 0.67396945), (0.55703217, 0.46671852, 0.68694174), (0.54753053, 0.50395614, 0.6680109), (0.581813, 0.4994227, 0.6419274), (0.5930339, 0.46313885, 0.658645), (0.54753053, 0.50395614, 0.6680109), (0.5390077, 0.5390077, 0.64725673), (0.57119495, 0.53270686, 0.6244677), (0.581813, 0.4994227, 0.6419274), (0.5390077, 0.5390077, 0.64725673), (0.53270686, 0.57119495, 0.6244676), (0.5623914, 0.5623914, 0.6061616), (0.57119495, 0.53270686, 0.6244677), (0.53270686, 0.57119495, 0.6244676), (0.5305579, 0.5993801, 0.59937626), (0.5591633, 0.586232, 0.5862324), (0.5623914, 0.5623914, 0.6061616), (0.66596127, 0.007111911, 0.7459524), (0.6649467, 0.050472777, 0.7451835), (0.7062231, 0.050025653, 0.70621973), (0.7070887, 0.0069439006, 0.7070907), (0.6649467, 0.050472777, 0.7451835), (0.66169715, 0.10815222, 0.74192995), (0.7030009, 0.10758822, 0.7030038), (0.7062231, 0.050025653, 0.70621973), (0.66169715, 0.10815222, 0.74192995), (0.6581107, 0.14864592, 0.7381021), (0.69931054, 0.14808105, 0.6993116), (0.7030009, 0.10758822, 0.7030038), (0.6581107, 0.14864592, 0.7381021), (0.65388745, 0.18565224, 0.7334606), (0.6948987, 0.18502805, 0.69489604), (0.69931054, 0.14808105, 0.6993116), (0.65388745, 0.18565224, 0.7334606), (0.6487612, 0.22216663, 0.7278399), (0.6895494, 0.22145858, 0.6895491), (0.6948987, 0.18502805, 0.69489604), (0.6487612, 0.22216663, 0.7278399), (0.6424141, 0.26036605, 0.720773), (0.68286794, 0.25959432, 0.68286324), (0.6895494, 0.22145858, 0.6895491), (0.6424141, 0.26036605, 0.720773), (0.63457185, 0.3012291, 0.7117441), (0.6744371, 0.3004386, 0.67444146), (0.68286794, 0.25959432, 0.68286324), (0.63457185, 0.3012291, 0.7117441), (0.6252757, 0.34388018, 0.70055455), (0.6641862, 0.34308884, 0.6641889), (0.6744371, 0.3004386, 0.67444146), (0.6252757, 0.34388018, 0.70055455), (0.6150769, 0.3854672, 0.68781924), (0.6527187, 0.38459948, 0.6527184), (0.6641862, 0.34308884, 0.6641889), (0.6150769, 0.3854672, 0.68781924), (0.6043197, 0.424927, 0.67396945), (0.6404318, 0.4239057, 0.64043033), (0.6527187, 0.38459948, 0.6527184), (0.6043197, 0.424927, 0.67396945), (0.5930339, 0.46313885, 0.658645), (0.6271233, 0.46198642, 0.62712437), (0.6404318, 0.4239057, 0.64043033), (0.5930339, 0.46313885, 0.658645), (0.581813, 0.4994227, 0.6419274), (0.61321425, 0.49793237, 0.61321414), (0.6271233, 0.46198642, 0.62712437), (0.581813, 0.4994227, 0.6419274), (0.57119495, 0.53270686, 0.6244677), (0.5993801, 0.5305579, 0.59937626), (0.61321425, 0.49793237, 0.61321414), (0.57119495, 0.53270686, 0.6244677), (0.5623914, 0.5623914, 0.6061616), (0.586232, 0.5591633, 0.5862324), (0.5993801, 0.5305579, 0.59937626), (0.5623914, 0.5623914, 0.6061616), (0.5591633, 0.586232, 0.5862324), (0.5773505, 0.57735056, 0.5773497), (0.586232, 0.5591633, 0.5862324), (0.012574808, -0.012574808, 0.9998419), (0.048270952, -0.0023677112, 0.9988315), (0.041585002, -0.041585002, 0.99826926), (0.0023677112, -0.048270952, 0.9988315), (0.048270952, -0.0023677112, 0.9988315), (0.09684841, -0.0021844509, 0.9952968), (0.101017915, -0.035893667, 0.9942368), (0.041585002, -0.041585002, 0.99826926), (0.09684841, -0.0021844509, 0.9952968), (0.14585392, -0.0028528129, 0.989302), (0.1499547, -0.03529171, 0.98806286), (0.101017915, -0.035893667, 0.9942368), (0.14585392, -0.0028528129, 0.989302), (0.19520131, -0.0036703935, 0.98075634), (0.19903697, -0.03770296, 0.9792664), (0.1499547, -0.03529171, 0.98806286), (0.19520131, -0.0036703935, 0.98075634), (0.2447599, -0.004609508, 0.9695728), (0.24819468, -0.040672865, 0.96785593), (0.19903697, -0.03770296, 0.9792664), (0.2447599, -0.004609508, 0.9695728), (0.2943389, -0.005443135, 0.95568556), (0.29714426, -0.043517902, 0.9538404), (0.24819468, -0.040672865, 0.96785593), (0.2943389, -0.005443135, 0.95568556), (0.3437398, -0.0061001857, 0.93904513), (0.3459338, -0.04594731, 0.93713325), (0.29714426, -0.043517902, 0.9538404), (0.3437398, -0.0061001857, 0.93904513), (0.39274994, -0.00665772, 0.9196213), (0.39439937, -0.04806325, 0.91768146), (0.3459338, -0.04594731, 0.93713325), (0.39274994, -0.00665772, 0.9196213), (0.44114608, -0.0071381005, 0.8974069), (0.44218466, -0.04983781, 0.89553833), (0.39439937, -0.04806325, 0.91768146), (0.44114608, -0.0071381005, 0.8974069), (0.4887038, -0.0074395305, 0.872418), (0.4890588, -0.05100501, 0.8707583), (0.44218466, -0.04983781, 0.89553833), (0.4887038, -0.0074395305, 0.872418), (0.53518945, -0.0075162463, 0.8446987), (0.5349781, -0.051496115, 0.8432951), (0.4890588, -0.05100501, 0.8707583), (0.53518945, -0.0075162463, 0.8446987), (0.5803727, -0.0074871066, 0.81431663), (0.5797369, -0.051522873, 0.8131732), (0.5349781, -0.051496115, 0.8432951), (0.5803727, -0.0074871066, 0.81431663), (0.62403685, -0.007317066, 0.7813607), (0.6231184, -0.051120963, 0.7804551), (0.5797369, -0.051522873, 0.8131732), (0.62403685, -0.007317066, 0.7813607), (0.66596127, -0.007111911, 0.7459524), (0.6649467, -0.050472777, 0.7451835), (0.6231184, -0.051120963, 0.7804551), (0.66596127, -0.007111911, 0.7459524), (0.7070887, -0.0069439006, 0.7070908), (0.7062231, -0.050025653, 0.70621973), (0.6649467, -0.050472777, 0.7451835), (0.0023677112, -0.048270952, 0.9988315), (0.041585002, -0.041585002, 0.99826926), (0.035893667, -0.101017915, 0.9942368), (0.0021844509, -0.09684842, 0.9952968), (0.041585002, -0.041585002, 0.99826926), (0.101017915, -0.035893667, 0.9942368), (0.0978213, -0.0978213, 0.9903848), (0.035893667, -0.101017915, 0.9942368), (0.101017915, -0.035893667, 0.9942368), (0.1499547, -0.03529171, 0.98806286), (0.1556352, -0.09559373, 0.98317826), (0.0978213, -0.0978213, 0.9903848), (0.1499547, -0.03529171, 0.98806286), (0.19903697, -0.03770296, 0.9792664), (0.2079121, -0.09657943, 0.97336787), (0.1556352, -0.09559373, 0.98317826), (0.19903697, -0.03770296, 0.9792664), (0.24819468, -0.040672865, 0.96785593), (0.25657284, -0.09884835, 0.9614569), (0.2079121, -0.09657943, 0.97336787), (0.24819468, -0.040672865, 0.96785593), (0.29714426, -0.043517902, 0.9538404), (0.30438465, -0.10161451, 0.94711375), (0.25657284, -0.09884835, 0.9614569), (0.29714426, -0.043517902, 0.9538404), (0.3459338, -0.04594731, 0.93713325), (0.3517661, -0.10442987, 0.93024457), (0.30438465, -0.10161451, 0.94711375), (0.3459338, -0.04594731, 0.93713325), (0.39439937, -0.04806325, 0.91768146), (0.39870602, -0.10696672, 0.91081923), (0.3517661, -0.10442987, 0.93024457), (0.39439937, -0.04806325, 0.91768146), (0.44218466, -0.04983781, 0.89553833), (0.44481128, -0.108921245, 0.88897645), (0.39870602, -0.10696672, 0.91081923), (0.44218466, -0.04983781, 0.89553833), (0.4890588, -0.05100501, 0.8707583), (0.48997846, -0.110072136, 0.86475724), (0.44481128, -0.108921245, 0.88897645), (0.4890588, -0.05100501, 0.8707583), (0.5349781, -0.051496115, 0.8432951), (0.53438437, -0.110395685, 0.8380014), (0.48997846, -0.110072136, 0.86475724), (0.5349781, -0.051496115, 0.8432951), (0.5797369, -0.051522873, 0.8131732), (0.57791734, -0.11002258, 0.8086449), (0.53438437, -0.110395685, 0.8380014), (0.5797369, -0.051522873, 0.8131732), (0.6231184, -0.051120963, 0.7804551), (0.62036777, -0.109182425, 0.77667433), (0.57791734, -0.11002258, 0.8086449), (0.6231184, -0.051120963, 0.7804551), (0.6649467, -0.050472777, 0.7451835), (0.66169715, -0.10815222, 0.74192995), (0.62036777, -0.109182425, 0.77667433), (0.6649467, -0.050472777, 0.7451835), (0.7062231, -0.050025653, 0.70621973), (0.7030009, -0.10758822, 0.7030038), (0.66169715, -0.10815222, 0.74192995), (0.0021844509, -0.09684842, 0.9952968), (0.035893667, -0.101017915, 0.9942368), (0.03529171, -0.1499547, 0.98806286), (0.0028528126, -0.1458539, 0.989302), (0.035893667, -0.101017915, 0.9942368), (0.0978213, -0.0978213, 0.9903848), (0.09559373, -0.1556352, 0.98317826), (0.03529171, -0.1499547, 0.98806286), (0.0978213, -0.0978213, 0.9903848), (0.1556352, -0.09559373, 0.98317826), (0.15582305, -0.15582305, 0.975417), (0.09559373, -0.1556352, 0.98317826), (0.1556352, -0.09559373, 0.98317826), (0.2079121, -0.09657943, 0.97336787), (0.21066432, -0.15414803, 0.96532834), (0.15582305, -0.15582305, 0.975417), (0.2079121, -0.09657943, 0.97336787), (0.25657284, -0.09884835, 0.9614569), (0.2610158, -0.1533438, 0.9530774), (0.21066432, -0.15414803, 0.96532834), (0.25657284, -0.09884835, 0.9614569), (0.30438465, -0.10161451, 0.94711375), (0.30943397, -0.1534194, 0.9384631), (0.2610158, -0.1533438, 0.9530774), (0.30438465, -0.10161451, 0.94711375), (0.3517661, -0.10442987, 0.93024457), (0.35631737, -0.15406464, 0.92157584), (0.30943397, -0.1534194, 0.9384631), (0.3517661, -0.10442987, 0.93024457), (0.39870602, -0.10696672, 0.91081923), (0.40192237, -0.15462965, 0.9025232), (0.35631737, -0.15406464, 0.92157584), (0.39870602, -0.10696672, 0.91081923), (0.44481128, -0.108921245, 0.88897645), (0.44644296, -0.15465584, 0.88134575), (0.40192237, -0.15462965, 0.9025232), (0.44481128, -0.108921245, 0.88897645), (0.48997846, -0.110072136, 0.86475724), (0.49011087, -0.15410894, 0.8579289), (0.44644296, -0.15465584, 0.88134575), (0.48997846, -0.110072136, 0.86475724), (0.53438437, -0.110395685, 0.8380014), (0.533149, -0.15304112, 0.832064), (0.49011087, -0.15410894, 0.8579289), (0.53438437, -0.110395685, 0.8380014), (0.57791734, -0.11002258, 0.8086449), (0.5755573, -0.15155189, 0.80359554), (0.533149, -0.15304112, 0.832064), (0.57791734, -0.11002258, 0.8086449), (0.62036777, -0.109182425, 0.77667433), (0.61721677, -0.1499552, 0.772371), (0.5755573, -0.15155189, 0.80359554), (0.62036777, -0.109182425, 0.77667433), (0.66169715, -0.10815222, 0.74192995), (0.6581108, -0.14864592, 0.7381021), (0.61721677, -0.1499552, 0.772371), (0.66169715, -0.10815222, 0.74192995), (0.7030009, -0.10758822, 0.7030038), (0.69931054, -0.14808105, 0.6993116), (0.6581108, -0.14864592, 0.7381021), (0.0028528126, -0.1458539, 0.989302), (0.03529171, -0.1499547, 0.98806286), (0.037702963, -0.19903697, 0.9792664), (0.0036703935, -0.19520128, 0.98075634), (0.03529171, -0.1499547, 0.98806286), (0.09559373, -0.1556352, 0.98317826), (0.09657943, -0.2079121, 0.97336787), (0.037702963, -0.19903697, 0.9792664), (0.09559373, -0.1556352, 0.98317826), (0.15582305, -0.15582305, 0.975417), (0.15414803, -0.21066432, 0.96532834), (0.09657943, -0.2079121, 0.97336787), (0.15582305, -0.15582305, 0.975417), (0.21066432, -0.15414803, 0.96532834), (0.2096136, -0.2096136, 0.955052), (0.15414803, -0.21066432, 0.96532834), (0.21066432, -0.15414803, 0.96532834), (0.2610158, -0.1533438, 0.9530774), (0.261772, -0.20780376, 0.942493), (0.2096136, -0.2096136, 0.955052), (0.2610158, -0.1533438, 0.9530774), (0.30943397, -0.1534194, 0.9384631), (0.31109422, -0.20579168, 0.92783093), (0.261772, -0.20780376, 0.942493), (0.30943397, -0.1534194, 0.9384631), (0.35631737, -0.15406464, 0.92157584), (0.3577961, -0.20369917, 0.91131145), (0.31109422, -0.20579168, 0.92783093), (0.35631737, -0.15406464, 0.92157584), (0.40192237, -0.15462965, 0.9025232), (0.40240338, -0.20135301, 0.89304453), (0.3577961, -0.20369917, 0.91131145), (0.40192237, -0.15462965, 0.9025232), (0.44644296, -0.15465584, 0.88134575), (0.4457531, -0.19863558, 0.8728391), (0.40240338, -0.20135301, 0.89304453), (0.44644296, -0.15465584, 0.88134575), (0.49011087, -0.15410894, 0.8579289), (0.48838624, -0.19568683, 0.85040325), (0.4457531, -0.19863558, 0.8728391), (0.49011087, -0.15410894, 0.8579289), (0.533149, -0.15304112, 0.832064), (0.5305044, -0.19268116, 0.8254933), (0.48838624, -0.19568683, 0.85040325), (0.533149, -0.15304112, 0.832064), (0.5755573, -0.15155189, 0.80359554), (0.5721597, -0.18979056, 0.7978802), (0.5305044, -0.19268116, 0.8254933), (0.5755573, -0.15155189, 0.80359554), (0.61721677, -0.1499552, 0.772371), (0.6133066, -0.18733041, 0.76730853), (0.5721597, -0.18979056, 0.7978802), (0.61721677, -0.1499552, 0.772371), (0.6581108, -0.14864592, 0.7381021), (0.65388745, -0.18565224, 0.7334605), (0.6133066, -0.18733041, 0.76730853), (0.6581108, -0.14864592, 0.7381021), (0.69931054, -0.14808105, 0.6993116), (0.6948987, -0.18502805, 0.69489604), (0.65388745, -0.18565224, 0.7334605), (0.0036703935, -0.19520128, 0.98075634), (0.037702963, -0.19903697, 0.9792664), (0.040672865, -0.24819468, 0.96785593), (0.004609508, -0.2447599, 0.9695728), (0.037702963, -0.19903697, 0.9792664), (0.09657943, -0.2079121, 0.97336787), (0.09884835, -0.25657284, 0.9614569), (0.040672865, -0.24819468, 0.96785593), (0.09657943, -0.2079121, 0.97336787), (0.15414803, -0.21066432, 0.96532834), (0.1533438, -0.2610158, 0.9530774), (0.09884835, -0.25657284, 0.9614569), (0.15414803, -0.21066432, 0.96532834), (0.2096136, -0.2096136, 0.955052), (0.20780376, -0.261772, 0.94249296), (0.1533438, -0.2610158, 0.9530774), (0.2096136, -0.2096136, 0.955052), (0.261772, -0.20780376, 0.942493), (0.26005697, -0.26005694, 0.9299144), (0.20780376, -0.261772, 0.94249296), (0.261772, -0.20780376, 0.942493), (0.31109422, -0.20579168, 0.92783093), (0.309226, -0.25663084, 0.91570723), (0.26005697, -0.26005694, 0.9299144), (0.31109422, -0.20579168, 0.92783093), (0.3577961, -0.20369917, 0.91131145), (0.3554517, -0.25209934, 0.90005565), (0.309226, -0.25663084, 0.91570723), (0.3577961, -0.20369917, 0.91131145), (0.40240338, -0.20135301, 0.89304453), (0.39938408, -0.24700749, 0.8828815), (0.3554517, -0.25209934, 0.90005565), (0.40240338, -0.20135301, 0.89304453), (0.4457531, -0.19863558, 0.8728391), (0.44211718, -0.24172367, 0.863772), (0.39938408, -0.24700749, 0.8828815), (0.4457531, -0.19863558, 0.8728391), (0.48838624, -0.19568683, 0.85040325), (0.48428407, -0.23652378, 0.84233326), (0.44211718, -0.24172367, 0.863772), (0.48838624, -0.19568683, 0.85040325), (0.5305044, -0.19268116, 0.8254933), (0.52602947, -0.23169562, 0.8182971), (0.48428407, -0.23652378, 0.84233326), (0.5305044, -0.19268116, 0.8254933), (0.5721597, -0.18979056, 0.7978802), (0.56740075, -0.22749688, 0.79139215), (0.52602947, -0.23169562, 0.8182971), (0.5721597, -0.18979056, 0.7978802), (0.6133066, -0.18733041, 0.76730853), (0.60835105, -0.22423208, 0.7613336), (0.56740075, -0.22749688, 0.79139215), (0.6133066, -0.18733041, 0.76730853), (0.65388745, -0.18565224, 0.7334605), (0.6487612, -0.22216663, 0.7278398), (0.60835105, -0.22423208, 0.7613336), (0.65388745, -0.18565224, 0.7334605), (0.6948987, -0.18502805, 0.69489604), (0.6895494, -0.22145858, 0.6895491), (0.6487612, -0.22216663, 0.7278398), (0.004609508, -0.2447599, 0.9695728), (0.040672865, -0.24819468, 0.96785593), (0.043517902, -0.29714426, 0.9538404), (0.005443135, -0.29433888, 0.95568556), (0.040672865, -0.24819468, 0.96785593), (0.09884835, -0.25657284, 0.9614569), (0.10161451, -0.30438465, 0.94711375), (0.043517902, -0.29714426, 0.9538404), (0.09884835, -0.25657284, 0.9614569), (0.1533438, -0.2610158, 0.9530774), (0.1534194, -0.30943397, 0.9384631), (0.10161451, -0.30438465, 0.94711375), (0.1533438, -0.2610158, 0.9530774), (0.20780376, -0.261772, 0.94249296), (0.20579168, -0.31109422, 0.92783093), (0.1534194, -0.30943397, 0.9384631), (0.20780376, -0.261772, 0.94249296), (0.26005697, -0.26005694, 0.9299144), (0.25663084, -0.30922604, 0.91570723), (0.20579168, -0.31109422, 0.92783093), (0.26005697, -0.26005694, 0.9299144), (0.309226, -0.25663084, 0.91570723), (0.30468863, -0.30468863, 0.90240216), (0.25663084, -0.30922604, 0.91570723), (0.309226, -0.25663084, 0.91570723), (0.3554517, -0.25209934, 0.90005565), (0.35016108, -0.29841068, 0.88788414), (0.30468863, -0.30468863, 0.90240216), (0.3554517, -0.25209934, 0.90005565), (0.39938408, -0.24700749, 0.8828815), (0.39366737, -0.29140782, 0.87184143), (0.35016108, -0.29841068, 0.88788414), (0.39938408, -0.24700749, 0.8828815), (0.44211718, -0.24172367, 0.863772), (0.4361789, -0.2843752, 0.8537439), (0.39366737, -0.29140782, 0.87184143), (0.44211718, -0.24172367, 0.863772), (0.48428407, -0.23652378, 0.84233326), (0.47823796, -0.2776577, 0.8331834), (0.4361789, -0.2843752, 0.8537439), (0.48428407, -0.23652378, 0.84233326), (0.52602947, -0.23169562, 0.8182971), (0.5199349, -0.2716015, 0.80987674), (0.47823796, -0.2776577, 0.8331834), (0.52602947, -0.23169562, 0.8182971), (0.56740075, -0.22749688, 0.79139215), (0.561273, -0.26651818, 0.7835437), (0.5199349, -0.2716015, 0.80987674), (0.56740075, -0.22749688, 0.79139215), (0.60835105, -0.22423208, 0.7613336), (0.6021619, -0.2627004, 0.7539162), (0.561273, -0.26651818, 0.7835437), (0.60835105, -0.22423208, 0.7613336), (0.6487612, -0.22216663, 0.7278398), (0.64241403, -0.260366, 0.7207729), (0.6021619, -0.2627004, 0.7539162), (0.6487612, -0.22216663, 0.7278398), (0.6895494, -0.22145858, 0.6895491), (0.68286794, -0.25959432, 0.68286324), (0.64241403, -0.260366, 0.7207729), (0.005443135, -0.29433888, 0.95568556), (0.043517902, -0.29714426, 0.9538404), (0.04594731, -0.3459338, 0.93713325), (0.0061001857, -0.34373978, 0.93904513), (0.043517902, -0.29714426, 0.9538404), (0.10161451, -0.30438465, 0.94711375), (0.10442988, -0.35176614, 0.93024457), (0.04594731, -0.3459338, 0.93713325), (0.10161451, -0.30438465, 0.94711375), (0.1534194, -0.30943397, 0.9384631), (0.15406464, -0.35631737, 0.92157584), (0.10442988, -0.35176614, 0.93024457), (0.1534194, -0.30943397, 0.9384631), (0.20579168, -0.31109422, 0.92783093), (0.20369917, -0.3577961, 0.91131145), (0.15406464, -0.35631737, 0.92157584), (0.20579168, -0.31109422, 0.92783093), (0.25663084, -0.30922604, 0.91570723), (0.25209934, -0.3554517, 0.90005565), (0.20369917, -0.3577961, 0.91131145), (0.25663084, -0.30922604, 0.91570723), (0.30468863, -0.30468863, 0.90240216), (0.29841065, -0.35016105, 0.88788414), (0.25209934, -0.3554517, 0.90005565), (0.30468863, -0.30468863, 0.90240216), (0.35016108, -0.29841068, 0.88788414), (0.34294483, -0.34294483, 0.87451565), (0.29841065, -0.35016105, 0.88788414), (0.35016108, -0.29841068, 0.88788414), (0.39366737, -0.29140782, 0.87184143), (0.3861769, -0.3349908, 0.8594466), (0.34294483, -0.34294483, 0.87451565), (0.39366737, -0.29140782, 0.87184143), (0.4361789, -0.2843752, 0.8537439), (0.42869335, -0.32712987, 0.84214485), (0.3861769, -0.3349908, 0.8594466), (0.4361789, -0.2843752, 0.8537439), (0.47823796, -0.2776577, 0.8331834), (0.47080407, -0.31972528, 0.8222647), (0.42869335, -0.32712987, 0.84214485), (0.47823796, -0.2776577, 0.8331834), (0.5199349, -0.2716015, 0.80987674), (0.51254797, -0.31313145, 0.7995269), (0.47080407, -0.31972528, 0.8222647), (0.5199349, -0.2716015, 0.80987674), (0.561273, -0.26651818, 0.7835437), (0.55387574, -0.3076813, 0.7736627), (0.51254797, -0.31313145, 0.7995269), (0.561273, -0.26651818, 0.7835437), (0.6021619, -0.2627004, 0.7539162), (0.5946374, -0.3036515, 0.7444475), (0.55387574, -0.3076813, 0.7736627), (0.6021619, -0.2627004, 0.7539162), (0.64241403, -0.260366, 0.7207729), (0.63457185, -0.3012291, 0.7117441), (0.5946374, -0.3036515, 0.7444475), (0.64241403, -0.260366, 0.7207729), (0.68286794, -0.25959432, 0.68286324), (0.6744371, -0.3004386, 0.67444146), (0.63457185, -0.3012291, 0.7117441), (0.0061001857, -0.34373978, 0.93904513), (0.04594731, -0.3459338, 0.93713325), (0.04806325, -0.39439937, 0.91768146), (0.00665772, -0.3927499, 0.9196213), (0.04594731, -0.3459338, 0.93713325), (0.10442988, -0.35176614, 0.93024457), (0.10696672, -0.39870602, 0.91081923), (0.04806325, -0.39439937, 0.91768146), (0.10442988, -0.35176614, 0.93024457), (0.15406464, -0.35631737, 0.92157584), (0.15462965, -0.40192237, 0.9025232), (0.10696672, -0.39870602, 0.91081923), (0.15406464, -0.35631737, 0.92157584), (0.20369917, -0.3577961, 0.91131145), (0.20135301, -0.40240335, 0.89304453), (0.15462965, -0.40192237, 0.9025232), (0.20369917, -0.3577961, 0.91131145), (0.25209934, -0.3554517, 0.90005565), (0.24700744, -0.399384, 0.8828814), (0.20135301, -0.40240335, 0.89304453), (0.25209934, -0.3554517, 0.90005565), (0.29841065, -0.35016105, 0.88788414), (0.29140782, -0.39366737, 0.87184143), (0.24700744, -0.399384, 0.8828814), (0.29841065, -0.35016105, 0.88788414), (0.34294483, -0.34294483, 0.87451565), (0.3349908, -0.3861769, 0.8594466), (0.29140782, -0.39366737, 0.87184143), (0.34294483, -0.34294483, 0.87451565), (0.3861769, -0.3349908, 0.8594466), (0.37803972, -0.37803966, 0.84508693), (0.3349908, -0.3861769, 0.8594466), (0.3861769, -0.3349908, 0.8594466), (0.42869335, -0.32712987, 0.84214485), (0.4206177, -0.37005675, 0.82833487), (0.37803972, -0.37803966, 0.84508693), (0.42869335, -0.32712987, 0.84214485), (0.47080407, -0.31972528, 0.8222647), (0.46274447, -0.36256662, 0.808958), (0.4206177, -0.37005675, 0.82833487), (0.47080407, -0.31972528, 0.8222647), (0.51254797, -0.31313145, 0.7995269), (0.50442994, -0.35590625, 0.78669), (0.46274447, -0.36256662, 0.808958), (0.51254797, -0.31313145, 0.7995269), (0.55387574, -0.3076813, 0.7736627), (0.54557556, -0.3503953, 0.76129526), (0.50442994, -0.35590625, 0.78669), (0.55387574, -0.3076813, 0.7736627), (0.5946374, -0.3036515, 0.7444475), (0.5859659, -0.34631947, 0.7326027), (0.54557556, -0.3503953, 0.76129526), (0.5946374, -0.3036515, 0.7444475), (0.63457185, -0.3012291, 0.7117441), (0.6252757, -0.34388018, 0.70055455), (0.5859659, -0.34631947, 0.7326027), (0.63457185, -0.3012291, 0.7117441), (0.6744371, -0.3004386, 0.67444146), (0.6641862, -0.34308884, 0.6641889), (0.6252757, -0.34388018, 0.70055455), (0.00665772, -0.3927499, 0.9196213), (0.04806325, -0.39439937, 0.91768146), (0.04983781, -0.44218466, 0.89553833), (0.0071381005, -0.44114608, 0.8974069), (0.04806325, -0.39439937, 0.91768146), (0.10696672, -0.39870602, 0.91081923), (0.108921245, -0.44481128, 0.88897645), (0.04983781, -0.44218466, 0.89553833), (0.10696672, -0.39870602, 0.91081923), (0.15462965, -0.40192237, 0.9025232), (0.15465583, -0.44644296, 0.88134575), (0.108921245, -0.44481128, 0.88897645), (0.15462965, -0.40192237, 0.9025232), (0.20135301, -0.40240335, 0.89304453), (0.19863558, -0.44575313, 0.8728391), (0.15465583, -0.44644296, 0.88134575), (0.20135301, -0.40240335, 0.89304453), (0.24700744, -0.399384, 0.8828814), (0.24172367, -0.44211718, 0.863772), (0.19863558, -0.44575313, 0.8728391), (0.24700744, -0.399384, 0.8828814), (0.29140782, -0.39366737, 0.87184143), (0.2843752, -0.4361789, 0.8537439), (0.24172367, -0.44211718, 0.863772), (0.29140782, -0.39366737, 0.87184143), (0.3349908, -0.3861769, 0.8594466), (0.32712987, -0.42869335, 0.84214485), (0.2843752, -0.4361789, 0.8537439), (0.3349908, -0.3861769, 0.8594466), (0.37803972, -0.37803966, 0.84508693), (0.37005675, -0.4206177, 0.82833487), (0.32712987, -0.42869335, 0.84214485), (0.37803972, -0.37803966, 0.84508693), (0.4206177, -0.37005675, 0.82833487), (0.41265908, -0.41265908, 0.8120499), (0.37005675, -0.4206177, 0.82833487), (0.4206177, -0.37005675, 0.82833487), (0.46274447, -0.36256662, 0.808958), (0.4546754, -0.40512076, 0.7931882), (0.41265908, -0.41265908, 0.8120499), (0.46274447, -0.36256662, 0.808958), (0.50442994, -0.35590625, 0.78669), (0.49610844, -0.39828825, 0.77151984), (0.4546754, -0.40512076, 0.7931882), (0.50442994, -0.35590625, 0.78669), (0.54557556, -0.3503953, 0.76129526), (0.5368436, -0.39249736, 0.74682313), (0.49610844, -0.39828825, 0.77151984), (0.54557556, -0.3503953, 0.76129526), (0.5859659, -0.34631947, 0.7326027), (0.5766362, -0.3881257, 0.7189222), (0.5368436, -0.39249736, 0.74682313), (0.5859659, -0.34631947, 0.7326027), (0.6252757, -0.34388018, 0.70055455), (0.6150769, -0.3854672, 0.68781924), (0.5766362, -0.3881257, 0.7189222), (0.6252757, -0.34388018, 0.70055455), (0.6641862, -0.34308884, 0.6641889), (0.6527187, -0.38459948, 0.6527184), (0.6150769, -0.3854672, 0.68781924), (0.0071381005, -0.44114608, 0.8974069), (0.04983781, -0.44218466, 0.89553833), (0.05100501, -0.48905873, 0.8707583), (0.0074395295, -0.4887038, 0.872418), (0.04983781, -0.44218466, 0.89553833), (0.108921245, -0.44481128, 0.88897645), (0.110072136, -0.48997846, 0.86475724), (0.05100501, -0.48905873, 0.8707583), (0.108921245, -0.44481128, 0.88897645), (0.15465583, -0.44644296, 0.88134575), (0.15410894, -0.49011087, 0.8579289), (0.110072136, -0.48997846, 0.86475724), (0.15465583, -0.44644296, 0.88134575), (0.19863558, -0.44575313, 0.8728391), (0.19568685, -0.48838624, 0.85040325), (0.15410894, -0.49011087, 0.8579289), (0.19863558, -0.44575313, 0.8728391), (0.24172367, -0.44211718, 0.863772), (0.23652375, -0.48428404, 0.8423334), (0.19568685, -0.48838624, 0.85040325), (0.24172367, -0.44211718, 0.863772), (0.2843752, -0.4361789, 0.8537439), (0.2776577, -0.47823796, 0.8331834), (0.23652375, -0.48428404, 0.8423334), (0.2843752, -0.4361789, 0.8537439), (0.32712987, -0.42869335, 0.84214485), (0.31972528, -0.47080407, 0.82226473), (0.2776577, -0.47823796, 0.8331834), (0.32712987, -0.42869335, 0.84214485), (0.37005675, -0.4206177, 0.82833487), (0.36256665, -0.46274447, 0.808958), (0.31972528, -0.47080407, 0.82226473), (0.37005675, -0.4206177, 0.82833487), (0.41265908, -0.41265908, 0.8120499), (0.40512076, -0.4546754, 0.7931882), (0.36256665, -0.46274447, 0.808958), (0.41265908, -0.41265908, 0.8120499), (0.4546754, -0.40512076, 0.7931882), (0.44684324, -0.44684324, 0.77502406), (0.40512076, -0.4546754, 0.7931882), (0.4546754, -0.40512076, 0.7931882), (0.49610844, -0.39828825, 0.77151984), (0.48779294, -0.43951142, 0.7542465), (0.44684324, -0.44684324, 0.77502406), (0.49610844, -0.39828825, 0.77151984), (0.5368436, -0.39249736, 0.74682313), (0.52791923, -0.43306062, 0.7305886), (0.48779294, -0.43951142, 0.7542465), (0.5368436, -0.39249736, 0.74682313), (0.5766362, -0.3881257, 0.7189222), (0.56693566, -0.42804226, 0.7038208), (0.52791923, -0.43306062, 0.7305886), (0.5766362, -0.3881257, 0.7189222), (0.6150769, -0.3854672, 0.68781924), (0.6043197, -0.424927, 0.67396945), (0.56693566, -0.42804226, 0.7038208), (0.6150769, -0.3854672, 0.68781924), (0.6527187, -0.38459948, 0.6527184), (0.6404318, -0.4239057, 0.64043033), (0.6043197, -0.424927, 0.67396945), (0.0074395295, -0.4887038, 0.872418), (0.05100501, -0.48905873, 0.8707583), (0.051496115, -0.5349781, 0.8432951), (0.0075162463, -0.53518945, 0.8446987), (0.05100501, -0.48905873, 0.8707583), (0.110072136, -0.48997846, 0.86475724), (0.110395685, -0.53438437, 0.8380014), (0.051496115, -0.5349781, 0.8432951), (0.110072136, -0.48997846, 0.86475724), (0.15410894, -0.49011087, 0.8579289), (0.15304112, -0.533149, 0.832064), (0.110395685, -0.53438437, 0.8380014), (0.15410894, -0.49011087, 0.8579289), (0.19568685, -0.48838624, 0.85040325), (0.19268116, -0.5305044, 0.8254933), (0.15304112, -0.533149, 0.832064), (0.19568685, -0.48838624, 0.85040325), (0.23652375, -0.48428404, 0.8423334), (0.23169562, -0.52602947, 0.8182971), (0.19268116, -0.5305044, 0.8254933), (0.23652375, -0.48428404, 0.8423334), (0.2776577, -0.47823796, 0.8331834), (0.27160147, -0.51993483, 0.80987674), (0.23169562, -0.52602947, 0.8182971), (0.2776577, -0.47823796, 0.8331834), (0.31972528, -0.47080407, 0.82226473), (0.31313145, -0.51254797, 0.7995269), (0.27160147, -0.51993483, 0.80987674), (0.31972528, -0.47080407, 0.82226473), (0.36256665, -0.46274447, 0.808958), (0.35590625, -0.50442994, 0.78669), (0.31313145, -0.51254797, 0.7995269), (0.36256665, -0.46274447, 0.808958), (0.40512076, -0.4546754, 0.7931882), (0.39828825, -0.4961084, 0.77151984), (0.35590625, -0.50442994, 0.78669), (0.40512076, -0.4546754, 0.7931882), (0.44684324, -0.44684324, 0.77502406), (0.43951142, -0.48779294, 0.7542465), (0.39828825, -0.4961084, 0.77151984), (0.44684324, -0.44684324, 0.77502406), (0.48779294, -0.43951142, 0.7542465), (0.47975737, -0.47975737, 0.73461944), (0.43951142, -0.48779294, 0.7542465), (0.48779294, -0.43951142, 0.7542465), (0.52791923, -0.43306062, 0.7305886), (0.519039, -0.47248694, 0.7122883), (0.47975737, -0.47975737, 0.73461944), (0.52791923, -0.43306062, 0.7305886), (0.56693566, -0.42804226, 0.7038208), (0.55703217, -0.46671852, 0.68694174), (0.519039, -0.47248694, 0.7122883), (0.56693566, -0.42804226, 0.7038208), (0.6043197, -0.424927, 0.67396945), (0.5930339, -0.46313885, 0.658645), (0.55703217, -0.46671852, 0.68694174), (0.6043197, -0.424927, 0.67396945), (0.6404318, -0.4239057, 0.64043033), (0.6271233, -0.46198642, 0.62712437), (0.5930339, -0.46313885, 0.658645), (0.0075162463, -0.53518945, 0.8446987), (0.051496115, -0.5349781, 0.8432951), (0.051522866, -0.5797369, 0.8131732), (0.0074871075, -0.5803727, 0.81431663), (0.051496115, -0.5349781, 0.8432951), (0.110395685, -0.53438437, 0.8380014), (0.110022604, -0.5779174, 0.8086449), (0.051522866, -0.5797369, 0.8131732), (0.110395685, -0.53438437, 0.8380014), (0.15304112, -0.533149, 0.832064), (0.15155189, -0.5755573, 0.80359554), (0.110022604, -0.5779174, 0.8086449), (0.15304112, -0.533149, 0.832064), (0.19268116, -0.5305044, 0.8254933), (0.18979058, -0.5721597, 0.7978802), (0.15155189, -0.5755573, 0.80359554), (0.19268116, -0.5305044, 0.8254933), (0.23169562, -0.52602947, 0.8182971), (0.22749686, -0.56740075, 0.7913921), (0.18979058, -0.5721597, 0.7978802), (0.23169562, -0.52602947, 0.8182971), (0.27160147, -0.51993483, 0.80987674), (0.26651818, -0.561273, 0.7835437), (0.22749686, -0.56740075, 0.7913921), (0.27160147, -0.51993483, 0.80987674), (0.31313145, -0.51254797, 0.7995269), (0.3076813, -0.55387574, 0.7736626), (0.26651818, -0.561273, 0.7835437), (0.31313145, -0.51254797, 0.7995269), (0.35590625, -0.50442994, 0.78669), (0.3503953, -0.54557556, 0.76129526), (0.3076813, -0.55387574, 0.7736626), (0.35590625, -0.50442994, 0.78669), (0.39828825, -0.4961084, 0.77151984), (0.39249736, -0.5368436, 0.74682313), (0.3503953, -0.54557556, 0.76129526), (0.39828825, -0.4961084, 0.77151984), (0.43951142, -0.48779294, 0.7542465), (0.43306062, -0.52791923, 0.7305886), (0.39249736, -0.5368436, 0.74682313), (0.43951142, -0.48779294, 0.7542465), (0.47975737, -0.47975737, 0.73461944), (0.47248694, -0.519039, 0.7122883), (0.43306062, -0.52791923, 0.7305886), (0.47975737, -0.47975737, 0.73461944), (0.519039, -0.47248694, 0.7122883), (0.5107955, -0.5107955, 0.69150275), (0.47248694, -0.519039, 0.7122883), (0.519039, -0.47248694, 0.7122883), (0.55703217, -0.46671852, 0.68694174), (0.54753053, -0.50395614, 0.66801083), (0.5107955, -0.5107955, 0.69150275), (0.55703217, -0.46671852, 0.68694174), (0.5930339, -0.46313885, 0.658645), (0.581813, -0.4994227, 0.6419274), (0.54753053, -0.50395614, 0.66801083), (0.5930339, -0.46313885, 0.658645), (0.6271233, -0.46198642, 0.62712437), (0.61321425, -0.49793237, 0.61321414), (0.581813, -0.4994227, 0.6419274), (0.0074871075, -0.5803727, 0.81431663), (0.051522866, -0.5797369, 0.8131732), (0.051120963, -0.6231184, 0.7804551), (0.007317066, -0.62403685, 0.7813608), (0.051522866, -0.5797369, 0.8131732), (0.110022604, -0.5779174, 0.8086449), (0.109182425, -0.62036777, 0.77667433), (0.051120963, -0.6231184, 0.7804551), (0.110022604, -0.5779174, 0.8086449), (0.15155189, -0.5755573, 0.80359554), (0.1499552, -0.61721677, 0.772371), (0.109182425, -0.62036777, 0.77667433), (0.15155189, -0.5755573, 0.80359554), (0.18979058, -0.5721597, 0.7978802), (0.1873304, -0.6133065, 0.76730853), (0.1499552, -0.61721677, 0.772371), (0.18979058, -0.5721597, 0.7978802), (0.22749686, -0.56740075, 0.7913921), (0.22423209, -0.60835105, 0.7613336), (0.1873304, -0.6133065, 0.76730853), (0.22749686, -0.56740075, 0.7913921), (0.26651818, -0.561273, 0.7835437), (0.2627004, -0.6021619, 0.7539162), (0.22423209, -0.60835105, 0.7613336), (0.26651818, -0.561273, 0.7835437), (0.3076813, -0.55387574, 0.7736626), (0.3036515, -0.5946374, 0.7444475), (0.2627004, -0.6021619, 0.7539162), (0.3076813, -0.55387574, 0.7736626), (0.3503953, -0.54557556, 0.76129526), (0.3463195, -0.5859659, 0.7326027), (0.3036515, -0.5946374, 0.7444475), (0.3503953, -0.54557556, 0.76129526), (0.39249736, -0.5368436, 0.74682313), (0.3881257, -0.5766362, 0.71892214), (0.3463195, -0.5859659, 0.7326027), (0.39249736, -0.5368436, 0.74682313), (0.43306062, -0.52791923, 0.7305886), (0.42804226, -0.56693566, 0.7038208), (0.3881257, -0.5766362, 0.71892214), (0.43306062, -0.52791923, 0.7305886), (0.47248694, -0.519039, 0.7122883), (0.46671852, -0.55703217, 0.68694174), (0.42804226, -0.56693566, 0.7038208), (0.47248694, -0.519039, 0.7122883), (0.5107955, -0.5107955, 0.69150275), (0.50395614, -0.54753053, 0.6680109), (0.46671852, -0.55703217, 0.68694174), (0.5107955, -0.5107955, 0.69150275), (0.54753053, -0.50395614, 0.66801083), (0.5390077, -0.5390077, 0.64725673), (0.50395614, -0.54753053, 0.6680109), (0.54753053, -0.50395614, 0.66801083), (0.581813, -0.4994227, 0.6419274), (0.57119495, -0.53270686, 0.6244676), (0.5390077, -0.5390077, 0.64725673), (0.581813, -0.4994227, 0.6419274), (0.61321425, -0.49793237, 0.61321414), (0.5993801, -0.5305579, 0.59937626), (0.57119495, -0.53270686, 0.6244676), (0.007317066, -0.62403685, 0.7813608), (0.051120963, -0.6231184, 0.7804551), (0.050472777, -0.6649467, 0.7451835), (0.007111911, -0.66596127, 0.7459524), (0.051120963, -0.6231184, 0.7804551), (0.109182425, -0.62036777, 0.77667433), (0.10815222, -0.66169715, 0.74192995), (0.050472777, -0.6649467, 0.7451835), (0.109182425, -0.62036777, 0.77667433), (0.1499552, -0.61721677, 0.772371), (0.14864592, -0.6581107, 0.7381021), (0.10815222, -0.66169715, 0.74192995), (0.1499552, -0.61721677, 0.772371), (0.1873304, -0.6133065, 0.76730853), (0.18565224, -0.65388745, 0.7334606), (0.14864592, -0.6581107, 0.7381021), (0.1873304, -0.6133065, 0.76730853), (0.22423209, -0.60835105, 0.7613336), (0.22216663, -0.6487612, 0.7278399), (0.18565224, -0.65388745, 0.7334606), (0.22423209, -0.60835105, 0.7613336), (0.2627004, -0.6021619, 0.7539162), (0.26036605, -0.6424141, 0.720773), (0.22216663, -0.6487612, 0.7278399), (0.2627004, -0.6021619, 0.7539162), (0.3036515, -0.5946374, 0.7444475), (0.3012291, -0.63457185, 0.7117441), (0.26036605, -0.6424141, 0.720773), (0.3036515, -0.5946374, 0.7444475), (0.3463195, -0.5859659, 0.7326027), (0.34388018, -0.6252757, 0.70055455), (0.3012291, -0.63457185, 0.7117441), (0.3463195, -0.5859659, 0.7326027), (0.3881257, -0.5766362, 0.71892214), (0.3854672, -0.6150769, 0.68781924), (0.34388018, -0.6252757, 0.70055455), (0.3881257, -0.5766362, 0.71892214), (0.42804226, -0.56693566, 0.7038208), (0.424927, -0.6043197, 0.67396945), (0.3854672, -0.6150769, 0.68781924), (0.42804226, -0.56693566, 0.7038208), (0.46671852, -0.55703217, 0.68694174), (0.46313885, -0.5930339, 0.658645), (0.424927, -0.6043197, 0.67396945), (0.46671852, -0.55703217, 0.68694174), (0.50395614, -0.54753053, 0.6680109), (0.4994227, -0.581813, 0.6419274), (0.46313885, -0.5930339, 0.658645), (0.50395614, -0.54753053, 0.6680109), (0.5390077, -0.5390077, 0.64725673), (0.53270686, -0.57119495, 0.6244677), (0.4994227, -0.581813, 0.6419274), (0.5390077, -0.5390077, 0.64725673), (0.57119495, -0.53270686, 0.6244676), (0.5623914, -0.5623914, 0.6061616), (0.53270686, -0.57119495, 0.6244677), (0.57119495, -0.53270686, 0.6244676), (0.5993801, -0.5305579, 0.59937626), (0.586232, -0.5591633, 0.5862324), (0.5623914, -0.5623914, 0.6061616), (0.007111911, -0.66596127, 0.7459524), (0.050472777, -0.6649467, 0.7451835), (0.050025653, -0.7062231, 0.70621973), (0.0069439006, -0.7070887, 0.7070908), (0.050472777, -0.6649467, 0.7451835), (0.10815222, -0.66169715, 0.74192995), (0.10758822, -0.7030009, 0.7030038), (0.050025653, -0.7062231, 0.70621973), (0.10815222, -0.66169715, 0.74192995), (0.14864592, -0.6581107, 0.7381021), (0.14808105, -0.69931054, 0.6993116), (0.10758822, -0.7030009, 0.7030038), (0.14864592, -0.6581107, 0.7381021), (0.18565224, -0.65388745, 0.7334606), (0.18502805, -0.6948987, 0.69489604), (0.14808105, -0.69931054, 0.6993116), (0.18565224, -0.65388745, 0.7334606), (0.22216663, -0.6487612, 0.7278399), (0.22145858, -0.6895494, 0.6895491), (0.18502805, -0.6948987, 0.69489604), (0.22216663, -0.6487612, 0.7278399), (0.26036605, -0.6424141, 0.720773), (0.25959432, -0.68286794, 0.68286324), (0.22145858, -0.6895494, 0.6895491), (0.26036605, -0.6424141, 0.720773), (0.3012291, -0.63457185, 0.7117441), (0.3004386, -0.6744371, 0.67444146), (0.25959432, -0.68286794, 0.68286324), (0.3012291, -0.63457185, 0.7117441), (0.34388018, -0.6252757, 0.70055455), (0.34308884, -0.6641862, 0.6641889), (0.3004386, -0.6744371, 0.67444146), (0.34388018, -0.6252757, 0.70055455), (0.3854672, -0.6150769, 0.68781924), (0.38459948, -0.6527187, 0.6527184), (0.34308884, -0.6641862, 0.6641889), (0.3854672, -0.6150769, 0.68781924), (0.424927, -0.6043197, 0.67396945), (0.4239057, -0.6404318, 0.64043033), (0.38459948, -0.6527187, 0.6527184), (0.424927, -0.6043197, 0.67396945), (0.46313885, -0.5930339, 0.658645), (0.46198642, -0.6271233, 0.62712437), (0.4239057, -0.6404318, 0.64043033), (0.46313885, -0.5930339, 0.658645), (0.4994227, -0.581813, 0.6419274), (0.49793237, -0.61321425, 0.61321414), (0.46198642, -0.6271233, 0.62712437), (0.4994227, -0.581813, 0.6419274), (0.53270686, -0.57119495, 0.6244677), (0.5305579, -0.5993801, 0.59937626), (0.49793237, -0.61321425, 0.61321414), (0.53270686, -0.57119495, 0.6244677), (0.5623914, -0.5623914, 0.6061616), (0.5591633, -0.586232, 0.5862324), (0.5305579, -0.5993801, 0.59937626), (0.5623914, -0.5623914, 0.6061616), (0.586232, -0.5591633, 0.5862324), (0.57735056, -0.5773505, 0.5773497), (0.5591633, -0.586232, 0.5862324), (-0.012574808, -0.012574808, 0.9998419), (0.012574808, -0.012574808, 0.9998419), (0.0023677112, -0.048270952, 0.9988315), (-0.0023677112, -0.048270952, 0.9988315), (-0.0023677112, -0.048270952, 0.9988315), (0.0023677112, -0.048270952, 0.9988315), (0.0021844509, -0.09684842, 0.9952968), (-0.0021844509, -0.09684842, 0.9952968), (-0.0021844509, -0.09684842, 0.9952968), (0.0021844509, -0.09684842, 0.9952968), (0.0028528126, -0.1458539, 0.989302), (-0.0028528126, -0.1458539, 0.989302), (-0.0028528126, -0.1458539, 0.989302), (0.0028528126, -0.1458539, 0.989302), (0.0036703935, -0.19520128, 0.98075634), (-0.0036703935, -0.19520131, 0.98075634), (-0.0036703935, -0.19520131, 0.98075634), (0.0036703935, -0.19520128, 0.98075634), (0.004609508, -0.2447599, 0.9695728), (-0.0046095084, -0.2447599, 0.9695728), (-0.0046095084, -0.2447599, 0.9695728), (0.004609508, -0.2447599, 0.9695728), (0.005443135, -0.29433888, 0.95568556), (-0.005443135, -0.29433888, 0.95568556), (-0.005443135, -0.29433888, 0.95568556), (0.005443135, -0.29433888, 0.95568556), (0.0061001857, -0.34373978, 0.93904513), (-0.0061001857, -0.34373978, 0.93904513), (-0.0061001857, -0.34373978, 0.93904513), (0.0061001857, -0.34373978, 0.93904513), (0.00665772, -0.3927499, 0.9196213), (-0.00665772, -0.3927499, 0.9196213), (-0.00665772, -0.3927499, 0.9196213), (0.00665772, -0.3927499, 0.9196213), (0.0071381005, -0.44114608, 0.8974069), (-0.0071381005, -0.44114614, 0.8974069), (-0.0071381005, -0.44114614, 0.8974069), (0.0071381005, -0.44114608, 0.8974069), (0.0074395295, -0.4887038, 0.872418), (-0.0074395305, -0.48870382, 0.872418), (-0.0074395305, -0.48870382, 0.872418), (0.0074395295, -0.4887038, 0.872418), (0.0075162463, -0.53518945, 0.8446987), (-0.0075162463, -0.53518945, 0.8446987), (-0.0075162463, -0.53518945, 0.8446987), (0.0075162463, -0.53518945, 0.8446987), (0.0074871075, -0.5803727, 0.81431663), (-0.0074871066, -0.5803727, 0.81431663), (-0.0074871066, -0.5803727, 0.81431663), (0.0074871075, -0.5803727, 0.81431663), (0.007317066, -0.62403685, 0.7813608), (-0.007317066, -0.62403685, 0.7813607), (-0.007317066, -0.62403685, 0.7813607), (0.007317066, -0.62403685, 0.7813608), (0.007111911, -0.66596127, 0.7459524), (-0.007111911, -0.66596127, 0.7459524), (-0.007111911, -0.66596127, 0.7459524), (0.007111911, -0.66596127, 0.7459524), (0.0069439006, -0.7070887, 0.7070908), (-0.0069439006, -0.7070887, 0.7070908), (-0.012574808, -0.012574808, 0.9998419), (-0.0023677112, -0.048270952, 0.9988315), (-0.041585002, -0.041585002, 0.99826926), (-0.048270952, -0.0023677112, 0.9988315), (-0.0023677112, -0.048270952, 0.9988315), (-0.0021844509, -0.09684842, 0.9952968), (-0.035893667, -0.101017915, 0.9942368), (-0.041585002, -0.041585002, 0.99826926), (-0.0021844509, -0.09684842, 0.9952968), (-0.0028528126, -0.1458539, 0.989302), (-0.03529171, -0.1499547, 0.98806286), (-0.035893667, -0.101017915, 0.9942368), (-0.0028528126, -0.1458539, 0.989302), (-0.0036703935, -0.19520131, 0.98075634), (-0.03770296, -0.19903697, 0.9792664), (-0.03529171, -0.1499547, 0.98806286), (-0.0036703935, -0.19520131, 0.98075634), (-0.0046095084, -0.2447599, 0.9695728), (-0.040672865, -0.24819468, 0.96785593), (-0.03770296, -0.19903697, 0.9792664), (-0.0046095084, -0.2447599, 0.9695728), (-0.005443135, -0.29433888, 0.95568556), (-0.043517902, -0.29714426, 0.9538404), (-0.040672865, -0.24819468, 0.96785593), (-0.005443135, -0.29433888, 0.95568556), (-0.0061001857, -0.34373978, 0.93904513), (-0.04594731, -0.3459338, 0.93713325), (-0.043517902, -0.29714426, 0.9538404), (-0.0061001857, -0.34373978, 0.93904513), (-0.00665772, -0.3927499, 0.9196213), (-0.04806325, -0.39439937, 0.91768146), (-0.04594731, -0.3459338, 0.93713325), (-0.00665772, -0.3927499, 0.9196213), (-0.0071381005, -0.44114614, 0.8974069), (-0.04983781, -0.44218466, 0.89553833), (-0.04806325, -0.39439937, 0.91768146), (-0.0071381005, -0.44114614, 0.8974069), (-0.0074395305, -0.48870382, 0.872418), (-0.05100501, -0.4890588, 0.8707583), (-0.04983781, -0.44218466, 0.89553833), (-0.0074395305, -0.48870382, 0.872418), (-0.0075162463, -0.53518945, 0.8446987), (-0.051496115, -0.5349781, 0.8432951), (-0.05100501, -0.4890588, 0.8707583), (-0.0075162463, -0.53518945, 0.8446987), (-0.0074871066, -0.5803727, 0.81431663), (-0.051522873, -0.5797369, 0.8131732), (-0.051496115, -0.5349781, 0.8432951), (-0.0074871066, -0.5803727, 0.81431663), (-0.007317066, -0.62403685, 0.7813607), (-0.051120963, -0.6231184, 0.7804551), (-0.051522873, -0.5797369, 0.8131732), (-0.007317066, -0.62403685, 0.7813607), (-0.007111911, -0.66596127, 0.7459524), (-0.050472777, -0.6649467, 0.7451835), (-0.051120963, -0.6231184, 0.7804551), (-0.007111911, -0.66596127, 0.7459524), (-0.0069439006, -0.7070887, 0.7070908), (-0.050025653, -0.7062231, 0.70621973), (-0.050472777, -0.6649467, 0.7451835), (-0.048270952, -0.0023677112, 0.9988315), (-0.041585002, -0.041585002, 0.99826926), (-0.101017915, -0.035893667, 0.9942368), (-0.09684841, -0.0021844509, 0.9952968), (-0.041585002, -0.041585002, 0.99826926), (-0.035893667, -0.101017915, 0.9942368), (-0.0978213, -0.0978213, 0.9903848), (-0.101017915, -0.035893667, 0.9942368), (-0.035893667, -0.101017915, 0.9942368), (-0.03529171, -0.1499547, 0.98806286), (-0.09559373, -0.1556352, 0.98317826), (-0.0978213, -0.0978213, 0.9903848), (-0.03529171, -0.1499547, 0.98806286), (-0.03770296, -0.19903697, 0.9792664), (-0.09657943, -0.2079121, 0.97336787), (-0.09559373, -0.1556352, 0.98317826), (-0.03770296, -0.19903697, 0.9792664), (-0.040672865, -0.24819468, 0.96785593), (-0.09884835, -0.25657284, 0.9614569), (-0.09657943, -0.2079121, 0.97336787), (-0.040672865, -0.24819468, 0.96785593), (-0.043517902, -0.29714426, 0.9538404), (-0.10161451, -0.30438465, 0.94711375), (-0.09884835, -0.25657284, 0.9614569), (-0.043517902, -0.29714426, 0.9538404), (-0.04594731, -0.3459338, 0.93713325), (-0.10442987, -0.3517661, 0.93024457), (-0.10161451, -0.30438465, 0.94711375), (-0.04594731, -0.3459338, 0.93713325), (-0.04806325, -0.39439937, 0.91768146), (-0.10696672, -0.39870602, 0.91081923), (-0.10442987, -0.3517661, 0.93024457), (-0.04806325, -0.39439937, 0.91768146), (-0.04983781, -0.44218466, 0.89553833), (-0.108921245, -0.44481128, 0.88897645), (-0.10696672, -0.39870602, 0.91081923), (-0.04983781, -0.44218466, 0.89553833), (-0.05100501, -0.4890588, 0.8707583), (-0.110072136, -0.48997846, 0.86475724), (-0.108921245, -0.44481128, 0.88897645), (-0.05100501, -0.4890588, 0.8707583), (-0.051496115, -0.5349781, 0.8432951), (-0.110395685, -0.53438437, 0.8380014), (-0.110072136, -0.48997846, 0.86475724), (-0.051496115, -0.5349781, 0.8432951), (-0.051522873, -0.5797369, 0.8131732), (-0.11002258, -0.57791734, 0.8086449), (-0.110395685, -0.53438437, 0.8380014), (-0.051522873, -0.5797369, 0.8131732), (-0.051120963, -0.6231184, 0.7804551), (-0.109182425, -0.62036777, 0.77667433), (-0.11002258, -0.57791734, 0.8086449), (-0.051120963, -0.6231184, 0.7804551), (-0.050472777, -0.6649467, 0.7451835), (-0.10815222, -0.66169715, 0.74192995), (-0.109182425, -0.62036777, 0.77667433), (-0.050472777, -0.6649467, 0.7451835), (-0.050025653, -0.7062231, 0.70621973), (-0.10758822, -0.7030009, 0.7030038), (-0.10815222, -0.66169715, 0.74192995), (-0.09684841, -0.0021844509, 0.9952968), (-0.101017915, -0.035893667, 0.9942368), (-0.1499547, -0.03529171, 0.98806286), (-0.1458539, -0.0028528126, 0.989302), (-0.101017915, -0.035893667, 0.9942368), (-0.0978213, -0.0978213, 0.9903848), (-0.1556352, -0.09559373, 0.98317826), (-0.1499547, -0.03529171, 0.98806286), (-0.0978213, -0.0978213, 0.9903848), (-0.09559373, -0.1556352, 0.98317826), (-0.15582305, -0.15582305, 0.975417), (-0.1556352, -0.09559373, 0.98317826), (-0.09559373, -0.1556352, 0.98317826), (-0.09657943, -0.2079121, 0.97336787), (-0.15414803, -0.21066432, 0.96532834), (-0.15582305, -0.15582305, 0.975417), (-0.09657943, -0.2079121, 0.97336787), (-0.09884835, -0.25657284, 0.9614569), (-0.1533438, -0.2610158, 0.9530774), (-0.15414803, -0.21066432, 0.96532834), (-0.09884835, -0.25657284, 0.9614569), (-0.10161451, -0.30438465, 0.94711375), (-0.1534194, -0.30943397, 0.9384631), (-0.1533438, -0.2610158, 0.9530774), (-0.10161451, -0.30438465, 0.94711375), (-0.10442987, -0.3517661, 0.93024457), (-0.15406464, -0.35631737, 0.92157584), (-0.1534194, -0.30943397, 0.9384631), (-0.10442987, -0.3517661, 0.93024457), (-0.10696672, -0.39870602, 0.91081923), (-0.15462965, -0.40192237, 0.9025232), (-0.15406464, -0.35631737, 0.92157584), (-0.10696672, -0.39870602, 0.91081923), (-0.108921245, -0.44481128, 0.88897645), (-0.15465584, -0.44644296, 0.88134575), (-0.15462965, -0.40192237, 0.9025232), (-0.108921245, -0.44481128, 0.88897645), (-0.110072136, -0.48997846, 0.86475724), (-0.15410894, -0.49011087, 0.8579289), (-0.15465584, -0.44644296, 0.88134575), (-0.110072136, -0.48997846, 0.86475724), (-0.110395685, -0.53438437, 0.8380014), (-0.15304112, -0.533149, 0.832064), (-0.15410894, -0.49011087, 0.8579289), (-0.110395685, -0.53438437, 0.8380014), (-0.11002258, -0.57791734, 0.8086449), (-0.15155189, -0.5755573, 0.80359554), (-0.15304112, -0.533149, 0.832064), (-0.11002258, -0.57791734, 0.8086449), (-0.109182425, -0.62036777, 0.77667433), (-0.1499552, -0.61721677, 0.772371), (-0.15155189, -0.5755573, 0.80359554), (-0.109182425, -0.62036777, 0.77667433), (-0.10815222, -0.66169715, 0.74192995), (-0.14864592, -0.6581108, 0.7381021), (-0.1499552, -0.61721677, 0.772371), (-0.10815222, -0.66169715, 0.74192995), (-0.10758822, -0.7030009, 0.7030038), (-0.14808105, -0.69931054, 0.6993116), (-0.14864592, -0.6581108, 0.7381021), (-0.1458539, -0.0028528126, 0.989302), (-0.1499547, -0.03529171, 0.98806286), (-0.19903697, -0.037702963, 0.9792664), (-0.19520128, -0.0036703935, 0.98075634), (-0.1499547, -0.03529171, 0.98806286), (-0.1556352, -0.09559373, 0.98317826), (-0.2079121, -0.09657943, 0.97336787), (-0.19903697, -0.037702963, 0.9792664), (-0.1556352, -0.09559373, 0.98317826), (-0.15582305, -0.15582305, 0.975417), (-0.21066432, -0.15414803, 0.96532834), (-0.2079121, -0.09657943, 0.97336787), (-0.15582305, -0.15582305, 0.975417), (-0.15414803, -0.21066432, 0.96532834), (-0.2096136, -0.2096136, 0.955052), (-0.21066432, -0.15414803, 0.96532834), (-0.15414803, -0.21066432, 0.96532834), (-0.1533438, -0.2610158, 0.9530774), (-0.20780376, -0.261772, 0.942493), (-0.2096136, -0.2096136, 0.955052), (-0.1533438, -0.2610158, 0.9530774), (-0.1534194, -0.30943397, 0.9384631), (-0.20579168, -0.31109422, 0.92783093), (-0.20780376, -0.261772, 0.942493), (-0.1534194, -0.30943397, 0.9384631), (-0.15406464, -0.35631737, 0.92157584), (-0.20369917, -0.3577961, 0.91131145), (-0.20579168, -0.31109422, 0.92783093), (-0.15406464, -0.35631737, 0.92157584), (-0.15462965, -0.40192237, 0.9025232), (-0.20135301, -0.40240338, 0.89304453), (-0.20369917, -0.3577961, 0.91131145), (-0.15462965, -0.40192237, 0.9025232), (-0.15465584, -0.44644296, 0.88134575), (-0.19863558, -0.4457531, 0.8728391), (-0.20135301, -0.40240338, 0.89304453), (-0.15465584, -0.44644296, 0.88134575), (-0.15410894, -0.49011087, 0.8579289), (-0.19568683, -0.48838624, 0.85040325), (-0.19863558, -0.4457531, 0.8728391), (-0.15410894, -0.49011087, 0.8579289), (-0.15304112, -0.533149, 0.832064), (-0.19268116, -0.5305044, 0.8254933), (-0.19568683, -0.48838624, 0.85040325), (-0.15304112, -0.533149, 0.832064), (-0.15155189, -0.5755573, 0.80359554), (-0.18979056, -0.5721597, 0.7978802), (-0.19268116, -0.5305044, 0.8254933), (-0.15155189, -0.5755573, 0.80359554), (-0.1499552, -0.61721677, 0.772371), (-0.18733041, -0.6133066, 0.76730853), (-0.18979056, -0.5721597, 0.7978802), (-0.1499552, -0.61721677, 0.772371), (-0.14864592, -0.6581108, 0.7381021), (-0.18565224, -0.65388745, 0.7334605), (-0.18733041, -0.6133066, 0.76730853), (-0.14864592, -0.6581108, 0.7381021), (-0.14808105, -0.69931054, 0.6993116), (-0.18502805, -0.6948987, 0.69489604), (-0.18565224, -0.65388745, 0.7334605), (-0.19520128, -0.0036703935, 0.98075634), (-0.19903697, -0.037702963, 0.9792664), (-0.24819468, -0.040672865, 0.96785593), (-0.2447599, -0.004609508, 0.9695728), (-0.19903697, -0.037702963, 0.9792664), (-0.2079121, -0.09657943, 0.97336787), (-0.25657284, -0.09884835, 0.9614569), (-0.24819468, -0.040672865, 0.96785593), (-0.2079121, -0.09657943, 0.97336787), (-0.21066432, -0.15414803, 0.96532834), (-0.2610158, -0.1533438, 0.9530774), (-0.25657284, -0.09884835, 0.9614569), (-0.21066432, -0.15414803, 0.96532834), (-0.2096136, -0.2096136, 0.955052), (-0.261772, -0.20780376, 0.94249296), (-0.2610158, -0.1533438, 0.9530774), (-0.2096136, -0.2096136, 0.955052), (-0.20780376, -0.261772, 0.942493), (-0.26005694, -0.26005697, 0.9299144), (-0.261772, -0.20780376, 0.94249296), (-0.20780376, -0.261772, 0.942493), (-0.20579168, -0.31109422, 0.92783093), (-0.25663084, -0.309226, 0.91570723), (-0.26005694, -0.26005697, 0.9299144), (-0.20579168, -0.31109422, 0.92783093), (-0.20369917, -0.3577961, 0.91131145), (-0.25209934, -0.3554517, 0.90005565), (-0.25663084, -0.309226, 0.91570723), (-0.20369917, -0.3577961, 0.91131145), (-0.20135301, -0.40240338, 0.89304453), (-0.24700749, -0.39938408, 0.8828815), (-0.25209934, -0.3554517, 0.90005565), (-0.20135301, -0.40240338, 0.89304453), (-0.19863558, -0.4457531, 0.8728391), (-0.24172367, -0.44211718, 0.863772), (-0.24700749, -0.39938408, 0.8828815), (-0.19863558, -0.4457531, 0.8728391), (-0.19568683, -0.48838624, 0.85040325), (-0.23652378, -0.48428407, 0.84233326), (-0.24172367, -0.44211718, 0.863772), (-0.19568683, -0.48838624, 0.85040325), (-0.19268116, -0.5305044, 0.8254933), (-0.23169562, -0.52602947, 0.8182971), (-0.23652378, -0.48428407, 0.84233326), (-0.19268116, -0.5305044, 0.8254933), (-0.18979056, -0.5721597, 0.7978802), (-0.22749688, -0.56740075, 0.79139215), (-0.23169562, -0.52602947, 0.8182971), (-0.18979056, -0.5721597, 0.7978802), (-0.18733041, -0.6133066, 0.76730853), (-0.22423208, -0.60835105, 0.7613336), (-0.22749688, -0.56740075, 0.79139215), (-0.18733041, -0.6133066, 0.76730853), (-0.18565224, -0.65388745, 0.7334605), (-0.22216663, -0.6487612, 0.7278398), (-0.22423208, -0.60835105, 0.7613336), (-0.18565224, -0.65388745, 0.7334605), (-0.18502805, -0.6948987, 0.69489604), (-0.22145858, -0.6895494, 0.6895491), (-0.22216663, -0.6487612, 0.7278398), (-0.2447599, -0.004609508, 0.9695728), (-0.24819468, -0.040672865, 0.96785593), (-0.29714426, -0.043517902, 0.9538404), (-0.29433888, -0.005443135, 0.95568556), (-0.24819468, -0.040672865, 0.96785593), (-0.25657284, -0.09884835, 0.9614569), (-0.30438465, -0.10161451, 0.94711375), (-0.29714426, -0.043517902, 0.9538404), (-0.25657284, -0.09884835, 0.9614569), (-0.2610158, -0.1533438, 0.9530774), (-0.30943397, -0.1534194, 0.9384631), (-0.30438465, -0.10161451, 0.94711375), (-0.2610158, -0.1533438, 0.9530774), (-0.261772, -0.20780376, 0.94249296), (-0.31109422, -0.20579168, 0.92783093), (-0.30943397, -0.1534194, 0.9384631), (-0.261772, -0.20780376, 0.94249296), (-0.26005694, -0.26005697, 0.9299144), (-0.30922604, -0.25663084, 0.91570723), (-0.31109422, -0.20579168, 0.92783093), (-0.26005694, -0.26005697, 0.9299144), (-0.25663084, -0.309226, 0.91570723), (-0.30468863, -0.30468863, 0.90240216), (-0.30922604, -0.25663084, 0.91570723), (-0.25663084, -0.309226, 0.91570723), (-0.25209934, -0.3554517, 0.90005565), (-0.29841068, -0.35016108, 0.88788414), (-0.30468863, -0.30468863, 0.90240216), (-0.25209934, -0.3554517, 0.90005565), (-0.24700749, -0.39938408, 0.8828815), (-0.29140782, -0.39366737, 0.87184143), (-0.29841068, -0.35016108, 0.88788414), (-0.24700749, -0.39938408, 0.8828815), (-0.24172367, -0.44211718, 0.863772), (-0.2843752, -0.4361789, 0.8537439), (-0.29140782, -0.39366737, 0.87184143), (-0.24172367, -0.44211718, 0.863772), (-0.23652378, -0.48428407, 0.84233326), (-0.2776577, -0.47823796, 0.8331834), (-0.2843752, -0.4361789, 0.8537439), (-0.23652378, -0.48428407, 0.84233326), (-0.23169562, -0.52602947, 0.8182971), (-0.2716015, -0.5199349, 0.80987674), (-0.2776577, -0.47823796, 0.8331834), (-0.23169562, -0.52602947, 0.8182971), (-0.22749688, -0.56740075, 0.79139215), (-0.26651818, -0.561273, 0.7835437), (-0.2716015, -0.5199349, 0.80987674), (-0.22749688, -0.56740075, 0.79139215), (-0.22423208, -0.60835105, 0.7613336), (-0.2627004, -0.6021619, 0.7539162), (-0.26651818, -0.561273, 0.7835437), (-0.22423208, -0.60835105, 0.7613336), (-0.22216663, -0.6487612, 0.7278398), (-0.260366, -0.64241403, 0.7207729), (-0.2627004, -0.6021619, 0.7539162), (-0.22216663, -0.6487612, 0.7278398), (-0.22145858, -0.6895494, 0.6895491), (-0.25959432, -0.68286794, 0.68286324), (-0.260366, -0.64241403, 0.7207729), (-0.29433888, -0.005443135, 0.95568556), (-0.29714426, -0.043517902, 0.9538404), (-0.3459338, -0.04594731, 0.93713325), (-0.3437398, -0.0061001857, 0.93904513), (-0.29714426, -0.043517902, 0.9538404), (-0.30438465, -0.10161451, 0.94711375), (-0.35176614, -0.10442988, 0.93024457), (-0.3459338, -0.04594731, 0.93713325), (-0.30438465, -0.10161451, 0.94711375), (-0.30943397, -0.1534194, 0.9384631), (-0.35631737, -0.15406464, 0.92157584), (-0.35176614, -0.10442988, 0.93024457), (-0.30943397, -0.1534194, 0.9384631), (-0.31109422, -0.20579168, 0.92783093), (-0.3577961, -0.20369917, 0.91131145), (-0.35631737, -0.15406464, 0.92157584), (-0.31109422, -0.20579168, 0.92783093), (-0.30922604, -0.25663084, 0.91570723), (-0.3554517, -0.25209934, 0.90005565), (-0.3577961, -0.20369917, 0.91131145), (-0.30922604, -0.25663084, 0.91570723), (-0.30468863, -0.30468863, 0.90240216), (-0.35016105, -0.29841065, 0.88788414), (-0.3554517, -0.25209934, 0.90005565), (-0.30468863, -0.30468863, 0.90240216), (-0.29841068, -0.35016108, 0.88788414), (-0.34294483, -0.34294483, 0.87451565), (-0.35016105, -0.29841065, 0.88788414), (-0.29841068, -0.35016108, 0.88788414), (-0.29140782, -0.39366737, 0.87184143), (-0.3349908, -0.3861769, 0.8594466), (-0.34294483, -0.34294483, 0.87451565), (-0.29140782, -0.39366737, 0.87184143), (-0.2843752, -0.4361789, 0.8537439), (-0.32712987, -0.42869335, 0.84214485), (-0.3349908, -0.3861769, 0.8594466), (-0.2843752, -0.4361789, 0.8537439), (-0.2776577, -0.47823796, 0.8331834), (-0.31972528, -0.47080407, 0.8222647), (-0.32712987, -0.42869335, 0.84214485), (-0.2776577, -0.47823796, 0.8331834), (-0.2716015, -0.5199349, 0.80987674), (-0.31313145, -0.51254797, 0.7995269), (-0.31972528, -0.47080407, 0.8222647), (-0.2716015, -0.5199349, 0.80987674), (-0.26651818, -0.561273, 0.7835437), (-0.3076813, -0.55387574, 0.7736627), (-0.31313145, -0.51254797, 0.7995269), (-0.26651818, -0.561273, 0.7835437), (-0.2627004, -0.6021619, 0.7539162), (-0.3036515, -0.5946374, 0.7444475), (-0.3076813, -0.55387574, 0.7736627), (-0.2627004, -0.6021619, 0.7539162), (-0.260366, -0.64241403, 0.7207729), (-0.3012291, -0.63457185, 0.7117441), (-0.3036515, -0.5946374, 0.7444475), (-0.260366, -0.64241403, 0.7207729), (-0.25959432, -0.68286794, 0.68286324), (-0.3004386, -0.6744371, 0.67444146), (-0.3012291, -0.63457185, 0.7117441), (-0.3437398, -0.0061001857, 0.93904513), (-0.3459338, -0.04594731, 0.93713325), (-0.39439937, -0.04806325, 0.91768146), (-0.39274994, -0.00665772, 0.9196213), (-0.3459338, -0.04594731, 0.93713325), (-0.35176614, -0.10442988, 0.93024457), (-0.39870602, -0.10696672, 0.91081923), (-0.39439937, -0.04806325, 0.91768146), (-0.35176614, -0.10442988, 0.93024457), (-0.35631737, -0.15406464, 0.92157584), (-0.40192237, -0.15462965, 0.9025232), (-0.39870602, -0.10696672, 0.91081923), (-0.35631737, -0.15406464, 0.92157584), (-0.3577961, -0.20369917, 0.91131145), (-0.40240335, -0.20135301, 0.89304453), (-0.40192237, -0.15462965, 0.9025232), (-0.3577961, -0.20369917, 0.91131145), (-0.3554517, -0.25209934, 0.90005565), (-0.399384, -0.24700744, 0.8828814), (-0.40240335, -0.20135301, 0.89304453), (-0.3554517, -0.25209934, 0.90005565), (-0.35016105, -0.29841065, 0.88788414), (-0.39366737, -0.29140782, 0.87184143), (-0.399384, -0.24700744, 0.8828814), (-0.35016105, -0.29841065, 0.88788414), (-0.34294483, -0.34294483, 0.87451565), (-0.3861769, -0.3349908, 0.8594466), (-0.39366737, -0.29140782, 0.87184143), (-0.34294483, -0.34294483, 0.87451565), (-0.3349908, -0.3861769, 0.8594466), (-0.37803966, -0.37803972, 0.84508693), (-0.3861769, -0.3349908, 0.8594466), (-0.3349908, -0.3861769, 0.8594466), (-0.32712987, -0.42869335, 0.84214485), (-0.37005675, -0.4206177, 0.82833487), (-0.37803966, -0.37803972, 0.84508693), (-0.32712987, -0.42869335, 0.84214485), (-0.31972528, -0.47080407, 0.8222647), (-0.36256662, -0.46274447, 0.808958), (-0.37005675, -0.4206177, 0.82833487), (-0.31972528, -0.47080407, 0.8222647), (-0.31313145, -0.51254797, 0.7995269), (-0.35590625, -0.50442994, 0.78669), (-0.36256662, -0.46274447, 0.808958), (-0.31313145, -0.51254797, 0.7995269), (-0.3076813, -0.55387574, 0.7736627), (-0.3503953, -0.54557556, 0.76129526), (-0.35590625, -0.50442994, 0.78669), (-0.3076813, -0.55387574, 0.7736627), (-0.3036515, -0.5946374, 0.7444475), (-0.34631947, -0.5859659, 0.7326027), (-0.3503953, -0.54557556, 0.76129526), (-0.3036515, -0.5946374, 0.7444475), (-0.3012291, -0.63457185, 0.7117441), (-0.34388018, -0.6252757, 0.70055455), (-0.34631947, -0.5859659, 0.7326027), (-0.3012291, -0.63457185, 0.7117441), (-0.3004386, -0.6744371, 0.67444146), (-0.34308884, -0.6641862, 0.6641889), (-0.34388018, -0.6252757, 0.70055455), (-0.39274994, -0.00665772, 0.9196213), (-0.39439937, -0.04806325, 0.91768146), (-0.44218466, -0.04983781, 0.89553833), (-0.44114608, -0.0071381005, 0.8974069), (-0.39439937, -0.04806325, 0.91768146), (-0.39870602, -0.10696672, 0.91081923), (-0.44481128, -0.108921245, 0.88897645), (-0.44218466, -0.04983781, 0.89553833), (-0.39870602, -0.10696672, 0.91081923), (-0.40192237, -0.15462965, 0.9025232), (-0.44644296, -0.15465583, 0.88134575), (-0.44481128, -0.108921245, 0.88897645), (-0.40192237, -0.15462965, 0.9025232), (-0.40240335, -0.20135301, 0.89304453), (-0.44575313, -0.19863558, 0.8728391), (-0.44644296, -0.15465583, 0.88134575), (-0.40240335, -0.20135301, 0.89304453), (-0.399384, -0.24700744, 0.8828814), (-0.44211718, -0.24172367, 0.863772), (-0.44575313, -0.19863558, 0.8728391), (-0.399384, -0.24700744, 0.8828814), (-0.39366737, -0.29140782, 0.87184143), (-0.4361789, -0.2843752, 0.8537439), (-0.44211718, -0.24172367, 0.863772), (-0.39366737, -0.29140782, 0.87184143), (-0.3861769, -0.3349908, 0.8594466), (-0.42869335, -0.32712987, 0.84214485), (-0.4361789, -0.2843752, 0.8537439), (-0.3861769, -0.3349908, 0.8594466), (-0.37803966, -0.37803972, 0.84508693), (-0.4206177, -0.37005675, 0.82833487), (-0.42869335, -0.32712987, 0.84214485), (-0.37803966, -0.37803972, 0.84508693), (-0.37005675, -0.4206177, 0.82833487), (-0.41265908, -0.41265908, 0.8120499), (-0.4206177, -0.37005675, 0.82833487), (-0.37005675, -0.4206177, 0.82833487), (-0.36256662, -0.46274447, 0.808958), (-0.40512076, -0.4546754, 0.7931882), (-0.41265908, -0.41265908, 0.8120499), (-0.36256662, -0.46274447, 0.808958), (-0.35590625, -0.50442994, 0.78669), (-0.39828825, -0.49610844, 0.77151984), (-0.40512076, -0.4546754, 0.7931882), (-0.35590625, -0.50442994, 0.78669), (-0.3503953, -0.54557556, 0.76129526), (-0.39249736, -0.5368436, 0.74682313), (-0.39828825, -0.49610844, 0.77151984), (-0.3503953, -0.54557556, 0.76129526), (-0.34631947, -0.5859659, 0.7326027), (-0.3881257, -0.5766362, 0.7189222), (-0.39249736, -0.5368436, 0.74682313), (-0.34631947, -0.5859659, 0.7326027), (-0.34388018, -0.6252757, 0.70055455), (-0.3854672, -0.6150769, 0.68781924), (-0.3881257, -0.5766362, 0.7189222), (-0.34388018, -0.6252757, 0.70055455), (-0.34308884, -0.6641862, 0.6641889), (-0.38459948, -0.6527187, 0.6527184), (-0.3854672, -0.6150769, 0.68781924), (-0.44114608, -0.0071381005, 0.8974069), (-0.44218466, -0.04983781, 0.89553833), (-0.48905873, -0.05100501, 0.8707583), (-0.48870382, -0.0074395305, 0.872418), (-0.44218466, -0.04983781, 0.89553833), (-0.44481128, -0.108921245, 0.88897645), (-0.48997846, -0.110072136, 0.86475724), (-0.48905873, -0.05100501, 0.8707583), (-0.44481128, -0.108921245, 0.88897645), (-0.44644296, -0.15465583, 0.88134575), (-0.49011087, -0.15410894, 0.8579289), (-0.48997846, -0.110072136, 0.86475724), (-0.44644296, -0.15465583, 0.88134575), (-0.44575313, -0.19863558, 0.8728391), (-0.48838624, -0.19568685, 0.85040325), (-0.49011087, -0.15410894, 0.8579289), (-0.44575313, -0.19863558, 0.8728391), (-0.44211718, -0.24172367, 0.863772), (-0.48428404, -0.23652375, 0.8423334), (-0.48838624, -0.19568685, 0.85040325), (-0.44211718, -0.24172367, 0.863772), (-0.4361789, -0.2843752, 0.8537439), (-0.47823796, -0.2776577, 0.8331834), (-0.48428404, -0.23652375, 0.8423334), (-0.4361789, -0.2843752, 0.8537439), (-0.42869335, -0.32712987, 0.84214485), (-0.47080407, -0.31972528, 0.82226473), (-0.47823796, -0.2776577, 0.8331834), (-0.42869335, -0.32712987, 0.84214485), (-0.4206177, -0.37005675, 0.82833487), (-0.46274447, -0.36256665, 0.808958), (-0.47080407, -0.31972528, 0.82226473), (-0.4206177, -0.37005675, 0.82833487), (-0.41265908, -0.41265908, 0.8120499), (-0.4546754, -0.40512076, 0.7931882), (-0.46274447, -0.36256665, 0.808958), (-0.41265908, -0.41265908, 0.8120499), (-0.40512076, -0.4546754, 0.7931882), (-0.44684324, -0.44684324, 0.77502406), (-0.4546754, -0.40512076, 0.7931882), (-0.40512076, -0.4546754, 0.7931882), (-0.39828825, -0.49610844, 0.77151984), (-0.43951142, -0.48779294, 0.7542465), (-0.44684324, -0.44684324, 0.77502406), (-0.39828825, -0.49610844, 0.77151984), (-0.39249736, -0.5368436, 0.74682313), (-0.43306062, -0.52791923, 0.7305886), (-0.43951142, -0.48779294, 0.7542465), (-0.39249736, -0.5368436, 0.74682313), (-0.3881257, -0.5766362, 0.7189222), (-0.42804226, -0.56693566, 0.7038208), (-0.43306062, -0.52791923, 0.7305886), (-0.3881257, -0.5766362, 0.7189222), (-0.3854672, -0.6150769, 0.68781924), (-0.424927, -0.6043197, 0.67396945), (-0.42804226, -0.56693566, 0.7038208), (-0.3854672, -0.6150769, 0.68781924), (-0.38459948, -0.6527187, 0.6527184), (-0.4239057, -0.6404318, 0.64043033), (-0.424927, -0.6043197, 0.67396945), (-0.48870382, -0.0074395305, 0.872418), (-0.48905873, -0.05100501, 0.8707583), (-0.5349781, -0.051496115, 0.8432951), (-0.53518945, -0.0075162463, 0.8446987), (-0.48905873, -0.05100501, 0.8707583), (-0.48997846, -0.110072136, 0.86475724), (-0.53438437, -0.110395685, 0.8380014), (-0.5349781, -0.051496115, 0.8432951), (-0.48997846, -0.110072136, 0.86475724), (-0.49011087, -0.15410894, 0.8579289), (-0.533149, -0.15304112, 0.832064), (-0.53438437, -0.110395685, 0.8380014), (-0.49011087, -0.15410894, 0.8579289), (-0.48838624, -0.19568685, 0.85040325), (-0.5305044, -0.19268116, 0.8254933), (-0.533149, -0.15304112, 0.832064), (-0.48838624, -0.19568685, 0.85040325), (-0.48428404, -0.23652375, 0.8423334), (-0.52602947, -0.23169562, 0.8182971), (-0.5305044, -0.19268116, 0.8254933), (-0.48428404, -0.23652375, 0.8423334), (-0.47823796, -0.2776577, 0.8331834), (-0.51993483, -0.27160147, 0.80987674), (-0.52602947, -0.23169562, 0.8182971), (-0.47823796, -0.2776577, 0.8331834), (-0.47080407, -0.31972528, 0.82226473), (-0.51254797, -0.31313145, 0.7995269), (-0.51993483, -0.27160147, 0.80987674), (-0.47080407, -0.31972528, 0.82226473), (-0.46274447, -0.36256665, 0.808958), (-0.50442994, -0.35590625, 0.78669), (-0.51254797, -0.31313145, 0.7995269), (-0.46274447, -0.36256665, 0.808958), (-0.4546754, -0.40512076, 0.7931882), (-0.4961084, -0.39828825, 0.77151984), (-0.50442994, -0.35590625, 0.78669), (-0.4546754, -0.40512076, 0.7931882), (-0.44684324, -0.44684324, 0.77502406), (-0.48779294, -0.43951142, 0.7542465), (-0.4961084, -0.39828825, 0.77151984), (-0.44684324, -0.44684324, 0.77502406), (-0.43951142, -0.48779294, 0.7542465), (-0.47975737, -0.47975737, 0.73461944), (-0.48779294, -0.43951142, 0.7542465), (-0.43951142, -0.48779294, 0.7542465), (-0.43306062, -0.52791923, 0.7305886), (-0.47248694, -0.519039, 0.7122883), (-0.47975737, -0.47975737, 0.73461944), (-0.43306062, -0.52791923, 0.7305886), (-0.42804226, -0.56693566, 0.7038208), (-0.46671852, -0.55703217, 0.68694174), (-0.47248694, -0.519039, 0.7122883), (-0.42804226, -0.56693566, 0.7038208), (-0.424927, -0.6043197, 0.67396945), (-0.46313885, -0.5930339, 0.658645), (-0.46671852, -0.55703217, 0.68694174), (-0.424927, -0.6043197, 0.67396945), (-0.4239057, -0.6404318, 0.64043033), (-0.46198642, -0.6271233, 0.62712437), (-0.46313885, -0.5930339, 0.658645), (-0.53518945, -0.0075162463, 0.8446987), (-0.5349781, -0.051496115, 0.8432951), (-0.5797369, -0.051522866, 0.8131732), (-0.5803727, -0.0074871066, 0.8143165), (-0.5349781, -0.051496115, 0.8432951), (-0.53438437, -0.110395685, 0.8380014), (-0.5779174, -0.110022604, 0.8086449), (-0.5797369, -0.051522866, 0.8131732), (-0.53438437, -0.110395685, 0.8380014), (-0.533149, -0.15304112, 0.832064), (-0.5755573, -0.15155189, 0.80359554), (-0.5779174, -0.110022604, 0.8086449), (-0.533149, -0.15304112, 0.832064), (-0.5305044, -0.19268116, 0.8254933), (-0.5721597, -0.18979058, 0.7978802), (-0.5755573, -0.15155189, 0.80359554), (-0.5305044, -0.19268116, 0.8254933), (-0.52602947, -0.23169562, 0.8182971), (-0.56740075, -0.22749686, 0.7913921), (-0.5721597, -0.18979058, 0.7978802), (-0.52602947, -0.23169562, 0.8182971), (-0.51993483, -0.27160147, 0.80987674), (-0.561273, -0.26651818, 0.7835437), (-0.56740075, -0.22749686, 0.7913921), (-0.51993483, -0.27160147, 0.80987674), (-0.51254797, -0.31313145, 0.7995269), (-0.55387574, -0.3076813, 0.7736626), (-0.561273, -0.26651818, 0.7835437), (-0.51254797, -0.31313145, 0.7995269), (-0.50442994, -0.35590625, 0.78669), (-0.54557556, -0.3503953, 0.76129526), (-0.55387574, -0.3076813, 0.7736626), (-0.50442994, -0.35590625, 0.78669), (-0.4961084, -0.39828825, 0.77151984), (-0.5368436, -0.39249736, 0.74682313), (-0.54557556, -0.3503953, 0.76129526), (-0.4961084, -0.39828825, 0.77151984), (-0.48779294, -0.43951142, 0.7542465), (-0.52791923, -0.43306062, 0.7305886), (-0.5368436, -0.39249736, 0.74682313), (-0.48779294, -0.43951142, 0.7542465), (-0.47975737, -0.47975737, 0.73461944), (-0.519039, -0.47248694, 0.7122883), (-0.52791923, -0.43306062, 0.7305886), (-0.47975737, -0.47975737, 0.73461944), (-0.47248694, -0.519039, 0.7122883), (-0.5107955, -0.5107955, 0.69150275), (-0.519039, -0.47248694, 0.7122883), (-0.47248694, -0.519039, 0.7122883), (-0.46671852, -0.55703217, 0.68694174), (-0.50395614, -0.54753053, 0.66801083), (-0.5107955, -0.5107955, 0.69150275), (-0.46671852, -0.55703217, 0.68694174), (-0.46313885, -0.5930339, 0.658645), (-0.4994227, -0.581813, 0.6419274), (-0.50395614, -0.54753053, 0.66801083), (-0.46313885, -0.5930339, 0.658645), (-0.46198642, -0.6271233, 0.62712437), (-0.49793237, -0.61321425, 0.61321414), (-0.4994227, -0.581813, 0.6419274), (-0.5803727, -0.0074871066, 0.8143165), (-0.5797369, -0.051522866, 0.8131732), (-0.6231184, -0.051120963, 0.7804551), (-0.62403685, -0.007317066, 0.7813608), (-0.5797369, -0.051522866, 0.8131732), (-0.5779174, -0.110022604, 0.8086449), (-0.62036777, -0.109182425, 0.77667433), (-0.6231184, -0.051120963, 0.7804551), (-0.5779174, -0.110022604, 0.8086449), (-0.5755573, -0.15155189, 0.80359554), (-0.61721677, -0.1499552, 0.772371), (-0.62036777, -0.109182425, 0.77667433), (-0.5755573, -0.15155189, 0.80359554), (-0.5721597, -0.18979058, 0.7978802), (-0.6133065, -0.1873304, 0.76730853), (-0.61721677, -0.1499552, 0.772371), (-0.5721597, -0.18979058, 0.7978802), (-0.56740075, -0.22749686, 0.7913921), (-0.60835105, -0.22423209, 0.7613336), (-0.6133065, -0.1873304, 0.76730853), (-0.56740075, -0.22749686, 0.7913921), (-0.561273, -0.26651818, 0.7835437), (-0.6021619, -0.2627004, 0.7539162), (-0.60835105, -0.22423209, 0.7613336), (-0.561273, -0.26651818, 0.7835437), (-0.55387574, -0.3076813, 0.7736626), (-0.5946374, -0.3036515, 0.7444475), (-0.6021619, -0.2627004, 0.7539162), (-0.55387574, -0.3076813, 0.7736626), (-0.54557556, -0.3503953, 0.76129526), (-0.5859659, -0.3463195, 0.7326027), (-0.5946374, -0.3036515, 0.7444475), (-0.54557556, -0.3503953, 0.76129526), (-0.5368436, -0.39249736, 0.74682313), (-0.5766362, -0.3881257, 0.71892214), (-0.5859659, -0.3463195, 0.7326027), (-0.5368436, -0.39249736, 0.74682313), (-0.52791923, -0.43306062, 0.7305886), (-0.56693566, -0.42804226, 0.7038208), (-0.5766362, -0.3881257, 0.71892214), (-0.52791923, -0.43306062, 0.7305886), (-0.519039, -0.47248694, 0.7122883), (-0.55703217, -0.46671852, 0.68694174), (-0.56693566, -0.42804226, 0.7038208), (-0.519039, -0.47248694, 0.7122883), (-0.5107955, -0.5107955, 0.69150275), (-0.54753053, -0.50395614, 0.6680109), (-0.55703217, -0.46671852, 0.68694174), (-0.5107955, -0.5107955, 0.69150275), (-0.50395614, -0.54753053, 0.66801083), (-0.5390077, -0.5390077, 0.64725673), (-0.54753053, -0.50395614, 0.6680109), (-0.50395614, -0.54753053, 0.66801083), (-0.4994227, -0.581813, 0.6419274), (-0.53270686, -0.57119495, 0.6244676), (-0.5390077, -0.5390077, 0.64725673), (-0.4994227, -0.581813, 0.6419274), (-0.49793237, -0.61321425, 0.61321414), (-0.5305579, -0.5993801, 0.59937626), (-0.53270686, -0.57119495, 0.6244676), (-0.62403685, -0.007317066, 0.7813608), (-0.6231184, -0.051120963, 0.7804551), (-0.6649467, -0.050472777, 0.7451835), (-0.66596127, -0.007111911, 0.7459524), (-0.6231184, -0.051120963, 0.7804551), (-0.62036777, -0.109182425, 0.77667433), (-0.66169715, -0.10815222, 0.74192995), (-0.6649467, -0.050472777, 0.7451835), (-0.62036777, -0.109182425, 0.77667433), (-0.61721677, -0.1499552, 0.772371), (-0.6581107, -0.14864592, 0.7381021), (-0.66169715, -0.10815222, 0.74192995), (-0.61721677, -0.1499552, 0.772371), (-0.6133065, -0.1873304, 0.76730853), (-0.65388745, -0.18565224, 0.7334606), (-0.6581107, -0.14864592, 0.7381021), (-0.6133065, -0.1873304, 0.76730853), (-0.60835105, -0.22423209, 0.7613336), (-0.6487612, -0.22216663, 0.7278399), (-0.65388745, -0.18565224, 0.7334606), (-0.60835105, -0.22423209, 0.7613336), (-0.6021619, -0.2627004, 0.7539162), (-0.6424141, -0.26036605, 0.720773), (-0.6487612, -0.22216663, 0.7278399), (-0.6021619, -0.2627004, 0.7539162), (-0.5946374, -0.3036515, 0.7444475), (-0.63457185, -0.3012291, 0.7117441), (-0.6424141, -0.26036605, 0.720773), (-0.5946374, -0.3036515, 0.7444475), (-0.5859659, -0.3463195, 0.7326027), (-0.6252757, -0.34388018, 0.70055455), (-0.63457185, -0.3012291, 0.7117441), (-0.5859659, -0.3463195, 0.7326027), (-0.5766362, -0.3881257, 0.71892214), (-0.6150769, -0.3854672, 0.68781924), (-0.6252757, -0.34388018, 0.70055455), (-0.5766362, -0.3881257, 0.71892214), (-0.56693566, -0.42804226, 0.7038208), (-0.6043197, -0.424927, 0.67396945), (-0.6150769, -0.3854672, 0.68781924), (-0.56693566, -0.42804226, 0.7038208), (-0.55703217, -0.46671852, 0.68694174), (-0.5930339, -0.46313885, 0.658645), (-0.6043197, -0.424927, 0.67396945), (-0.55703217, -0.46671852, 0.68694174), (-0.54753053, -0.50395614, 0.6680109), (-0.581813, -0.4994227, 0.6419274), (-0.5930339, -0.46313885, 0.658645), (-0.54753053, -0.50395614, 0.6680109), (-0.5390077, -0.5390077, 0.64725673), (-0.57119495, -0.53270686, 0.6244677), (-0.581813, -0.4994227, 0.6419274), (-0.5390077, -0.5390077, 0.64725673), (-0.53270686, -0.57119495, 0.6244676), (-0.5623914, -0.5623914, 0.6061616), (-0.57119495, -0.53270686, 0.6244677), (-0.53270686, -0.57119495, 0.6244676), (-0.5305579, -0.5993801, 0.59937626), (-0.5591633, -0.586232, 0.5862324), (-0.5623914, -0.5623914, 0.6061616), (-0.66596127, -0.007111911, 0.7459524), (-0.6649467, -0.050472777, 0.7451835), (-0.7062231, -0.050025653, 0.70621973), (-0.7070887, -0.0069439006, 0.7070907), (-0.6649467, -0.050472777, 0.7451835), (-0.66169715, -0.10815222, 0.74192995), (-0.7030009, -0.10758822, 0.7030038), (-0.7062231, -0.050025653, 0.70621973), (-0.66169715, -0.10815222, 0.74192995), (-0.6581107, -0.14864592, 0.7381021), (-0.69931054, -0.14808105, 0.6993116), (-0.7030009, -0.10758822, 0.7030038), (-0.6581107, -0.14864592, 0.7381021), (-0.65388745, -0.18565224, 0.7334606), (-0.6948987, -0.18502805, 0.69489604), (-0.69931054, -0.14808105, 0.6993116), (-0.65388745, -0.18565224, 0.7334606), (-0.6487612, -0.22216663, 0.7278399), (-0.6895494, -0.22145858, 0.6895491), (-0.6948987, -0.18502805, 0.69489604), (-0.6487612, -0.22216663, 0.7278399), (-0.6424141, -0.26036605, 0.720773), (-0.68286794, -0.25959432, 0.68286324), (-0.6895494, -0.22145858, 0.6895491), (-0.6424141, -0.26036605, 0.720773), (-0.63457185, -0.3012291, 0.7117441), (-0.6744371, -0.3004386, 0.67444146), (-0.68286794, -0.25959432, 0.68286324), (-0.63457185, -0.3012291, 0.7117441), (-0.6252757, -0.34388018, 0.70055455), (-0.6641862, -0.34308884, 0.6641889), (-0.6744371, -0.3004386, 0.67444146), (-0.6252757, -0.34388018, 0.70055455), (-0.6150769, -0.3854672, 0.68781924), (-0.6527187, -0.38459948, 0.6527184), (-0.6641862, -0.34308884, 0.6641889), (-0.6150769, -0.3854672, 0.68781924), (-0.6043197, -0.424927, 0.67396945), (-0.6404318, -0.4239057, 0.64043033), (-0.6527187, -0.38459948, 0.6527184), (-0.6043197, -0.424927, 0.67396945), (-0.5930339, -0.46313885, 0.658645), (-0.6271233, -0.46198642, 0.62712437), (-0.6404318, -0.4239057, 0.64043033), (-0.5930339, -0.46313885, 0.658645), (-0.581813, -0.4994227, 0.6419274), (-0.61321425, -0.49793237, 0.61321414), (-0.6271233, -0.46198642, 0.62712437), (-0.581813, -0.4994227, 0.6419274), (-0.57119495, -0.53270686, 0.6244677), (-0.5993801, -0.5305579, 0.59937626), (-0.61321425, -0.49793237, 0.61321414), (-0.57119495, -0.53270686, 0.6244677), (-0.5623914, -0.5623914, 0.6061616), (-0.586232, -0.5591633, 0.5862324), (-0.5993801, -0.5305579, 0.59937626), (-0.5623914, -0.5623914, 0.6061616), (-0.5591633, -0.586232, 0.5862324), (-0.5773505, -0.57735056, 0.5773497), (-0.586232, -0.5591633, 0.5862324), (-0.012574808, 0.012574808, 0.9998419), (-0.012574808, -0.012574808, 0.9998419), (-0.048270952, -0.0023677112, 0.9988315), (-0.048270952, 0.0023677112, 0.9988315), (-0.048270952, 0.0023677112, 0.9988315), (-0.048270952, -0.0023677112, 0.9988315), (-0.09684841, -0.0021844509, 0.9952968), (-0.09684841, 0.0021844509, 0.9952968), (-0.09684841, 0.0021844509, 0.9952968), (-0.09684841, -0.0021844509, 0.9952968), (-0.1458539, -0.0028528126, 0.989302), (-0.14585392, 0.0028528129, 0.989302), (-0.14585392, 0.0028528129, 0.989302), (-0.1458539, -0.0028528126, 0.989302), (-0.19520128, -0.0036703935, 0.98075634), (-0.19520131, 0.0036703935, 0.98075634), (-0.19520131, 0.0036703935, 0.98075634), (-0.19520128, -0.0036703935, 0.98075634), (-0.2447599, -0.004609508, 0.9695728), (-0.2447599, 0.004609508, 0.9695728), (-0.2447599, 0.004609508, 0.9695728), (-0.2447599, -0.004609508, 0.9695728), (-0.29433888, -0.005443135, 0.95568556), (-0.2943389, 0.005443135, 0.95568556), (-0.2943389, 0.005443135, 0.95568556), (-0.29433888, -0.005443135, 0.95568556), (-0.3437398, -0.0061001857, 0.93904513), (-0.3437398, 0.0061001857, 0.93904513), (-0.3437398, 0.0061001857, 0.93904513), (-0.3437398, -0.0061001857, 0.93904513), (-0.39274994, -0.00665772, 0.9196213), (-0.39274994, 0.00665772, 0.9196213), (-0.39274994, 0.00665772, 0.9196213), (-0.39274994, -0.00665772, 0.9196213), (-0.44114608, -0.0071381005, 0.8974069), (-0.44114608, 0.0071381005, 0.8974069), (-0.44114608, 0.0071381005, 0.8974069), (-0.44114608, -0.0071381005, 0.8974069), (-0.48870382, -0.0074395305, 0.872418), (-0.4887038, 0.0074395305, 0.872418), (-0.4887038, 0.0074395305, 0.872418), (-0.48870382, -0.0074395305, 0.872418), (-0.53518945, -0.0075162463, 0.8446987), (-0.53518945, 0.0075162463, 0.8446987), (-0.53518945, 0.0075162463, 0.8446987), (-0.53518945, -0.0075162463, 0.8446987), (-0.5803727, -0.0074871066, 0.8143165), (-0.5803727, 0.0074871066, 0.81431663), (-0.5803727, 0.0074871066, 0.81431663), (-0.5803727, -0.0074871066, 0.8143165), (-0.62403685, -0.007317066, 0.7813608), (-0.62403685, 0.007317066, 0.7813607), (-0.62403685, 0.007317066, 0.7813607), (-0.62403685, -0.007317066, 0.7813608), (-0.66596127, -0.007111911, 0.7459524), (-0.66596127, 0.007111911, 0.7459524), (-0.66596127, 0.007111911, 0.7459524), (-0.66596127, -0.007111911, 0.7459524), (-0.7070887, -0.0069439006, 0.7070907), (-0.7070887, 0.0069439006, 0.7070908), (-0.012574808, 0.012574808, 0.9998419), (-0.048270952, 0.0023677112, 0.9988315), (-0.041585002, 0.041585002, 0.99826926), (-0.0023677112, 0.048270952, 0.9988315), (-0.048270952, 0.0023677112, 0.9988315), (-0.09684841, 0.0021844509, 0.9952968), (-0.101017915, 0.035893667, 0.9942368), (-0.041585002, 0.041585002, 0.99826926), (-0.09684841, 0.0021844509, 0.9952968), (-0.14585392, 0.0028528129, 0.989302), (-0.1499547, 0.03529171, 0.98806286), (-0.101017915, 0.035893667, 0.9942368), (-0.14585392, 0.0028528129, 0.989302), (-0.19520131, 0.0036703935, 0.98075634), (-0.19903697, 0.03770296, 0.9792664), (-0.1499547, 0.03529171, 0.98806286), (-0.19520131, 0.0036703935, 0.98075634), (-0.2447599, 0.004609508, 0.9695728), (-0.24819468, 0.040672865, 0.96785593), (-0.19903697, 0.03770296, 0.9792664), (-0.2447599, 0.004609508, 0.9695728), (-0.2943389, 0.005443135, 0.95568556), (-0.29714426, 0.043517902, 0.9538404), (-0.24819468, 0.040672865, 0.96785593), (-0.2943389, 0.005443135, 0.95568556), (-0.3437398, 0.0061001857, 0.93904513), (-0.3459338, 0.04594731, 0.93713325), (-0.29714426, 0.043517902, 0.9538404), (-0.3437398, 0.0061001857, 0.93904513), (-0.39274994, 0.00665772, 0.9196213), (-0.39439937, 0.04806325, 0.91768146), (-0.3459338, 0.04594731, 0.93713325), (-0.39274994, 0.00665772, 0.9196213), (-0.44114608, 0.0071381005, 0.8974069), (-0.44218466, 0.04983781, 0.89553833), (-0.39439937, 0.04806325, 0.91768146), (-0.44114608, 0.0071381005, 0.8974069), (-0.4887038, 0.0074395305, 0.872418), (-0.4890588, 0.05100501, 0.8707583), (-0.44218466, 0.04983781, 0.89553833), (-0.4887038, 0.0074395305, 0.872418), (-0.53518945, 0.0075162463, 0.8446987), (-0.5349781, 0.051496115, 0.8432951), (-0.4890588, 0.05100501, 0.8707583), (-0.53518945, 0.0075162463, 0.8446987), (-0.5803727, 0.0074871066, 0.81431663), (-0.5797369, 0.051522873, 0.8131732), (-0.5349781, 0.051496115, 0.8432951), (-0.5803727, 0.0074871066, 0.81431663), (-0.62403685, 0.007317066, 0.7813607), (-0.6231184, 0.051120963, 0.7804551), (-0.5797369, 0.051522873, 0.8131732), (-0.62403685, 0.007317066, 0.7813607), (-0.66596127, 0.007111911, 0.7459524), (-0.6649467, 0.050472777, 0.7451835), (-0.6231184, 0.051120963, 0.7804551), (-0.66596127, 0.007111911, 0.7459524), (-0.7070887, 0.0069439006, 0.7070908), (-0.7062231, 0.050025653, 0.70621973), (-0.6649467, 0.050472777, 0.7451835), (-0.0023677112, 0.048270952, 0.9988315), (-0.041585002, 0.041585002, 0.99826926), (-0.035893667, 0.101017915, 0.9942368), (-0.0021844509, 0.09684842, 0.9952968), (-0.041585002, 0.041585002, 0.99826926), (-0.101017915, 0.035893667, 0.9942368), (-0.0978213, 0.0978213, 0.9903848), (-0.035893667, 0.101017915, 0.9942368), (-0.101017915, 0.035893667, 0.9942368), (-0.1499547, 0.03529171, 0.98806286), (-0.1556352, 0.09559373, 0.98317826), (-0.0978213, 0.0978213, 0.9903848), (-0.1499547, 0.03529171, 0.98806286), (-0.19903697, 0.03770296, 0.9792664), (-0.2079121, 0.09657943, 0.97336787), (-0.1556352, 0.09559373, 0.98317826), (-0.19903697, 0.03770296, 0.9792664), (-0.24819468, 0.040672865, 0.96785593), (-0.25657284, 0.09884835, 0.9614569), (-0.2079121, 0.09657943, 0.97336787), (-0.24819468, 0.040672865, 0.96785593), (-0.29714426, 0.043517902, 0.9538404), (-0.30438465, 0.10161451, 0.94711375), (-0.25657284, 0.09884835, 0.9614569), (-0.29714426, 0.043517902, 0.9538404), (-0.3459338, 0.04594731, 0.93713325), (-0.3517661, 0.10442987, 0.93024457), (-0.30438465, 0.10161451, 0.94711375), (-0.3459338, 0.04594731, 0.93713325), (-0.39439937, 0.04806325, 0.91768146), (-0.39870602, 0.10696672, 0.91081923), (-0.3517661, 0.10442987, 0.93024457), (-0.39439937, 0.04806325, 0.91768146), (-0.44218466, 0.04983781, 0.89553833), (-0.44481128, 0.108921245, 0.88897645), (-0.39870602, 0.10696672, 0.91081923), (-0.44218466, 0.04983781, 0.89553833), (-0.4890588, 0.05100501, 0.8707583), (-0.48997846, 0.110072136, 0.86475724), (-0.44481128, 0.108921245, 0.88897645), (-0.4890588, 0.05100501, 0.8707583), (-0.5349781, 0.051496115, 0.8432951), (-0.53438437, 0.110395685, 0.8380014), (-0.48997846, 0.110072136, 0.86475724), (-0.5349781, 0.051496115, 0.8432951), (-0.5797369, 0.051522873, 0.8131732), (-0.57791734, 0.11002258, 0.8086449), (-0.53438437, 0.110395685, 0.8380014), (-0.5797369, 0.051522873, 0.8131732), (-0.6231184, 0.051120963, 0.7804551), (-0.62036777, 0.109182425, 0.77667433), (-0.57791734, 0.11002258, 0.8086449), (-0.6231184, 0.051120963, 0.7804551), (-0.6649467, 0.050472777, 0.7451835), (-0.66169715, 0.10815222, 0.74192995), (-0.62036777, 0.109182425, 0.77667433), (-0.6649467, 0.050472777, 0.7451835), (-0.7062231, 0.050025653, 0.70621973), (-0.7030009, 0.10758822, 0.7030038), (-0.66169715, 0.10815222, 0.74192995), (-0.0021844509, 0.09684842, 0.9952968), (-0.035893667, 0.101017915, 0.9942368), (-0.03529171, 0.1499547, 0.98806286), (-0.0028528126, 0.1458539, 0.989302), (-0.035893667, 0.101017915, 0.9942368), (-0.0978213, 0.0978213, 0.9903848), (-0.09559373, 0.1556352, 0.98317826), (-0.03529171, 0.1499547, 0.98806286), (-0.0978213, 0.0978213, 0.9903848), (-0.1556352, 0.09559373, 0.98317826), (-0.15582305, 0.15582305, 0.975417), (-0.09559373, 0.1556352, 0.98317826), (-0.1556352, 0.09559373, 0.98317826), (-0.2079121, 0.09657943, 0.97336787), (-0.21066432, 0.15414803, 0.96532834), (-0.15582305, 0.15582305, 0.975417), (-0.2079121, 0.09657943, 0.97336787), (-0.25657284, 0.09884835, 0.9614569), (-0.2610158, 0.1533438, 0.9530774), (-0.21066432, 0.15414803, 0.96532834), (-0.25657284, 0.09884835, 0.9614569), (-0.30438465, 0.10161451, 0.94711375), (-0.30943397, 0.1534194, 0.9384631), (-0.2610158, 0.1533438, 0.9530774), (-0.30438465, 0.10161451, 0.94711375), (-0.3517661, 0.10442987, 0.93024457), (-0.35631737, 0.15406464, 0.92157584), (-0.30943397, 0.1534194, 0.9384631), (-0.3517661, 0.10442987, 0.93024457), (-0.39870602, 0.10696672, 0.91081923), (-0.40192237, 0.15462965, 0.9025232), (-0.35631737, 0.15406464, 0.92157584), (-0.39870602, 0.10696672, 0.91081923), (-0.44481128, 0.108921245, 0.88897645), (-0.44644296, 0.15465584, 0.88134575), (-0.40192237, 0.15462965, 0.9025232), (-0.44481128, 0.108921245, 0.88897645), (-0.48997846, 0.110072136, 0.86475724), (-0.49011087, 0.15410894, 0.8579289), (-0.44644296, 0.15465584, 0.88134575), (-0.48997846, 0.110072136, 0.86475724), (-0.53438437, 0.110395685, 0.8380014), (-0.533149, 0.15304112, 0.832064), (-0.49011087, 0.15410894, 0.8579289), (-0.53438437, 0.110395685, 0.8380014), (-0.57791734, 0.11002258, 0.8086449), (-0.5755573, 0.15155189, 0.80359554), (-0.533149, 0.15304112, 0.832064), (-0.57791734, 0.11002258, 0.8086449), (-0.62036777, 0.109182425, 0.77667433), (-0.61721677, 0.1499552, 0.772371), (-0.5755573, 0.15155189, 0.80359554), (-0.62036777, 0.109182425, 0.77667433), (-0.66169715, 0.10815222, 0.74192995), (-0.6581108, 0.14864592, 0.7381021), (-0.61721677, 0.1499552, 0.772371), (-0.66169715, 0.10815222, 0.74192995), (-0.7030009, 0.10758822, 0.7030038), (-0.69931054, 0.14808105, 0.6993116), (-0.6581108, 0.14864592, 0.7381021), (-0.0028528126, 0.1458539, 0.989302), (-0.03529171, 0.1499547, 0.98806286), (-0.037702963, 0.19903697, 0.9792664), (-0.0036703935, 0.19520128, 0.98075634), (-0.03529171, 0.1499547, 0.98806286), (-0.09559373, 0.1556352, 0.98317826), (-0.09657943, 0.2079121, 0.97336787), (-0.037702963, 0.19903697, 0.9792664), (-0.09559373, 0.1556352, 0.98317826), (-0.15582305, 0.15582305, 0.975417), (-0.15414803, 0.21066432, 0.96532834), (-0.09657943, 0.2079121, 0.97336787), (-0.15582305, 0.15582305, 0.975417), (-0.21066432, 0.15414803, 0.96532834), (-0.2096136, 0.2096136, 0.955052), (-0.15414803, 0.21066432, 0.96532834), (-0.21066432, 0.15414803, 0.96532834), (-0.2610158, 0.1533438, 0.9530774), (-0.261772, 0.20780376, 0.942493), (-0.2096136, 0.2096136, 0.955052), (-0.2610158, 0.1533438, 0.9530774), (-0.30943397, 0.1534194, 0.9384631), (-0.31109422, 0.20579168, 0.92783093), (-0.261772, 0.20780376, 0.942493), (-0.30943397, 0.1534194, 0.9384631), (-0.35631737, 0.15406464, 0.92157584), (-0.3577961, 0.20369917, 0.91131145), (-0.31109422, 0.20579168, 0.92783093), (-0.35631737, 0.15406464, 0.92157584), (-0.40192237, 0.15462965, 0.9025232), (-0.40240338, 0.20135301, 0.89304453), (-0.3577961, 0.20369917, 0.91131145), (-0.40192237, 0.15462965, 0.9025232), (-0.44644296, 0.15465584, 0.88134575), (-0.4457531, 0.19863558, 0.8728391), (-0.40240338, 0.20135301, 0.89304453), (-0.44644296, 0.15465584, 0.88134575), (-0.49011087, 0.15410894, 0.8579289), (-0.48838624, 0.19568683, 0.85040325), (-0.4457531, 0.19863558, 0.8728391), (-0.49011087, 0.15410894, 0.8579289), (-0.533149, 0.15304112, 0.832064), (-0.5305044, 0.19268116, 0.8254933), (-0.48838624, 0.19568683, 0.85040325), (-0.533149, 0.15304112, 0.832064), (-0.5755573, 0.15155189, 0.80359554), (-0.5721597, 0.18979056, 0.7978802), (-0.5305044, 0.19268116, 0.8254933), (-0.5755573, 0.15155189, 0.80359554), (-0.61721677, 0.1499552, 0.772371), (-0.6133066, 0.18733041, 0.76730853), (-0.5721597, 0.18979056, 0.7978802), (-0.61721677, 0.1499552, 0.772371), (-0.6581108, 0.14864592, 0.7381021), (-0.65388745, 0.18565224, 0.7334605), (-0.6133066, 0.18733041, 0.76730853), (-0.6581108, 0.14864592, 0.7381021), (-0.69931054, 0.14808105, 0.6993116), (-0.6948987, 0.18502805, 0.69489604), (-0.65388745, 0.18565224, 0.7334605), (-0.0036703935, 0.19520128, 0.98075634), (-0.037702963, 0.19903697, 0.9792664), (-0.040672865, 0.24819468, 0.96785593), (-0.004609508, 0.2447599, 0.9695728), (-0.037702963, 0.19903697, 0.9792664), (-0.09657943, 0.2079121, 0.97336787), (-0.09884835, 0.25657284, 0.9614569), (-0.040672865, 0.24819468, 0.96785593), (-0.09657943, 0.2079121, 0.97336787), (-0.15414803, 0.21066432, 0.96532834), (-0.1533438, 0.2610158, 0.9530774), (-0.09884835, 0.25657284, 0.9614569), (-0.15414803, 0.21066432, 0.96532834), (-0.2096136, 0.2096136, 0.955052), (-0.20780376, 0.261772, 0.94249296), (-0.1533438, 0.2610158, 0.9530774), (-0.2096136, 0.2096136, 0.955052), (-0.261772, 0.20780376, 0.942493), (-0.26005697, 0.26005694, 0.9299144), (-0.20780376, 0.261772, 0.94249296), (-0.261772, 0.20780376, 0.942493), (-0.31109422, 0.20579168, 0.92783093), (-0.309226, 0.25663084, 0.91570723), (-0.26005697, 0.26005694, 0.9299144), (-0.31109422, 0.20579168, 0.92783093), (-0.3577961, 0.20369917, 0.91131145), (-0.3554517, 0.25209934, 0.90005565), (-0.309226, 0.25663084, 0.91570723), (-0.3577961, 0.20369917, 0.91131145), (-0.40240338, 0.20135301, 0.89304453), (-0.39938408, 0.24700749, 0.8828815), (-0.3554517, 0.25209934, 0.90005565), (-0.40240338, 0.20135301, 0.89304453), (-0.4457531, 0.19863558, 0.8728391), (-0.44211718, 0.24172367, 0.863772), (-0.39938408, 0.24700749, 0.8828815), (-0.4457531, 0.19863558, 0.8728391), (-0.48838624, 0.19568683, 0.85040325), (-0.48428407, 0.23652378, 0.84233326), (-0.44211718, 0.24172367, 0.863772), (-0.48838624, 0.19568683, 0.85040325), (-0.5305044, 0.19268116, 0.8254933), (-0.52602947, 0.23169562, 0.8182971), (-0.48428407, 0.23652378, 0.84233326), (-0.5305044, 0.19268116, 0.8254933), (-0.5721597, 0.18979056, 0.7978802), (-0.56740075, 0.22749688, 0.79139215), (-0.52602947, 0.23169562, 0.8182971), (-0.5721597, 0.18979056, 0.7978802), (-0.6133066, 0.18733041, 0.76730853), (-0.60835105, 0.22423208, 0.7613336), (-0.56740075, 0.22749688, 0.79139215), (-0.6133066, 0.18733041, 0.76730853), (-0.65388745, 0.18565224, 0.7334605), (-0.6487612, 0.22216663, 0.7278398), (-0.60835105, 0.22423208, 0.7613336), (-0.65388745, 0.18565224, 0.7334605), (-0.6948987, 0.18502805, 0.69489604), (-0.6895494, 0.22145858, 0.6895491), (-0.6487612, 0.22216663, 0.7278398), (-0.004609508, 0.2447599, 0.9695728), (-0.040672865, 0.24819468, 0.96785593), (-0.043517902, 0.29714426, 0.9538404), (-0.005443135, 0.29433888, 0.95568556), (-0.040672865, 0.24819468, 0.96785593), (-0.09884835, 0.25657284, 0.9614569), (-0.10161451, 0.30438465, 0.94711375), (-0.043517902, 0.29714426, 0.9538404), (-0.09884835, 0.25657284, 0.9614569), (-0.1533438, 0.2610158, 0.9530774), (-0.1534194, 0.30943397, 0.9384631), (-0.10161451, 0.30438465, 0.94711375), (-0.1533438, 0.2610158, 0.9530774), (-0.20780376, 0.261772, 0.94249296), (-0.20579168, 0.31109422, 0.92783093), (-0.1534194, 0.30943397, 0.9384631), (-0.20780376, 0.261772, 0.94249296), (-0.26005697, 0.26005694, 0.9299144), (-0.25663084, 0.30922604, 0.91570723), (-0.20579168, 0.31109422, 0.92783093), (-0.26005697, 0.26005694, 0.9299144), (-0.309226, 0.25663084, 0.91570723), (-0.30468863, 0.30468863, 0.90240216), (-0.25663084, 0.30922604, 0.91570723), (-0.309226, 0.25663084, 0.91570723), (-0.3554517, 0.25209934, 0.90005565), (-0.35016108, 0.29841068, 0.88788414), (-0.30468863, 0.30468863, 0.90240216), (-0.3554517, 0.25209934, 0.90005565), (-0.39938408, 0.24700749, 0.8828815), (-0.39366737, 0.29140782, 0.87184143), (-0.35016108, 0.29841068, 0.88788414), (-0.39938408, 0.24700749, 0.8828815), (-0.44211718, 0.24172367, 0.863772), (-0.4361789, 0.2843752, 0.8537439), (-0.39366737, 0.29140782, 0.87184143), (-0.44211718, 0.24172367, 0.863772), (-0.48428407, 0.23652378, 0.84233326), (-0.47823796, 0.2776577, 0.8331834), (-0.4361789, 0.2843752, 0.8537439), (-0.48428407, 0.23652378, 0.84233326), (-0.52602947, 0.23169562, 0.8182971), (-0.5199349, 0.2716015, 0.80987674), (-0.47823796, 0.2776577, 0.8331834), (-0.52602947, 0.23169562, 0.8182971), (-0.56740075, 0.22749688, 0.79139215), (-0.561273, 0.26651818, 0.7835437), (-0.5199349, 0.2716015, 0.80987674), (-0.56740075, 0.22749688, 0.79139215), (-0.60835105, 0.22423208, 0.7613336), (-0.6021619, 0.2627004, 0.7539162), (-0.561273, 0.26651818, 0.7835437), (-0.60835105, 0.22423208, 0.7613336), (-0.6487612, 0.22216663, 0.7278398), (-0.64241403, 0.260366, 0.7207729), (-0.6021619, 0.2627004, 0.7539162), (-0.6487612, 0.22216663, 0.7278398), (-0.6895494, 0.22145858, 0.6895491), (-0.68286794, 0.25959432, 0.68286324), (-0.64241403, 0.260366, 0.7207729), (-0.005443135, 0.29433888, 0.95568556), (-0.043517902, 0.29714426, 0.9538404), (-0.04594731, 0.3459338, 0.93713325), (-0.0061001857, 0.34373978, 0.93904513), (-0.043517902, 0.29714426, 0.9538404), (-0.10161451, 0.30438465, 0.94711375), (-0.10442988, 0.35176614, 0.93024457), (-0.04594731, 0.3459338, 0.93713325), (-0.10161451, 0.30438465, 0.94711375), (-0.1534194, 0.30943397, 0.9384631), (-0.15406464, 0.35631737, 0.92157584), (-0.10442988, 0.35176614, 0.93024457), (-0.1534194, 0.30943397, 0.9384631), (-0.20579168, 0.31109422, 0.92783093), (-0.20369917, 0.3577961, 0.91131145), (-0.15406464, 0.35631737, 0.92157584), (-0.20579168, 0.31109422, 0.92783093), (-0.25663084, 0.30922604, 0.91570723), (-0.25209934, 0.3554517, 0.90005565), (-0.20369917, 0.3577961, 0.91131145), (-0.25663084, 0.30922604, 0.91570723), (-0.30468863, 0.30468863, 0.90240216), (-0.29841065, 0.35016105, 0.88788414), (-0.25209934, 0.3554517, 0.90005565), (-0.30468863, 0.30468863, 0.90240216), (-0.35016108, 0.29841068, 0.88788414), (-0.34294483, 0.34294483, 0.87451565), (-0.29841065, 0.35016105, 0.88788414), (-0.35016108, 0.29841068, 0.88788414), (-0.39366737, 0.29140782, 0.87184143), (-0.3861769, 0.3349908, 0.8594466), (-0.34294483, 0.34294483, 0.87451565), (-0.39366737, 0.29140782, 0.87184143), (-0.4361789, 0.2843752, 0.8537439), (-0.42869335, 0.32712987, 0.84214485), (-0.3861769, 0.3349908, 0.8594466), (-0.4361789, 0.2843752, 0.8537439), (-0.47823796, 0.2776577, 0.8331834), (-0.47080407, 0.31972528, 0.8222647), (-0.42869335, 0.32712987, 0.84214485), (-0.47823796, 0.2776577, 0.8331834), (-0.5199349, 0.2716015, 0.80987674), (-0.51254797, 0.31313145, 0.7995269), (-0.47080407, 0.31972528, 0.8222647), (-0.5199349, 0.2716015, 0.80987674), (-0.561273, 0.26651818, 0.7835437), (-0.55387574, 0.3076813, 0.7736627), (-0.51254797, 0.31313145, 0.7995269), (-0.561273, 0.26651818, 0.7835437), (-0.6021619, 0.2627004, 0.7539162), (-0.5946374, 0.3036515, 0.7444475), (-0.55387574, 0.3076813, 0.7736627), (-0.6021619, 0.2627004, 0.7539162), (-0.64241403, 0.260366, 0.7207729), (-0.63457185, 0.3012291, 0.7117441), (-0.5946374, 0.3036515, 0.7444475), (-0.64241403, 0.260366, 0.7207729), (-0.68286794, 0.25959432, 0.68286324), (-0.6744371, 0.3004386, 0.67444146), (-0.63457185, 0.3012291, 0.7117441), (-0.0061001857, 0.34373978, 0.93904513), (-0.04594731, 0.3459338, 0.93713325), (-0.04806325, 0.39439937, 0.91768146), (-0.00665772, 0.3927499, 0.9196213), (-0.04594731, 0.3459338, 0.93713325), (-0.10442988, 0.35176614, 0.93024457), (-0.10696672, 0.39870602, 0.91081923), (-0.04806325, 0.39439937, 0.91768146), (-0.10442988, 0.35176614, 0.93024457), (-0.15406464, 0.35631737, 0.92157584), (-0.15462965, 0.40192237, 0.9025232), (-0.10696672, 0.39870602, 0.91081923), (-0.15406464, 0.35631737, 0.92157584), (-0.20369917, 0.3577961, 0.91131145), (-0.20135301, 0.40240335, 0.89304453), (-0.15462965, 0.40192237, 0.9025232), (-0.20369917, 0.3577961, 0.91131145), (-0.25209934, 0.3554517, 0.90005565), (-0.24700744, 0.399384, 0.8828814), (-0.20135301, 0.40240335, 0.89304453), (-0.25209934, 0.3554517, 0.90005565), (-0.29841065, 0.35016105, 0.88788414), (-0.29140782, 0.39366737, 0.87184143), (-0.24700744, 0.399384, 0.8828814), (-0.29841065, 0.35016105, 0.88788414), (-0.34294483, 0.34294483, 0.87451565), (-0.3349908, 0.3861769, 0.8594466), (-0.29140782, 0.39366737, 0.87184143), (-0.34294483, 0.34294483, 0.87451565), (-0.3861769, 0.3349908, 0.8594466), (-0.37803972, 0.37803966, 0.84508693), (-0.3349908, 0.3861769, 0.8594466), (-0.3861769, 0.3349908, 0.8594466), (-0.42869335, 0.32712987, 0.84214485), (-0.4206177, 0.37005675, 0.82833487), (-0.37803972, 0.37803966, 0.84508693), (-0.42869335, 0.32712987, 0.84214485), (-0.47080407, 0.31972528, 0.8222647), (-0.46274447, 0.36256662, 0.808958), (-0.4206177, 0.37005675, 0.82833487), (-0.47080407, 0.31972528, 0.8222647), (-0.51254797, 0.31313145, 0.7995269), (-0.50442994, 0.35590625, 0.78669), (-0.46274447, 0.36256662, 0.808958), (-0.51254797, 0.31313145, 0.7995269), (-0.55387574, 0.3076813, 0.7736627), (-0.54557556, 0.3503953, 0.76129526), (-0.50442994, 0.35590625, 0.78669), (-0.55387574, 0.3076813, 0.7736627), (-0.5946374, 0.3036515, 0.7444475), (-0.5859659, 0.34631947, 0.7326027), (-0.54557556, 0.3503953, 0.76129526), (-0.5946374, 0.3036515, 0.7444475), (-0.63457185, 0.3012291, 0.7117441), (-0.6252757, 0.34388018, 0.70055455), (-0.5859659, 0.34631947, 0.7326027), (-0.63457185, 0.3012291, 0.7117441), (-0.6744371, 0.3004386, 0.67444146), (-0.6641862, 0.34308884, 0.6641889), (-0.6252757, 0.34388018, 0.70055455), (-0.00665772, 0.3927499, 0.9196213), (-0.04806325, 0.39439937, 0.91768146), (-0.04983781, 0.44218466, 0.89553833), (-0.0071381005, 0.44114608, 0.8974069), (-0.04806325, 0.39439937, 0.91768146), (-0.10696672, 0.39870602, 0.91081923), (-0.108921245, 0.44481128, 0.88897645), (-0.04983781, 0.44218466, 0.89553833), (-0.10696672, 0.39870602, 0.91081923), (-0.15462965, 0.40192237, 0.9025232), (-0.15465583, 0.44644296, 0.88134575), (-0.108921245, 0.44481128, 0.88897645), (-0.15462965, 0.40192237, 0.9025232), (-0.20135301, 0.40240335, 0.89304453), (-0.19863558, 0.44575313, 0.8728391), (-0.15465583, 0.44644296, 0.88134575), (-0.20135301, 0.40240335, 0.89304453), (-0.24700744, 0.399384, 0.8828814), (-0.24172367, 0.44211718, 0.863772), (-0.19863558, 0.44575313, 0.8728391), (-0.24700744, 0.399384, 0.8828814), (-0.29140782, 0.39366737, 0.87184143), (-0.2843752, 0.4361789, 0.8537439), (-0.24172367, 0.44211718, 0.863772), (-0.29140782, 0.39366737, 0.87184143), (-0.3349908, 0.3861769, 0.8594466), (-0.32712987, 0.42869335, 0.84214485), (-0.2843752, 0.4361789, 0.8537439), (-0.3349908, 0.3861769, 0.8594466), (-0.37803972, 0.37803966, 0.84508693), (-0.37005675, 0.4206177, 0.82833487), (-0.32712987, 0.42869335, 0.84214485), (-0.37803972, 0.37803966, 0.84508693), (-0.4206177, 0.37005675, 0.82833487), (-0.41265908, 0.41265908, 0.8120499), (-0.37005675, 0.4206177, 0.82833487), (-0.4206177, 0.37005675, 0.82833487), (-0.46274447, 0.36256662, 0.808958), (-0.4546754, 0.40512076, 0.7931882), (-0.41265908, 0.41265908, 0.8120499), (-0.46274447, 0.36256662, 0.808958), (-0.50442994, 0.35590625, 0.78669), (-0.49610844, 0.39828825, 0.77151984), (-0.4546754, 0.40512076, 0.7931882), (-0.50442994, 0.35590625, 0.78669), (-0.54557556, 0.3503953, 0.76129526), (-0.5368436, 0.39249736, 0.74682313), (-0.49610844, 0.39828825, 0.77151984), (-0.54557556, 0.3503953, 0.76129526), (-0.5859659, 0.34631947, 0.7326027), (-0.5766362, 0.3881257, 0.7189222), (-0.5368436, 0.39249736, 0.74682313), (-0.5859659, 0.34631947, 0.7326027), (-0.6252757, 0.34388018, 0.70055455), (-0.6150769, 0.3854672, 0.68781924), (-0.5766362, 0.3881257, 0.7189222), (-0.6252757, 0.34388018, 0.70055455), (-0.6641862, 0.34308884, 0.6641889), (-0.6527187, 0.38459948, 0.6527184), (-0.6150769, 0.3854672, 0.68781924), (-0.0071381005, 0.44114608, 0.8974069), (-0.04983781, 0.44218466, 0.89553833), (-0.05100501, 0.48905873, 0.8707583), (-0.0074395295, 0.4887038, 0.872418), (-0.04983781, 0.44218466, 0.89553833), (-0.108921245, 0.44481128, 0.88897645), (-0.110072136, 0.48997846, 0.86475724), (-0.05100501, 0.48905873, 0.8707583), (-0.108921245, 0.44481128, 0.88897645), (-0.15465583, 0.44644296, 0.88134575), (-0.15410894, 0.49011087, 0.8579289), (-0.110072136, 0.48997846, 0.86475724), (-0.15465583, 0.44644296, 0.88134575), (-0.19863558, 0.44575313, 0.8728391), (-0.19568685, 0.48838624, 0.85040325), (-0.15410894, 0.49011087, 0.8579289), (-0.19863558, 0.44575313, 0.8728391), (-0.24172367, 0.44211718, 0.863772), (-0.23652375, 0.48428404, 0.8423334), (-0.19568685, 0.48838624, 0.85040325), (-0.24172367, 0.44211718, 0.863772), (-0.2843752, 0.4361789, 0.8537439), (-0.2776577, 0.47823796, 0.8331834), (-0.23652375, 0.48428404, 0.8423334), (-0.2843752, 0.4361789, 0.8537439), (-0.32712987, 0.42869335, 0.84214485), (-0.31972528, 0.47080407, 0.82226473), (-0.2776577, 0.47823796, 0.8331834), (-0.32712987, 0.42869335, 0.84214485), (-0.37005675, 0.4206177, 0.82833487), (-0.36256665, 0.46274447, 0.808958), (-0.31972528, 0.47080407, 0.82226473), (-0.37005675, 0.4206177, 0.82833487), (-0.41265908, 0.41265908, 0.8120499), (-0.40512076, 0.4546754, 0.7931882), (-0.36256665, 0.46274447, 0.808958), (-0.41265908, 0.41265908, 0.8120499), (-0.4546754, 0.40512076, 0.7931882), (-0.44684324, 0.44684324, 0.77502406), (-0.40512076, 0.4546754, 0.7931882), (-0.4546754, 0.40512076, 0.7931882), (-0.49610844, 0.39828825, 0.77151984), (-0.48779294, 0.43951142, 0.7542465), (-0.44684324, 0.44684324, 0.77502406), (-0.49610844, 0.39828825, 0.77151984), (-0.5368436, 0.39249736, 0.74682313), (-0.52791923, 0.43306062, 0.7305886), (-0.48779294, 0.43951142, 0.7542465), (-0.5368436, 0.39249736, 0.74682313), (-0.5766362, 0.3881257, 0.7189222), (-0.56693566, 0.42804226, 0.7038208), (-0.52791923, 0.43306062, 0.7305886), (-0.5766362, 0.3881257, 0.7189222), (-0.6150769, 0.3854672, 0.68781924), (-0.6043197, 0.424927, 0.67396945), (-0.56693566, 0.42804226, 0.7038208), (-0.6150769, 0.3854672, 0.68781924), (-0.6527187, 0.38459948, 0.6527184), (-0.6404318, 0.4239057, 0.64043033), (-0.6043197, 0.424927, 0.67396945), (-0.0074395295, 0.4887038, 0.872418), (-0.05100501, 0.48905873, 0.8707583), (-0.051496115, 0.5349781, 0.8432951), (-0.0075162463, 0.53518945, 0.8446987), (-0.05100501, 0.48905873, 0.8707583), (-0.110072136, 0.48997846, 0.86475724), (-0.110395685, 0.53438437, 0.8380014), (-0.051496115, 0.5349781, 0.8432951), (-0.110072136, 0.48997846, 0.86475724), (-0.15410894, 0.49011087, 0.8579289), (-0.15304112, 0.533149, 0.832064), (-0.110395685, 0.53438437, 0.8380014), (-0.15410894, 0.49011087, 0.8579289), (-0.19568685, 0.48838624, 0.85040325), (-0.19268116, 0.5305044, 0.8254933), (-0.15304112, 0.533149, 0.832064), (-0.19568685, 0.48838624, 0.85040325), (-0.23652375, 0.48428404, 0.8423334), (-0.23169562, 0.52602947, 0.8182971), (-0.19268116, 0.5305044, 0.8254933), (-0.23652375, 0.48428404, 0.8423334), (-0.2776577, 0.47823796, 0.8331834), (-0.27160147, 0.51993483, 0.80987674), (-0.23169562, 0.52602947, 0.8182971), (-0.2776577, 0.47823796, 0.8331834), (-0.31972528, 0.47080407, 0.82226473), (-0.31313145, 0.51254797, 0.7995269), (-0.27160147, 0.51993483, 0.80987674), (-0.31972528, 0.47080407, 0.82226473), (-0.36256665, 0.46274447, 0.808958), (-0.35590625, 0.50442994, 0.78669), (-0.31313145, 0.51254797, 0.7995269), (-0.36256665, 0.46274447, 0.808958), (-0.40512076, 0.4546754, 0.7931882), (-0.39828825, 0.4961084, 0.77151984), (-0.35590625, 0.50442994, 0.78669), (-0.40512076, 0.4546754, 0.7931882), (-0.44684324, 0.44684324, 0.77502406), (-0.43951142, 0.48779294, 0.7542465), (-0.39828825, 0.4961084, 0.77151984), (-0.44684324, 0.44684324, 0.77502406), (-0.48779294, 0.43951142, 0.7542465), (-0.47975737, 0.47975737, 0.73461944), (-0.43951142, 0.48779294, 0.7542465), (-0.48779294, 0.43951142, 0.7542465), (-0.52791923, 0.43306062, 0.7305886), (-0.519039, 0.47248694, 0.7122883), (-0.47975737, 0.47975737, 0.73461944), (-0.52791923, 0.43306062, 0.7305886), (-0.56693566, 0.42804226, 0.7038208), (-0.55703217, 0.46671852, 0.68694174), (-0.519039, 0.47248694, 0.7122883), (-0.56693566, 0.42804226, 0.7038208), (-0.6043197, 0.424927, 0.67396945), (-0.5930339, 0.46313885, 0.658645), (-0.55703217, 0.46671852, 0.68694174), (-0.6043197, 0.424927, 0.67396945), (-0.6404318, 0.4239057, 0.64043033), (-0.6271233, 0.46198642, 0.62712437), (-0.5930339, 0.46313885, 0.658645), (-0.0075162463, 0.53518945, 0.8446987), (-0.051496115, 0.5349781, 0.8432951), (-0.051522866, 0.5797369, 0.8131732), (-0.0074871075, 0.5803727, 0.81431663), (-0.051496115, 0.5349781, 0.8432951), (-0.110395685, 0.53438437, 0.8380014), (-0.110022604, 0.5779174, 0.8086449), (-0.051522866, 0.5797369, 0.8131732), (-0.110395685, 0.53438437, 0.8380014), (-0.15304112, 0.533149, 0.832064), (-0.15155189, 0.5755573, 0.80359554), (-0.110022604, 0.5779174, 0.8086449), (-0.15304112, 0.533149, 0.832064), (-0.19268116, 0.5305044, 0.8254933), (-0.18979058, 0.5721597, 0.7978802), (-0.15155189, 0.5755573, 0.80359554), (-0.19268116, 0.5305044, 0.8254933), (-0.23169562, 0.52602947, 0.8182971), (-0.22749686, 0.56740075, 0.7913921), (-0.18979058, 0.5721597, 0.7978802), (-0.23169562, 0.52602947, 0.8182971), (-0.27160147, 0.51993483, 0.80987674), (-0.26651818, 0.561273, 0.7835437), (-0.22749686, 0.56740075, 0.7913921), (-0.27160147, 0.51993483, 0.80987674), (-0.31313145, 0.51254797, 0.7995269), (-0.3076813, 0.55387574, 0.7736626), (-0.26651818, 0.561273, 0.7835437), (-0.31313145, 0.51254797, 0.7995269), (-0.35590625, 0.50442994, 0.78669), (-0.3503953, 0.54557556, 0.76129526), (-0.3076813, 0.55387574, 0.7736626), (-0.35590625, 0.50442994, 0.78669), (-0.39828825, 0.4961084, 0.77151984), (-0.39249736, 0.5368436, 0.74682313), (-0.3503953, 0.54557556, 0.76129526), (-0.39828825, 0.4961084, 0.77151984), (-0.43951142, 0.48779294, 0.7542465), (-0.43306062, 0.52791923, 0.7305886), (-0.39249736, 0.5368436, 0.74682313), (-0.43951142, 0.48779294, 0.7542465), (-0.47975737, 0.47975737, 0.73461944), (-0.47248694, 0.519039, 0.7122883), (-0.43306062, 0.52791923, 0.7305886), (-0.47975737, 0.47975737, 0.73461944), (-0.519039, 0.47248694, 0.7122883), (-0.5107955, 0.5107955, 0.69150275), (-0.47248694, 0.519039, 0.7122883), (-0.519039, 0.47248694, 0.7122883), (-0.55703217, 0.46671852, 0.68694174), (-0.54753053, 0.50395614, 0.66801083), (-0.5107955, 0.5107955, 0.69150275), (-0.55703217, 0.46671852, 0.68694174), (-0.5930339, 0.46313885, 0.658645), (-0.581813, 0.4994227, 0.6419274), (-0.54753053, 0.50395614, 0.66801083), (-0.5930339, 0.46313885, 0.658645), (-0.6271233, 0.46198642, 0.62712437), (-0.61321425, 0.49793237, 0.61321414), (-0.581813, 0.4994227, 0.6419274), (-0.0074871075, 0.5803727, 0.81431663), (-0.051522866, 0.5797369, 0.8131732), (-0.051120963, 0.6231184, 0.7804551), (-0.007317066, 0.62403685, 0.7813608), (-0.051522866, 0.5797369, 0.8131732), (-0.110022604, 0.5779174, 0.8086449), (-0.109182425, 0.62036777, 0.77667433), (-0.051120963, 0.6231184, 0.7804551), (-0.110022604, 0.5779174, 0.8086449), (-0.15155189, 0.5755573, 0.80359554), (-0.1499552, 0.61721677, 0.772371), (-0.109182425, 0.62036777, 0.77667433), (-0.15155189, 0.5755573, 0.80359554), (-0.18979058, 0.5721597, 0.7978802), (-0.1873304, 0.6133065, 0.76730853), (-0.1499552, 0.61721677, 0.772371), (-0.18979058, 0.5721597, 0.7978802), (-0.22749686, 0.56740075, 0.7913921), (-0.22423209, 0.60835105, 0.7613336), (-0.1873304, 0.6133065, 0.76730853), (-0.22749686, 0.56740075, 0.7913921), (-0.26651818, 0.561273, 0.7835437), (-0.2627004, 0.6021619, 0.7539162), (-0.22423209, 0.60835105, 0.7613336), (-0.26651818, 0.561273, 0.7835437), (-0.3076813, 0.55387574, 0.7736626), (-0.3036515, 0.5946374, 0.7444475), (-0.2627004, 0.6021619, 0.7539162), (-0.3076813, 0.55387574, 0.7736626), (-0.3503953, 0.54557556, 0.76129526), (-0.3463195, 0.5859659, 0.7326027), (-0.3036515, 0.5946374, 0.7444475), (-0.3503953, 0.54557556, 0.76129526), (-0.39249736, 0.5368436, 0.74682313), (-0.3881257, 0.5766362, 0.71892214), (-0.3463195, 0.5859659, 0.7326027), (-0.39249736, 0.5368436, 0.74682313), (-0.43306062, 0.52791923, 0.7305886), (-0.42804226, 0.56693566, 0.7038208), (-0.3881257, 0.5766362, 0.71892214), (-0.43306062, 0.52791923, 0.7305886), (-0.47248694, 0.519039, 0.7122883), (-0.46671852, 0.55703217, 0.68694174), (-0.42804226, 0.56693566, 0.7038208), (-0.47248694, 0.519039, 0.7122883), (-0.5107955, 0.5107955, 0.69150275), (-0.50395614, 0.54753053, 0.6680109), (-0.46671852, 0.55703217, 0.68694174), (-0.5107955, 0.5107955, 0.69150275), (-0.54753053, 0.50395614, 0.66801083), (-0.5390077, 0.5390077, 0.64725673), (-0.50395614, 0.54753053, 0.6680109), (-0.54753053, 0.50395614, 0.66801083), (-0.581813, 0.4994227, 0.6419274), (-0.57119495, 0.53270686, 0.6244676), (-0.5390077, 0.5390077, 0.64725673), (-0.581813, 0.4994227, 0.6419274), (-0.61321425, 0.49793237, 0.61321414), (-0.5993801, 0.5305579, 0.59937626), (-0.57119495, 0.53270686, 0.6244676), (-0.007317066, 0.62403685, 0.7813608), (-0.051120963, 0.6231184, 0.7804551), (-0.050472777, 0.6649467, 0.7451835), (-0.007111911, 0.66596127, 0.7459524), (-0.051120963, 0.6231184, 0.7804551), (-0.109182425, 0.62036777, 0.77667433), (-0.10815222, 0.66169715, 0.74192995), (-0.050472777, 0.6649467, 0.7451835), (-0.109182425, 0.62036777, 0.77667433), (-0.1499552, 0.61721677, 0.772371), (-0.14864592, 0.6581107, 0.7381021), (-0.10815222, 0.66169715, 0.74192995), (-0.1499552, 0.61721677, 0.772371), (-0.1873304, 0.6133065, 0.76730853), (-0.18565224, 0.65388745, 0.7334606), (-0.14864592, 0.6581107, 0.7381021), (-0.1873304, 0.6133065, 0.76730853), (-0.22423209, 0.60835105, 0.7613336), (-0.22216663, 0.6487612, 0.7278399), (-0.18565224, 0.65388745, 0.7334606), (-0.22423209, 0.60835105, 0.7613336), (-0.2627004, 0.6021619, 0.7539162), (-0.26036605, 0.6424141, 0.720773), (-0.22216663, 0.6487612, 0.7278399), (-0.2627004, 0.6021619, 0.7539162), (-0.3036515, 0.5946374, 0.7444475), (-0.3012291, 0.63457185, 0.7117441), (-0.26036605, 0.6424141, 0.720773), (-0.3036515, 0.5946374, 0.7444475), (-0.3463195, 0.5859659, 0.7326027), (-0.34388018, 0.6252757, 0.70055455), (-0.3012291, 0.63457185, 0.7117441), (-0.3463195, 0.5859659, 0.7326027), (-0.3881257, 0.5766362, 0.71892214), (-0.3854672, 0.6150769, 0.68781924), (-0.34388018, 0.6252757, 0.70055455), (-0.3881257, 0.5766362, 0.71892214), (-0.42804226, 0.56693566, 0.7038208), (-0.424927, 0.6043197, 0.67396945), (-0.3854672, 0.6150769, 0.68781924), (-0.42804226, 0.56693566, 0.7038208), (-0.46671852, 0.55703217, 0.68694174), (-0.46313885, 0.5930339, 0.658645), (-0.424927, 0.6043197, 0.67396945), (-0.46671852, 0.55703217, 0.68694174), (-0.50395614, 0.54753053, 0.6680109), (-0.4994227, 0.581813, 0.6419274), (-0.46313885, 0.5930339, 0.658645), (-0.50395614, 0.54753053, 0.6680109), (-0.5390077, 0.5390077, 0.64725673), (-0.53270686, 0.57119495, 0.6244677), (-0.4994227, 0.581813, 0.6419274), (-0.5390077, 0.5390077, 0.64725673), (-0.57119495, 0.53270686, 0.6244676), (-0.5623914, 0.5623914, 0.6061616), (-0.53270686, 0.57119495, 0.6244677), (-0.57119495, 0.53270686, 0.6244676), (-0.5993801, 0.5305579, 0.59937626), (-0.586232, 0.5591633, 0.5862324), (-0.5623914, 0.5623914, 0.6061616), (-0.007111911, 0.66596127, 0.7459524), (-0.050472777, 0.6649467, 0.7451835), (-0.050025653, 0.7062231, 0.70621973), (-0.0069439006, 0.7070887, 0.7070908), (-0.050472777, 0.6649467, 0.7451835), (-0.10815222, 0.66169715, 0.74192995), (-0.10758822, 0.7030009, 0.7030038), (-0.050025653, 0.7062231, 0.70621973), (-0.10815222, 0.66169715, 0.74192995), (-0.14864592, 0.6581107, 0.7381021), (-0.14808105, 0.69931054, 0.6993116), (-0.10758822, 0.7030009, 0.7030038), (-0.14864592, 0.6581107, 0.7381021), (-0.18565224, 0.65388745, 0.7334606), (-0.18502805, 0.6948987, 0.69489604), (-0.14808105, 0.69931054, 0.6993116), (-0.18565224, 0.65388745, 0.7334606), (-0.22216663, 0.6487612, 0.7278399), (-0.22145858, 0.6895494, 0.6895491), (-0.18502805, 0.6948987, 0.69489604), (-0.22216663, 0.6487612, 0.7278399), (-0.26036605, 0.6424141, 0.720773), (-0.25959432, 0.68286794, 0.68286324), (-0.22145858, 0.6895494, 0.6895491), (-0.26036605, 0.6424141, 0.720773), (-0.3012291, 0.63457185, 0.7117441), (-0.3004386, 0.6744371, 0.67444146), (-0.25959432, 0.68286794, 0.68286324), (-0.3012291, 0.63457185, 0.7117441), (-0.34388018, 0.6252757, 0.70055455), (-0.34308884, 0.6641862, 0.6641889), (-0.3004386, 0.6744371, 0.67444146), (-0.34388018, 0.6252757, 0.70055455), (-0.3854672, 0.6150769, 0.68781924), (-0.38459948, 0.6527187, 0.6527184), (-0.34308884, 0.6641862, 0.6641889), (-0.3854672, 0.6150769, 0.68781924), (-0.424927, 0.6043197, 0.67396945), (-0.4239057, 0.6404318, 0.64043033), (-0.38459948, 0.6527187, 0.6527184), (-0.424927, 0.6043197, 0.67396945), (-0.46313885, 0.5930339, 0.658645), (-0.46198642, 0.6271233, 0.62712437), (-0.4239057, 0.6404318, 0.64043033), (-0.46313885, 0.5930339, 0.658645), (-0.4994227, 0.581813, 0.6419274), (-0.49793237, 0.61321425, 0.61321414), (-0.46198642, 0.6271233, 0.62712437), (-0.4994227, 0.581813, 0.6419274), (-0.53270686, 0.57119495, 0.6244677), (-0.5305579, 0.5993801, 0.59937626), (-0.49793237, 0.61321425, 0.61321414), (-0.53270686, 0.57119495, 0.6244677), (-0.5623914, 0.5623914, 0.6061616), (-0.5591633, 0.586232, 0.5862324), (-0.5305579, 0.5993801, 0.59937626), (-0.5623914, 0.5623914, 0.6061616), (-0.586232, 0.5591633, 0.5862324), (-0.5773505, 0.57735056, 0.5773497), (-0.5591633, 0.586232, 0.5862324), (0.012574808, 0.012574808, 0.9998419), (-0.012574808, 0.012574808, 0.9998419), (-0.0023677112, 0.048270952, 0.9988315), (0.0023677112, 0.048270952, 0.9988315), (0.0023677112, 0.048270952, 0.9988315), (-0.0023677112, 0.048270952, 0.9988315), (-0.0021844509, 0.09684842, 0.9952968), (0.0021844509, 0.09684842, 0.9952968), (0.0021844509, 0.09684842, 0.9952968), (-0.0021844509, 0.09684842, 0.9952968), (-0.0028528126, 0.1458539, 0.989302), (0.0028528126, 0.1458539, 0.989302), (0.0028528126, 0.1458539, 0.989302), (-0.0028528126, 0.1458539, 0.989302), (-0.0036703935, 0.19520128, 0.98075634), (0.0036703935, 0.19520128, 0.98075634), (0.0036703935, 0.19520128, 0.98075634), (-0.0036703935, 0.19520128, 0.98075634), (-0.004609508, 0.2447599, 0.9695728), (0.004609508, 0.2447599, 0.9695728), (0.004609508, 0.2447599, 0.9695728), (-0.004609508, 0.2447599, 0.9695728), (-0.005443135, 0.29433888, 0.95568556), (0.005443135, 0.29433888, 0.95568556), (0.005443135, 0.29433888, 0.95568556), (-0.005443135, 0.29433888, 0.95568556), (-0.0061001857, 0.34373978, 0.93904513), (0.0061001857, 0.34373978, 0.93904513), (0.0061001857, 0.34373978, 0.93904513), (-0.0061001857, 0.34373978, 0.93904513), (-0.00665772, 0.3927499, 0.9196213), (0.00665772, 0.3927499, 0.9196213), (0.00665772, 0.3927499, 0.9196213), (-0.00665772, 0.3927499, 0.9196213), (-0.0071381005, 0.44114608, 0.8974069), (0.0071381005, 0.44114608, 0.8974069), (0.0071381005, 0.44114608, 0.8974069), (-0.0071381005, 0.44114608, 0.8974069), (-0.0074395295, 0.4887038, 0.872418), (0.0074395295, 0.4887038, 0.872418), (0.0074395295, 0.4887038, 0.872418), (-0.0074395295, 0.4887038, 0.872418), (-0.0075162463, 0.53518945, 0.8446987), (0.0075162463, 0.53518945, 0.8446987), (0.0075162463, 0.53518945, 0.8446987), (-0.0075162463, 0.53518945, 0.8446987), (-0.0074871075, 0.5803727, 0.81431663), (0.0074871075, 0.5803727, 0.81431663), (0.0074871075, 0.5803727, 0.81431663), (-0.0074871075, 0.5803727, 0.81431663), (-0.007317066, 0.62403685, 0.7813608), (0.007317066, 0.62403685, 0.7813608), (0.007317066, 0.62403685, 0.7813608), (-0.007317066, 0.62403685, 0.7813608), (-0.007111911, 0.66596127, 0.7459524), (0.007111911, 0.66596127, 0.7459524), (0.007111911, 0.66596127, 0.7459524), (-0.007111911, 0.66596127, 0.7459524), (-0.0069439006, 0.7070887, 0.7070908), (0.0069439006, 0.7070887, 0.7070908), (-0.99984175, 0.012576563, 0.012576595), (-0.99992925, 0.011897105, -0), (-0.9988568, 0.047803316, 0.000016245694), (-0.99883157, 0.04826888, 0.0023734923), (-0.99883157, 0.04826888, 0.0023734923), (-0.9988568, 0.047803316, 0.000016245694), (-0.99536663, 0.09615277, 0.00003090981), (-0.995297, 0.096845016, 0.0022007616), (-0.995297, 0.096845016, 0.0022007616), (-0.99536663, 0.09615277, 0.00003090981), (-0.9894144, 0.14511783, 0.000044281052), (-0.98930186, 0.14585471, 0.0028763106), (-0.98930186, 0.14585471, 0.0028763106), (-0.9894144, 0.14511783, 0.000044281052), (-0.9808942, 0.19454192, 0.00005580178), (-0.98075557, 0.19520436, 0.003700319), (-0.98075557, 0.19520436, 0.003700319), (-0.9808942, 0.19454192, 0.00005580178), (-0.96971756, 0.24422935, 0.00006524094), (-0.96957195, 0.24476226, 0.004639091), (-0.96957195, 0.24476226, 0.004639091), (-0.96971756, 0.24422935, 0.00006524094), (-0.95581394, 0.29397228, 0.00007220698), (-0.95568556, 0.2943383, 0.0054804226), (-0.95568556, 0.2943383, 0.0054804226), (-0.95581394, 0.29397228, 0.00007220698), (-0.9391301, 0.34356165, 0.00007661972), (-0.9390452, 0.34373903, 0.006139337), (-0.9390452, 0.34373903, 0.006139337), (-0.9391301, 0.34356165, 0.00007661972), (-0.9196345, 0.39277515, 0.000078201), (-0.91962063, 0.39275056, 0.0066979015), (-0.91962063, 0.39275056, 0.0066979015), (-0.9196345, 0.39277515, 0.000078201), (-0.8973215, 0.44137743, 0.00007679604), (-0.8974062, 0.44114712, 0.007172541), (-0.8974062, 0.44114712, 0.007172541), (-0.8973215, 0.44137743, 0.00007679604), (-0.8722114, 0.48912913, 0.000072152274), (-0.8724177, 0.48870397, 0.0074743154), (-0.8724177, 0.48870397, 0.0074743154), (-0.8722114, 0.48912913, 0.000072152274), (-0.8443444, 0.53580076, 0.000064445834), (-0.844698, 0.5351901, 0.007548166), (-0.844698, 0.5351901, 0.007548166), (-0.8443444, 0.53580076, 0.000064445834), (-0.8137908, 0.58115786, 0.000053273194), (-0.81431615, 0.58037287, 0.007513472), (-0.81431615, 0.58037287, 0.007513472), (-0.8137908, 0.58115786, 0.000053273194), (-0.7806464, 0.62497294, 0.000038814705), (-0.7813621, 0.62403476, 0.0073339758), (-0.7813621, 0.62403476, 0.0073339758), (-0.7806464, 0.62497294, 0.000038814705), (-0.7450382, 0.6670218, 0.000020913072), (-0.7459542, 0.6659592, 0.00712481), (-0.7459542, 0.6659592, 0.00712481), (-0.7450382, 0.6670218, 0.000020913072), (-0.7071068, 0.7071068, -0), (-0.7070897, 0.7070898, 0.006943389), (-0.99984175, 0.012576563, 0.012576595), (-0.99883157, 0.04826888, 0.0023734923), (-0.99826944, 0.04158221, 0.04158257), (-0.9988316, 0.0023652446, 0.048268914), (-0.99883157, 0.04826888, 0.0023734923), (-0.995297, 0.096845016, 0.0022007616), (-0.99423665, 0.10101874, 0.03589706), (-0.99826944, 0.04158221, 0.04158257), (-0.995297, 0.096845016, 0.0022007616), (-0.98930186, 0.14585471, 0.0028763106), (-0.98806244, 0.14995675, 0.03529155), (-0.99423665, 0.10101874, 0.03589706), (-0.98930186, 0.14585471, 0.0028763106), (-0.98075557, 0.19520436, 0.003700319), (-0.9792666, 0.19903566, 0.037705995), (-0.98806244, 0.14995675, 0.03529155), (-0.98075557, 0.19520436, 0.003700319), (-0.96957195, 0.24476226, 0.004639091), (-0.9678557, 0.24819565, 0.040671214), (-0.9792666, 0.19903566, 0.037705995), (-0.96957195, 0.24476226, 0.004639091), (-0.95568556, 0.2943383, 0.0054804226), (-0.95383954, 0.2971472, 0.04351658), (-0.9678557, 0.24819565, 0.040671214), (-0.95568556, 0.2943383, 0.0054804226), (-0.9390452, 0.34373903, 0.006139337), (-0.93713367, 0.34593296, 0.045944598), (-0.95383954, 0.2971472, 0.04351658), (-0.9390452, 0.34373903, 0.006139337), (-0.91962063, 0.39275056, 0.0066979015), (-0.91768265, 0.39439633, 0.04806417), (-0.93713367, 0.34593296, 0.045944598), (-0.91962063, 0.39275056, 0.0066979015), (-0.8974062, 0.44114712, 0.007172541), (-0.895539, 0.44218367, 0.049834516), (-0.91768265, 0.39439633, 0.04806417), (-0.8974062, 0.44114712, 0.007172541), (-0.8724177, 0.48870397, 0.0074743154), (-0.87075675, 0.48906153, 0.05100429), (-0.895539, 0.44218367, 0.049834516), (-0.8724177, 0.48870397, 0.0074743154), (-0.844698, 0.5351901, 0.007548166), (-0.8432943, 0.53497946, 0.05149412), (-0.87075675, 0.48906153, 0.05100429), (-0.844698, 0.5351901, 0.007548166), (-0.81431615, 0.58037287, 0.007513472), (-0.81317395, 0.57973576, 0.05152253), (-0.8432943, 0.53497946, 0.05149412), (-0.81431615, 0.58037287, 0.007513472), (-0.7813621, 0.62403476, 0.0073339758), (-0.7804555, 0.62311816, 0.05111625), (-0.81317395, 0.57973576, 0.05152253), (-0.7813621, 0.62403476, 0.0073339758), (-0.7459542, 0.6659592, 0.00712481), (-0.74518436, 0.66494584, 0.0504726), (-0.7804555, 0.62311816, 0.05111625), (-0.7459542, 0.6659592, 0.00712481), (-0.7070897, 0.7070898, 0.006943389), (-0.7062215, 0.7062214, 0.050025653), (-0.74518436, 0.66494584, 0.0504726), (-0.9988316, 0.0023652446, 0.048268914), (-0.99826944, 0.04158221, 0.04158257), (-0.99423677, 0.035897262, 0.10101857), (-0.99529713, 0.0021851563, 0.09684448), (-0.99826944, 0.04158221, 0.04158257), (-0.99423665, 0.10101874, 0.03589706), (-0.9903848, 0.09782099, 0.0978206), (-0.99423677, 0.035897262, 0.10101857), (-0.99423665, 0.10101874, 0.03589706), (-0.98806244, 0.14995675, 0.03529155), (-0.9831783, 0.15563531, 0.09559339), (-0.9903848, 0.09782099, 0.0978206), (-0.98806244, 0.14995675, 0.03529155), (-0.9792666, 0.19903566, 0.037705995), (-0.9733679, 0.20791343, 0.09657695), (-0.9831783, 0.15563531, 0.09559339), (-0.9792666, 0.19903566, 0.037705995), (-0.9678557, 0.24819565, 0.040671214), (-0.96145713, 0.25657067, 0.09885219), (-0.9733679, 0.20791343, 0.09657695), (-0.9678557, 0.24819565, 0.040671214), (-0.95383954, 0.2971472, 0.04351658), (-0.9471145, 0.30438298, 0.10161275), (-0.96145713, 0.25657067, 0.09885219), (-0.95383954, 0.2971472, 0.04351658), (-0.93713367, 0.34593296, 0.045944598), (-0.9302442, 0.35176733, 0.1044297), (-0.9471145, 0.30438298, 0.10161275), (-0.93713367, 0.34593296, 0.045944598), (-0.91768265, 0.39439633, 0.04806417), (-0.9108194, 0.39870644, 0.10696351), (-0.9302442, 0.35176733, 0.1044297), (-0.91768265, 0.39439633, 0.04806417), (-0.895539, 0.44218367, 0.049834516), (-0.8889766, 0.44481096, 0.108922556), (-0.9108194, 0.39870644, 0.10696351), (-0.895539, 0.44218367, 0.049834516), (-0.87075675, 0.48906153, 0.05100429), (-0.8647566, 0.48997977, 0.110071994), (-0.8889766, 0.44481096, 0.108922556), (-0.87075675, 0.48906153, 0.05100429), (-0.8432943, 0.53497946, 0.05149412), (-0.8380009, 0.53438514, 0.11039454), (-0.8647566, 0.48997977, 0.110071994), (-0.8432943, 0.53497946, 0.05149412), (-0.81317395, 0.57973576, 0.05152253), (-0.8086459, 0.577916, 0.11002262), (-0.8380009, 0.53438514, 0.11039454), (-0.81317395, 0.57973576, 0.05152253), (-0.7804555, 0.62311816, 0.05111625), (-0.77667594, 0.6203657, 0.10918259), (-0.8086459, 0.577916, 0.11002262), (-0.7804555, 0.62311816, 0.05111625), (-0.74518436, 0.66494584, 0.0504726), (-0.7419297, 0.6616978, 0.108149745), (-0.77667594, 0.6203657, 0.10918259), (-0.74518436, 0.66494584, 0.0504726), (-0.7062215, 0.7062214, 0.050025653), (-0.7030024, 0.7030024, 0.10758859), (-0.7419297, 0.6616978, 0.108149745), (-0.99529713, 0.0021851563, 0.09684448), (-0.99423677, 0.035897262, 0.10101857), (-0.9880625, 0.035291687, 0.14995651), (-0.9893019, 0.0028540997, 0.14585482), (-0.99423677, 0.035897262, 0.10101857), (-0.9903848, 0.09782099, 0.0978206), (-0.9831783, 0.09559384, 0.15563506), (-0.9880625, 0.035291687, 0.14995651), (-0.9903848, 0.09782099, 0.0978206), (-0.9831783, 0.15563531, 0.09559339), (-0.9754171, 0.155823, 0.15582281), (-0.9831783, 0.09559384, 0.15563506), (-0.9831783, 0.15563531, 0.09559339), (-0.9733679, 0.20791343, 0.09657695), (-0.9653279, 0.21066652, 0.15414777), (-0.9754171, 0.155823, 0.15582281), (-0.9733679, 0.20791343, 0.09657695), (-0.96145713, 0.25657067, 0.09885219), (-0.95307714, 0.26101735, 0.15334234), (-0.9653279, 0.21066652, 0.15414777), (-0.96145713, 0.25657067, 0.09885219), (-0.9471145, 0.30438298, 0.10161275), (-0.93846303, 0.30943367, 0.1534207), (-0.95307714, 0.26101735, 0.15334234), (-0.9471145, 0.30438298, 0.10161275), (-0.9302442, 0.35176733, 0.1044297), (-0.92157626, 0.3563155, 0.15406667), (-0.93846303, 0.30943367, 0.1534207), (-0.9302442, 0.35176733, 0.1044297), (-0.9108194, 0.39870644, 0.10696351), (-0.90252423, 0.4019202, 0.15462951), (-0.92157626, 0.3563155, 0.15406667), (-0.9108194, 0.39870644, 0.10696351), (-0.8889766, 0.44481096, 0.108922556), (-0.8813447, 0.44644445, 0.15465729), (-0.90252423, 0.4019202, 0.15462951), (-0.8889766, 0.44481096, 0.108922556), (-0.8647566, 0.48997977, 0.110071994), (-0.85792863, 0.49011207, 0.15410665), (-0.8813447, 0.44644445, 0.15465729), (-0.8647566, 0.48997977, 0.110071994), (-0.8380009, 0.53438514, 0.11039454), (-0.832063, 0.5331505, 0.15304099), (-0.85792863, 0.49011207, 0.15410665), (-0.8380009, 0.53438514, 0.11039454), (-0.8086459, 0.577916, 0.11002262), (-0.80359584, 0.5755571, 0.15155093), (-0.832063, 0.5331505, 0.15304099), (-0.8086459, 0.577916, 0.11002262), (-0.77667594, 0.6203657, 0.10918259), (-0.77237236, 0.61721486, 0.14995624), (-0.80359584, 0.5755571, 0.15155093), (-0.77667594, 0.6203657, 0.10918259), (-0.7419297, 0.6616978, 0.108149745), (-0.73810256, 0.6581095, 0.1486487), (-0.77237236, 0.61721486, 0.14995624), (-0.7419297, 0.6616978, 0.108149745), (-0.7030024, 0.7030024, 0.10758859), (-0.6993111, 0.6993111, 0.14808099), (-0.73810256, 0.6581095, 0.1486487), (-0.9893019, 0.0028540997, 0.14585482), (-0.9880625, 0.035291687, 0.14995651), (-0.9792666, 0.037705533, 0.19903602), (-0.98075575, 0.0036715316, 0.19520439), (-0.9880625, 0.035291687, 0.14995651), (-0.9831783, 0.09559384, 0.15563506), (-0.9733677, 0.09657761, 0.20791362), (-0.9792666, 0.037705533, 0.19903602), (-0.9831783, 0.09559384, 0.15563506), (-0.9754171, 0.155823, 0.15582281), (-0.9653279, 0.15414762, 0.21066712), (-0.9733677, 0.09657761, 0.20791362), (-0.9754171, 0.155823, 0.15582281), (-0.9653279, 0.21066652, 0.15414777), (-0.9550521, 0.20961332, 0.20961368), (-0.9653279, 0.15414762, 0.21066712), (-0.9653279, 0.21066652, 0.15414777), (-0.95307714, 0.26101735, 0.15334234), (-0.9424936, 0.26177147, 0.20780142), (-0.9550521, 0.20961332, 0.20961368), (-0.95307714, 0.26101735, 0.15334234), (-0.93846303, 0.30943367, 0.1534207), (-0.9278303, 0.3110959, 0.20579213), (-0.9424936, 0.26177147, 0.20780142), (-0.93846303, 0.30943367, 0.1534207), (-0.92157626, 0.3563155, 0.15406667), (-0.9113123, 0.35779586, 0.20369582), (-0.9278303, 0.3110959, 0.20579213), (-0.92157626, 0.3563155, 0.15406667), (-0.90252423, 0.4019202, 0.15462951), (-0.89304394, 0.4024033, 0.201356), (-0.9113123, 0.35779586, 0.20369582), (-0.90252423, 0.4019202, 0.15462951), (-0.8813447, 0.44644445, 0.15465729), (-0.8728398, 0.4457512, 0.19863662), (-0.89304394, 0.4024033, 0.201356), (-0.8813447, 0.44644445, 0.15465729), (-0.85792863, 0.49011207, 0.15410665), (-0.85040337, 0.488386, 0.19568612), (-0.8728398, 0.4457512, 0.19863662), (-0.85792863, 0.49011207, 0.15410665), (-0.832063, 0.5331505, 0.15304099), (-0.8254922, 0.5305062, 0.19268046), (-0.85040337, 0.488386, 0.19568612), (-0.832063, 0.5331505, 0.15304099), (-0.80359584, 0.5755571, 0.15155093), (-0.7978808, 0.5721591, 0.18979001), (-0.8254922, 0.5305062, 0.19268046), (-0.80359584, 0.5755571, 0.15155093), (-0.77237236, 0.61721486, 0.14995624), (-0.76730824, 0.61330736, 0.18732874), (-0.7978808, 0.5721591, 0.18979001), (-0.77237236, 0.61721486, 0.14995624), (-0.73810256, 0.6581095, 0.1486487), (-0.7334602, 0.6538873, 0.18565436), (-0.76730824, 0.61330736, 0.18732874), (-0.73810256, 0.6581095, 0.1486487), (-0.6993111, 0.6993111, 0.14808099), (-0.6948972, 0.69489723, 0.1850289), (-0.7334602, 0.6538873, 0.18565436), (-0.98075575, 0.0036715316, 0.19520439), (-0.9792666, 0.037705533, 0.19903602), (-0.96785545, 0.0406713, 0.24819638), (-0.96957237, 0.004606209, 0.24476162), (-0.9792666, 0.037705533, 0.19903602), (-0.9733677, 0.09657761, 0.20791362), (-0.9614571, 0.098852806, 0.25657058), (-0.96785545, 0.0406713, 0.24819638), (-0.9733677, 0.09657761, 0.20791362), (-0.9653279, 0.15414762, 0.21066712), (-0.9530774, 0.15334226, 0.26101682), (-0.9614571, 0.098852806, 0.25657058), (-0.9653279, 0.15414762, 0.21066712), (-0.9550521, 0.20961332, 0.20961368), (-0.9424937, 0.20780076, 0.26177162), (-0.9530774, 0.15334226, 0.26101682), (-0.9550521, 0.20961332, 0.20961368), (-0.9424936, 0.26177147, 0.20780142), (-0.9299136, 0.26005882, 0.26005793), (-0.9424937, 0.20780076, 0.26177162), (-0.9424936, 0.26177147, 0.20780142), (-0.9278303, 0.3110959, 0.20579213), (-0.915708, 0.30922493, 0.25662988), (-0.9299136, 0.26005882, 0.26005793), (-0.9278303, 0.3110959, 0.20579213), (-0.9113123, 0.35779586, 0.20369582), (-0.90005505, 0.35545173, 0.25210106), (-0.915708, 0.30922493, 0.25662988), (-0.9113123, 0.35779586, 0.20369582), (-0.89304394, 0.4024033, 0.201356), (-0.8828807, 0.3993857, 0.24700767), (-0.90005505, 0.35545173, 0.25210106), (-0.89304394, 0.4024033, 0.201356), (-0.8728398, 0.4457512, 0.19863662), (-0.8637726, 0.44211587, 0.24172415), (-0.8828807, 0.3993857, 0.24700767), (-0.8728398, 0.4457512, 0.19863662), (-0.85040337, 0.488386, 0.19568612), (-0.84233296, 0.48428375, 0.23652561), (-0.8637726, 0.44211587, 0.24172415), (-0.85040337, 0.488386, 0.19568612), (-0.8254922, 0.5305062, 0.19268046), (-0.81829584, 0.5260306, 0.23169738), (-0.84233296, 0.48428375, 0.23652561), (-0.8254922, 0.5305062, 0.19268046), (-0.7978808, 0.5721591, 0.18979001), (-0.79139316, 0.5673998, 0.22749576), (-0.81829584, 0.5260306, 0.23169738), (-0.7978808, 0.5721591, 0.18979001), (-0.76730824, 0.61330736, 0.18732874), (-0.76133317, 0.6083509, 0.22423431), (-0.79139316, 0.5673998, 0.22749576), (-0.76730824, 0.61330736, 0.18732874), (-0.7334602, 0.6538873, 0.18565436), (-0.72783905, 0.6487621, 0.22216667), (-0.76133317, 0.6083509, 0.22423431), (-0.7334602, 0.6538873, 0.18565436), (-0.6948972, 0.69489723, 0.1850289), (-0.6895492, 0.6895493, 0.22145806), (-0.72783905, 0.6487621, 0.22216667), (-0.96957237, 0.004606209, 0.24476162), (-0.96785545, 0.0406713, 0.24819638), (-0.9538396, 0.04351612, 0.29714695), (-0.95568573, 0.005444349, 0.29433855), (-0.96785545, 0.0406713, 0.24819638), (-0.9614571, 0.098852806, 0.25657058), (-0.94711477, 0.10161214, 0.3043823), (-0.9538396, 0.04351612, 0.29714695), (-0.9614571, 0.098852806, 0.25657058), (-0.9530774, 0.15334226, 0.26101682), (-0.9384632, 0.1534212, 0.30943274), (-0.94711477, 0.10161214, 0.3043823), (-0.9530774, 0.15334226, 0.26101682), (-0.9424937, 0.20780076, 0.26177162), (-0.92783076, 0.20579158, 0.3110946), (-0.9384632, 0.1534212, 0.30943274), (-0.9424937, 0.20780076, 0.26177162), (-0.9299136, 0.26005882, 0.26005793), (-0.9157079, 0.25662985, 0.30922523), (-0.92783076, 0.20579158, 0.3110946), (-0.9299136, 0.26005882, 0.26005793), (-0.915708, 0.30922493, 0.25662988), (-0.90240103, 0.30469075, 0.30469), (-0.9157079, 0.25662985, 0.30922523), (-0.915708, 0.30922493, 0.25662988), (-0.90005505, 0.35545173, 0.25210106), (-0.8878836, 0.35016194, 0.29841137), (-0.90240103, 0.30469075, 0.30469), (-0.90005505, 0.35545173, 0.25210106), (-0.8828807, 0.3993857, 0.24700767), (-0.87184256, 0.39366624, 0.2914062), (-0.8878836, 0.35016194, 0.29841137), (-0.8828807, 0.3993857, 0.24700767), (-0.8637726, 0.44211587, 0.24172415), (-0.85374343, 0.4361783, 0.28437757), (-0.87184256, 0.39366624, 0.2914062), (-0.8637726, 0.44211587, 0.24172415), (-0.84233296, 0.48428375, 0.23652561), (-0.8331827, 0.4782392, 0.27765787), (-0.85374343, 0.4361783, 0.28437757), (-0.84233296, 0.48428375, 0.23652561), (-0.81829584, 0.5260306, 0.23169738), (-0.8098775, 0.51993406, 0.2716007), (-0.8331827, 0.4782392, 0.27765787), (-0.81829584, 0.5260306, 0.23169738), (-0.79139316, 0.5673998, 0.22749576), (-0.78354406, 0.5612723, 0.26651865), (-0.8098775, 0.51993406, 0.2716007), (-0.79139316, 0.5673998, 0.22749576), (-0.76133317, 0.6083509, 0.22423431), (-0.75391436, 0.6021636, 0.2627016), (-0.78354406, 0.5612723, 0.26651865), (-0.76133317, 0.6083509, 0.22423431), (-0.72783905, 0.6487621, 0.22216667), (-0.720775, 0.6424124, 0.2603644), (-0.75391436, 0.6021636, 0.2627016), (-0.72783905, 0.6487621, 0.22216667), (-0.6895492, 0.6895493, 0.22145806), (-0.68286526, 0.6828653, 0.25959593), (-0.720775, 0.6424124, 0.2603644), (-0.95568573, 0.005444349, 0.29433855), (-0.9538396, 0.04351612, 0.29714695), (-0.9371337, 0.045943443, 0.34593287), (-0.93904555, 0.0060999575, 0.34373868), (-0.9538396, 0.04351612, 0.29714695), (-0.94711477, 0.10161214, 0.3043823), (-0.9302442, 0.10442994, 0.35176733), (-0.9371337, 0.045943443, 0.34593287), (-0.94711477, 0.10161214, 0.3043823), (-0.9384632, 0.1534212, 0.30943274), (-0.9215762, 0.15406626, 0.35631597), (-0.9302442, 0.10442994, 0.35176733), (-0.9384632, 0.1534212, 0.30943274), (-0.92783076, 0.20579158, 0.3110946), (-0.9113117, 0.2036965, 0.35779685), (-0.9215762, 0.15406626, 0.35631597), (-0.92783076, 0.20579158, 0.3110946), (-0.9157079, 0.25662985, 0.30922523), (-0.9000542, 0.25210238, 0.35545298), (-0.9113117, 0.2036965, 0.35779685), (-0.9157079, 0.25662985, 0.30922523), (-0.90240103, 0.30469075, 0.30469), (-0.887884, 0.2984111, 0.35016096), (-0.9000542, 0.25210238, 0.35545298), (-0.90240103, 0.30469075, 0.30469), (-0.8878836, 0.35016194, 0.29841137), (-0.87451786, 0.34294197, 0.342942), (-0.887884, 0.2984111, 0.35016096), (-0.8878836, 0.35016194, 0.29841137), (-0.87184256, 0.39366624, 0.2914062), (-0.85944474, 0.38618, 0.33499223), (-0.87451786, 0.34294197, 0.342942), (-0.87184256, 0.39366624, 0.2914062), (-0.85374343, 0.4361783, 0.28437757), (-0.8421456, 0.4286939, 0.32712725), (-0.85944474, 0.38618, 0.33499223), (-0.85374343, 0.4361783, 0.28437757), (-0.8331827, 0.4782392, 0.27765787), (-0.82226664, 0.4708014, 0.31972405), (-0.8421456, 0.4286939, 0.32712725), (-0.8331827, 0.4782392, 0.27765787), (-0.8098775, 0.51993406, 0.2716007), (-0.79952645, 0.5125496, 0.31313), (-0.82226664, 0.4708014, 0.31972405), (-0.8098775, 0.51993406, 0.2716007), (-0.78354406, 0.5612723, 0.26651865), (-0.77366155, 0.5538759, 0.30768377), (-0.79952645, 0.5125496, 0.31313), (-0.78354406, 0.5612723, 0.26651865), (-0.75391436, 0.6021636, 0.2627016), (-0.7444489, 0.59463596, 0.3036509), (-0.77366155, 0.5538759, 0.30768377), (-0.75391436, 0.6021636, 0.2627016), (-0.720775, 0.6424124, 0.2603644), (-0.71174353, 0.6345729, 0.30122778), (-0.7444489, 0.59463596, 0.3036509), (-0.720775, 0.6424124, 0.2603644), (-0.68286526, 0.6828653, 0.25959593), (-0.6744386, 0.6744386, 0.30044165), (-0.71174353, 0.6345729, 0.30122778), (-0.93904555, 0.0060999575, 0.34373868), (-0.9371337, 0.045943443, 0.34593287), (-0.9176825, 0.048064332, 0.3943964), (-0.9196213, 0.0066590505, 0.39274976), (-0.9371337, 0.045943443, 0.34593287), (-0.9302442, 0.10442994, 0.35176733), (-0.9108193, 0.10696372, 0.39870682), (-0.9176825, 0.048064332, 0.3943964), (-0.9302442, 0.10442994, 0.35176733), (-0.9215762, 0.15406626, 0.35631597), (-0.9025242, 0.15463072, 0.40191984), (-0.9108193, 0.10696372, 0.39870682), (-0.9215762, 0.15406626, 0.35631597), (-0.9113117, 0.2036965, 0.35779685), (-0.8930437, 0.20135607, 0.40240374), (-0.9025242, 0.15463072, 0.40191984), (-0.9113117, 0.2036965, 0.35779685), (-0.9000542, 0.25210238, 0.35545298), (-0.8828814, 0.24700558, 0.39938518), (-0.8930437, 0.20135607, 0.40240374), (-0.9000542, 0.25210238, 0.35545298), (-0.887884, 0.2984111, 0.35016096), (-0.87184286, 0.29140562, 0.39366576), (-0.8828814, 0.24700558, 0.39938518), (-0.887884, 0.2984111, 0.35016096), (-0.87451786, 0.34294197, 0.342942), (-0.8594444, 0.33499333, 0.3861799), (-0.87184286, 0.29140562, 0.39366576), (-0.87451786, 0.34294197, 0.342942), (-0.85944474, 0.38618, 0.33499223), (-0.84508735, 0.37803903, 0.3780396), (-0.8594444, 0.33499333, 0.3861799), (-0.85944474, 0.38618, 0.33499223), (-0.8421456, 0.4286939, 0.32712725), (-0.82833743, 0.42061433, 0.37005478), (-0.84508735, 0.37803903, 0.3780396), (-0.8421456, 0.4286939, 0.32712725), (-0.82226664, 0.4708014, 0.31972405), (-0.8089563, 0.4627468, 0.36256728), (-0.82833743, 0.42061433, 0.37005478), (-0.82226664, 0.4708014, 0.31972405), (-0.79952645, 0.5125496, 0.31313), (-0.78668904, 0.50443256, 0.35590512), (-0.8089563, 0.4627468, 0.36256728), (-0.79952645, 0.5125496, 0.31313), (-0.77366155, 0.5538759, 0.30768377), (-0.761296, 0.54557604, 0.35039306), (-0.78668904, 0.50443256, 0.35590512), (-0.77366155, 0.5538759, 0.30768377), (-0.7444489, 0.59463596, 0.3036509), (-0.7326038, 0.5859652, 0.34631836), (-0.761296, 0.54557604, 0.35039306), (-0.7444489, 0.59463596, 0.3036509), (-0.71174353, 0.6345729, 0.30122778), (-0.70055324, 0.62527573, 0.34388265), (-0.7326038, 0.5859652, 0.34631836), (-0.71174353, 0.6345729, 0.30122778), (-0.6744386, 0.6744386, 0.30044165), (-0.66418844, 0.66418844, 0.34308523), (-0.70055324, 0.62527573, 0.34388265), (-0.9196213, 0.0066590505, 0.39274976), (-0.9176825, 0.048064332, 0.3943964), (-0.89553875, 0.049834535, 0.44218424), (-0.89740604, 0.00713417, 0.44114783), (-0.9176825, 0.048064332, 0.3943964), (-0.9108193, 0.10696372, 0.39870682), (-0.8889761, 0.10892191, 0.44481182), (-0.89553875, 0.049834535, 0.44218424), (-0.9108193, 0.10696372, 0.39870682), (-0.9025242, 0.15463072, 0.40191984), (-0.88134474, 0.15465702, 0.44644433), (-0.8889761, 0.10892191, 0.44481182), (-0.9025242, 0.15463072, 0.40191984), (-0.8930437, 0.20135607, 0.40240374), (-0.8728405, 0.19863717, 0.44574976), (-0.88134474, 0.15465702, 0.44644433), (-0.8930437, 0.20135607, 0.40240374), (-0.8828814, 0.24700558, 0.39938518), (-0.8637731, 0.24172458, 0.4421144), (-0.8728405, 0.19863717, 0.44574976), (-0.8828814, 0.24700558, 0.39938518), (-0.87184286, 0.29140562, 0.39366576), (-0.8537423, 0.28437772, 0.4361805), (-0.8637731, 0.24172458, 0.4421144), (-0.87184286, 0.29140562, 0.39366576), (-0.8594444, 0.33499333, 0.3861799), (-0.8421444, 0.32712862, 0.4286953), (-0.8537423, 0.28437772, 0.4361805), (-0.8594444, 0.33499333, 0.3861799), (-0.84508735, 0.37803903, 0.3780396), (-0.8283379, 0.37005484, 0.42061356), (-0.8421444, 0.32712862, 0.4286953), (-0.84508735, 0.37803903, 0.3780396), (-0.82833743, 0.42061433, 0.37005478), (-0.8120479, 0.41266, 0.41266197), (-0.8283379, 0.37005484, 0.42061356), (-0.82833743, 0.42061433, 0.37005478), (-0.8089563, 0.4627468, 0.36256728), (-0.7931886, 0.45467377, 0.4051217), (-0.8120479, 0.41266, 0.41266197), (-0.8089563, 0.4627468, 0.36256728), (-0.78668904, 0.50443256, 0.35590512), (-0.7715204, 0.4961069, 0.39828917), (-0.7931886, 0.45467377, 0.4051217), (-0.78668904, 0.50443256, 0.35590512), (-0.761296, 0.54557604, 0.35039306), (-0.7468233, 0.5368438, 0.39249673), (-0.7715204, 0.4961069, 0.39828917), (-0.761296, 0.54557604, 0.35039306), (-0.7326038, 0.5859652, 0.34631836), (-0.7189198, 0.57663834, 0.38812697), (-0.7468233, 0.5368438, 0.39249673), (-0.7326038, 0.5859652, 0.34631836), (-0.70055324, 0.62527573, 0.34388265), (-0.68781984, 0.6150763, 0.3854673), (-0.7189198, 0.57663834, 0.38812697), (-0.70055324, 0.62527573, 0.34388265), (-0.66418844, 0.66418844, 0.34308523), (-0.65271866, 0.6527187, 0.38459936), (-0.68781984, 0.6150763, 0.3854673), (-0.89740604, 0.00713417, 0.44114783), (-0.89553875, 0.049834535, 0.44218424), (-0.87075615, 0.051004555, 0.48906267), (-0.87241817, 0.007438229, 0.4887037), (-0.89553875, 0.049834535, 0.44218424), (-0.8889761, 0.10892191, 0.44481182), (-0.8647564, 0.11007111, 0.48998025), (-0.87075615, 0.051004555, 0.48906267), (-0.8889761, 0.10892191, 0.44481182), (-0.88134474, 0.15465702, 0.44644433), (-0.8579282, 0.1541049, 0.49011308), (-0.8647564, 0.11007111, 0.48998025), (-0.88134474, 0.15465702, 0.44644433), (-0.8728405, 0.19863717, 0.44574976), (-0.850403, 0.19568497, 0.48838726), (-0.8579282, 0.1541049, 0.49011308), (-0.8728405, 0.19863717, 0.44574976), (-0.8637731, 0.24172458, 0.4421144), (-0.84233284, 0.23652782, 0.484283), (-0.850403, 0.19568497, 0.48838726), (-0.8637731, 0.24172458, 0.4421144), (-0.8537423, 0.28437772, 0.4361805), (-0.8331827, 0.27766052, 0.47823763), (-0.84233284, 0.23652782, 0.484283), (-0.8537423, 0.28437772, 0.4361805), (-0.8421444, 0.32712862, 0.4286953), (-0.8222674, 0.31972203, 0.47080156), (-0.8331827, 0.27766052, 0.47823763), (-0.8421444, 0.32712862, 0.4286953), (-0.8283379, 0.37005484, 0.42061356), (-0.8089572, 0.36256668, 0.46274588), (-0.8222674, 0.31972203, 0.47080156), (-0.8283379, 0.37005484, 0.42061356), (-0.8120479, 0.41266, 0.41266197), (-0.7931879, 0.40512243, 0.45467436), (-0.8089572, 0.36256668, 0.46274588), (-0.8120479, 0.41266, 0.41266197), (-0.7931886, 0.45467377, 0.4051217), (-0.77502304, 0.44684365, 0.4468444), (-0.7931879, 0.40512243, 0.45467436), (-0.7931886, 0.45467377, 0.4051217), (-0.7715204, 0.4961069, 0.39828917), (-0.7542444, 0.4877938, 0.4395141), (-0.77502304, 0.44684365, 0.4468444), (-0.7715204, 0.4961069, 0.39828917), (-0.7468233, 0.5368438, 0.39249673), (-0.73058724, 0.5279194, 0.43306294), (-0.7542444, 0.4877938, 0.4395141), (-0.7468233, 0.5368438, 0.39249673), (-0.7189198, 0.57663834, 0.38812697), (-0.7038204, 0.5669348, 0.428044), (-0.73058724, 0.5279194, 0.43306294), (-0.7189198, 0.57663834, 0.38812697), (-0.68781984, 0.6150763, 0.3854673), (-0.67397046, 0.60431975, 0.4249251), (-0.7038204, 0.5669348, 0.428044), (-0.68781984, 0.6150763, 0.3854673), (-0.65271866, 0.6527187, 0.38459936), (-0.6404303, 0.6404303, 0.42390826), (-0.67397046, 0.60431975, 0.4249251), (-0.87241817, 0.007438229, 0.4887037), (-0.87075615, 0.051004555, 0.48906267), (-0.8432941, 0.051495902, 0.53497976), (-0.8446983, 0.0075182356, 0.5351898), (-0.87075615, 0.051004555, 0.48906267), (-0.8647564, 0.11007111, 0.48998025), (-0.8380012, 0.11039374, 0.5343848), (-0.8432941, 0.051495902, 0.53497976), (-0.8647564, 0.11007111, 0.48998025), (-0.8579282, 0.1541049, 0.49011308), (-0.83206296, 0.15304115, 0.5331506), (-0.8380012, 0.11039374, 0.5343848), (-0.8579282, 0.1541049, 0.49011308), (-0.850403, 0.19568497, 0.48838726), (-0.8254923, 0.19267894, 0.5305066), (-0.83206296, 0.15304115, 0.5331506), (-0.850403, 0.19568497, 0.48838726), (-0.84233284, 0.23652782, 0.484283), (-0.8182957, 0.23169492, 0.5260321), (-0.8254923, 0.19267894, 0.5305066), (-0.84233284, 0.23652782, 0.484283), (-0.8331827, 0.27766052, 0.47823763), (-0.809877, 0.2716022, 0.51993406), (-0.8182957, 0.23169492, 0.5260321), (-0.8331827, 0.27766052, 0.47823763), (-0.8222674, 0.31972203, 0.47080156), (-0.79952663, 0.31313193, 0.51254815), (-0.809877, 0.2716022, 0.51993406), (-0.8222674, 0.31972203, 0.47080156), (-0.8089572, 0.36256668, 0.46274588), (-0.78668797, 0.3559058, 0.5044334), (-0.79952663, 0.31313193, 0.51254815), (-0.8089572, 0.36256668, 0.46274588), (-0.7931879, 0.40512243, 0.45467436), (-0.7715208, 0.39828932, 0.49610603), (-0.78668797, 0.3559058, 0.5044334), (-0.7931879, 0.40512243, 0.45467436), (-0.77502304, 0.44684365, 0.4468444), (-0.7542448, 0.43951347, 0.48779377), (-0.7715208, 0.39828932, 0.49610603), (-0.77502304, 0.44684365, 0.4468444), (-0.7542444, 0.4877938, 0.4395141), (-0.734619, 0.47975677, 0.4797585), (-0.7542448, 0.43951347, 0.48779377), (-0.7542444, 0.4877938, 0.4395141), (-0.73058724, 0.5279194, 0.43306294), (-0.7122902, 0.5190386, 0.4724846), (-0.734619, 0.47975677, 0.4797585), (-0.73058724, 0.5279194, 0.43306294), (-0.7038204, 0.5669348, 0.428044), (-0.68694293, 0.55703104, 0.46671808), (-0.7122902, 0.5190386, 0.4724846), (-0.7038204, 0.5669348, 0.428044), (-0.67397046, 0.60431975, 0.4249251), (-0.6586447, 0.59303373, 0.4631394), (-0.68694293, 0.55703104, 0.46671808), (-0.67397046, 0.60431975, 0.4249251), (-0.6404303, 0.6404303, 0.42390826), (-0.62712395, 0.62712395, 0.46198604), (-0.6586447, 0.59303373, 0.4631394), (-0.8446983, 0.0075182356, 0.5351898), (-0.8432941, 0.051495902, 0.53497976), (-0.81317395, 0.05152296, 0.57973576), (-0.81431526, 0.0074880645, 0.5803746), (-0.8432941, 0.051495902, 0.53497976), (-0.8380012, 0.11039374, 0.5343848), (-0.80864674, 0.11002114, 0.577915), (-0.81317395, 0.05152296, 0.57973576), (-0.8380012, 0.11039374, 0.5343848), (-0.83206296, 0.15304115, 0.5331506), (-0.80359674, 0.15155002, 0.57555604), (-0.80864674, 0.11002114, 0.577915), (-0.83206296, 0.15304115, 0.5331506), (-0.8254923, 0.19267894, 0.5305066), (-0.79788154, 0.18979007, 0.5721581), (-0.80359674, 0.15155002, 0.57555604), (-0.8254923, 0.19267894, 0.5305066), (-0.8182957, 0.23169492, 0.5260321), (-0.7913923, 0.22749738, 0.5674002), (-0.79788154, 0.18979007, 0.5721581), (-0.8182957, 0.23169492, 0.5260321), (-0.809877, 0.2716022, 0.51993406), (-0.7835429, 0.26651827, 0.561274), (-0.7913923, 0.22749738, 0.5674002), (-0.809877, 0.2716022, 0.51993406), (-0.79952663, 0.31313193, 0.51254815), (-0.773662, 0.30768275, 0.55387586), (-0.7835429, 0.26651827, 0.561274), (-0.79952663, 0.31313193, 0.51254815), (-0.78668797, 0.3559058, 0.5044334), (-0.7612961, 0.3503927, 0.5455761), (-0.773662, 0.30768275, 0.55387586), (-0.78668797, 0.3559058, 0.5044334), (-0.7715208, 0.39828932, 0.49610603), (-0.746823, 0.39249626, 0.5368446), (-0.7612961, 0.3503927, 0.5455761), (-0.7715208, 0.39828932, 0.49610603), (-0.7542448, 0.43951347, 0.48779377), (-0.73058707, 0.43306503, 0.52791786), (-0.746823, 0.39249626, 0.5368446), (-0.7542448, 0.43951347, 0.48779377), (-0.734619, 0.47975677, 0.4797585), (-0.7122897, 0.47248438, 0.51903945), (-0.73058707, 0.43306503, 0.52791786), (-0.734619, 0.47975677, 0.4797585), (-0.7122902, 0.5190386, 0.4724846), (-0.69150424, 0.51079416, 0.5107947), (-0.7122897, 0.47248438, 0.51903945), (-0.7122902, 0.5190386, 0.4724846), (-0.68694293, 0.55703104, 0.46671808), (-0.6680081, 0.5475327, 0.50395745), (-0.69150424, 0.51079416, 0.5107947), (-0.68694293, 0.55703104, 0.46671808), (-0.6586447, 0.59303373, 0.4631394), (-0.6419267, 0.5818121, 0.4994246), (-0.6680081, 0.5475327, 0.50395745), (-0.6586447, 0.59303373, 0.4631394), (-0.62712395, 0.62712395, 0.46198604), (-0.6132138, 0.6132138, 0.49793348), (-0.6419267, 0.5818121, 0.4994246), (-0.81431526, 0.0074880645, 0.5803746), (-0.81317395, 0.05152296, 0.57973576), (-0.78045565, 0.051114164, 0.6231182), (-0.7813627, 0.0073147523, 0.6240343), (-0.81317395, 0.05152296, 0.57973576), (-0.80864674, 0.11002114, 0.577915), (-0.776677, 0.10917963, 0.62036496), (-0.78045565, 0.051114164, 0.6231182), (-0.80864674, 0.11002114, 0.577915), (-0.80359674, 0.15155002, 0.57555604), (-0.77237195, 0.14995646, 0.6172151), (-0.776677, 0.10917963, 0.62036496), (-0.80359674, 0.15155002, 0.57555604), (-0.79788154, 0.18979007, 0.5721581), (-0.7673075, 0.1873295, 0.61330813), (-0.77237195, 0.14995646, 0.6172151), (-0.79788154, 0.18979007, 0.5721581), (-0.7913923, 0.22749738, 0.5674002), (-0.7613332, 0.22423537, 0.60835046), (-0.7673075, 0.1873295, 0.61330813), (-0.7913923, 0.22749738, 0.5674002), (-0.7835429, 0.26651827, 0.561274), (-0.7539141, 0.2627023, 0.6021636), (-0.7613332, 0.22423537, 0.60835046), (-0.7835429, 0.26651827, 0.561274), (-0.773662, 0.30768275, 0.55387586), (-0.7444502, 0.30365086, 0.5946344), (-0.7539141, 0.2627023, 0.6021636), (-0.773662, 0.30768275, 0.55387586), (-0.7612961, 0.3503927, 0.5455761), (-0.7326048, 0.34632015, 0.58596295), (-0.7444502, 0.30365086, 0.5946344), (-0.7612961, 0.3503927, 0.5455761), (-0.746823, 0.39249626, 0.5368446), (-0.71892107, 0.3881258, 0.5766376), (-0.7326048, 0.34632015, 0.58596295), (-0.746823, 0.39249626, 0.5368446), (-0.73058707, 0.43306503, 0.52791786), (-0.7038201, 0.42804348, 0.5669357), (-0.71892107, 0.3881258, 0.5766376), (-0.73058707, 0.43306503, 0.52791786), (-0.7122897, 0.47248438, 0.51903945), (-0.6869444, 0.46671772, 0.5570295), (-0.7038201, 0.42804348, 0.5669357), (-0.7122897, 0.47248438, 0.51903945), (-0.69150424, 0.51079416, 0.5107947), (-0.668009, 0.5039565, 0.54753256), (-0.6869444, 0.46671772, 0.5570295), (-0.69150424, 0.51079416, 0.5107947), (-0.6680081, 0.5475327, 0.50395745), (-0.6472553, 0.53900915, 0.539008), (-0.668009, 0.5039565, 0.54753256), (-0.6680081, 0.5475327, 0.50395745), (-0.6419267, 0.5818121, 0.4994246), (-0.62446886, 0.57119465, 0.53270566), (-0.6472553, 0.53900915, 0.539008), (-0.6419267, 0.5818121, 0.4994246), (-0.6132138, 0.6132138, 0.49793348), (-0.59937847, 0.5993785, 0.5305571), (-0.62446886, 0.57119465, 0.53270566), (-0.7813627, 0.0073147523, 0.6240343), (-0.78045565, 0.051114164, 0.6231182), (-0.7451843, 0.05047224, 0.6649458), (-0.74595433, 0.0071167527, 0.6659592), (-0.78045565, 0.051114164, 0.6231182), (-0.776677, 0.10917963, 0.62036496), (-0.7419284, 0.10814831, 0.6616995), (-0.7451843, 0.05047224, 0.6649458), (-0.776677, 0.10917963, 0.62036496), (-0.77237195, 0.14995646, 0.6172151), (-0.73810077, 0.14865047, 0.6581111), (-0.7419284, 0.10814831, 0.6616995), (-0.77237195, 0.14995646, 0.6172151), (-0.7673075, 0.1873295, 0.61330813), (-0.73345923, 0.18565361, 0.6538886), (-0.73810077, 0.14865047, 0.6581111), (-0.7673075, 0.1873295, 0.61330813), (-0.7613332, 0.22423537, 0.60835046), (-0.72783816, 0.22216782, 0.64876276), (-0.73345923, 0.18565361, 0.6538886), (-0.7613332, 0.22423537, 0.60835046), (-0.7539141, 0.2627023, 0.6021636), (-0.72077465, 0.2603628, 0.64241344), (-0.72783816, 0.22216782, 0.64876276), (-0.7539141, 0.2627023, 0.6021636), (-0.7444502, 0.30365086, 0.5946344), (-0.7117452, 0.30122393, 0.63457304), (-0.72077465, 0.2603628, 0.64241344), (-0.7444502, 0.30365086, 0.5946344), (-0.7326048, 0.34632015, 0.58596295), (-0.7005541, 0.34388337, 0.6252746), (-0.7117452, 0.30122393, 0.63457304), (-0.7326048, 0.34632015, 0.58596295), (-0.71892107, 0.3881258, 0.5766376), (-0.68781835, 0.38547012, 0.61507607), (-0.7005541, 0.34388337, 0.6252746), (-0.71892107, 0.3881258, 0.5766376), (-0.7038201, 0.42804348, 0.5669357), (-0.6739702, 0.42492625, 0.6043193), (-0.68781835, 0.38547012, 0.61507607), (-0.7038201, 0.42804348, 0.5669357), (-0.6869444, 0.46671772, 0.5570295), (-0.65864635, 0.4631378, 0.593033), (-0.6739702, 0.42492625, 0.6043193), (-0.6869444, 0.46671772, 0.5570295), (-0.668009, 0.5039565, 0.54753256), (-0.64192563, 0.4994254, 0.5818126), (-0.65864635, 0.4631378, 0.593033), (-0.668009, 0.5039565, 0.54753256), (-0.6472553, 0.53900915, 0.539008), (-0.62446946, 0.53270674, 0.571193), (-0.64192563, 0.4994254, 0.5818126), (-0.6472553, 0.53900915, 0.539008), (-0.62446886, 0.57119465, 0.53270566), (-0.6061642, 0.5623897, 0.56239027), (-0.62446946, 0.53270674, 0.571193), (-0.62446886, 0.57119465, 0.53270566), (-0.59937847, 0.5993785, 0.5305571), (-0.5862331, 0.5862331, 0.5591615), (-0.6061642, 0.5623897, 0.56239027), (-0.74595433, 0.0071167527, 0.6659592), (-0.7451843, 0.05047224, 0.6649458), (-0.7062231, 0.050025653, 0.70621973), (-0.7070887, 0.0069439006, 0.7070908), (-0.7451843, 0.05047224, 0.6649458), (-0.7419284, 0.10814831, 0.6616995), (-0.7030009, 0.10758822, 0.7030038), (-0.7062231, 0.050025653, 0.70621973), (-0.7419284, 0.10814831, 0.6616995), (-0.73810077, 0.14865047, 0.6581111), (-0.69931054, 0.14808105, 0.6993116), (-0.7030009, 0.10758822, 0.7030038), (-0.73810077, 0.14865047, 0.6581111), (-0.73345923, 0.18565361, 0.6538886), (-0.6948987, 0.18502805, 0.69489604), (-0.69931054, 0.14808105, 0.6993116), (-0.73345923, 0.18565361, 0.6538886), (-0.72783816, 0.22216782, 0.64876276), (-0.6895494, 0.22145858, 0.6895491), (-0.6948987, 0.18502805, 0.69489604), (-0.72783816, 0.22216782, 0.64876276), (-0.72077465, 0.2603628, 0.64241344), (-0.68286794, 0.25959432, 0.68286324), (-0.6895494, 0.22145858, 0.6895491), (-0.72077465, 0.2603628, 0.64241344), (-0.7117452, 0.30122393, 0.63457304), (-0.6744371, 0.3004386, 0.67444146), (-0.68286794, 0.25959432, 0.68286324), (-0.7117452, 0.30122393, 0.63457304), (-0.7005541, 0.34388337, 0.6252746), (-0.6641862, 0.34308884, 0.6641889), (-0.6744371, 0.3004386, 0.67444146), (-0.7005541, 0.34388337, 0.6252746), (-0.68781835, 0.38547012, 0.61507607), (-0.6527187, 0.38459948, 0.6527184), (-0.6641862, 0.34308884, 0.6641889), (-0.68781835, 0.38547012, 0.61507607), (-0.6739702, 0.42492625, 0.6043193), (-0.6404318, 0.4239057, 0.64043033), (-0.6527187, 0.38459948, 0.6527184), (-0.6739702, 0.42492625, 0.6043193), (-0.65864635, 0.4631378, 0.593033), (-0.6271233, 0.46198642, 0.62712437), (-0.6404318, 0.4239057, 0.64043033), (-0.65864635, 0.4631378, 0.593033), (-0.64192563, 0.4994254, 0.5818126), (-0.61321425, 0.49793237, 0.61321414), (-0.6271233, 0.46198642, 0.62712437), (-0.64192563, 0.4994254, 0.5818126), (-0.62446946, 0.53270674, 0.571193), (-0.5993801, 0.5305579, 0.59937626), (-0.61321425, 0.49793237, 0.61321414), (-0.62446946, 0.53270674, 0.571193), (-0.6061642, 0.5623897, 0.56239027), (-0.586232, 0.5591633, 0.5862324), (-0.5993801, 0.5305579, 0.59937626), (-0.6061642, 0.5623897, 0.56239027), (-0.5862331, 0.5862331, 0.5591615), (-0.5773505, 0.57735056, 0.5773497), (-0.586232, 0.5591633, 0.5862324), (-0.99984187, -0.012576563, 0.012576595), (-0.99984175, 0.012576563, 0.012576595), (-0.9988316, 0.0023652446, 0.048268914), (-0.9988316, -0.0023652446, 0.048268914), (-0.9988316, -0.0023652446, 0.048268914), (-0.9988316, 0.0023652446, 0.048268914), (-0.99529713, 0.0021851563, 0.09684448), (-0.9952972, -0.0021851566, 0.096844494), (-0.9952972, -0.0021851566, 0.096844494), (-0.99529713, 0.0021851563, 0.09684448), (-0.9893019, 0.0028540997, 0.14585482), (-0.9893019, -0.0028540993, 0.14585479), (-0.9893019, -0.0028540993, 0.14585479), (-0.9893019, 0.0028540997, 0.14585482), (-0.98075575, 0.0036715316, 0.19520439), (-0.98075575, -0.0036715316, 0.19520439), (-0.98075575, -0.0036715316, 0.19520439), (-0.98075575, 0.0036715316, 0.19520439), (-0.96957237, 0.004606209, 0.24476162), (-0.96957237, -0.004606209, 0.24476162), (-0.96957237, -0.004606209, 0.24476162), (-0.96957237, 0.004606209, 0.24476162), (-0.95568573, 0.005444349, 0.29433855), (-0.95568573, -0.0054443483, 0.29433855), (-0.95568573, -0.0054443483, 0.29433855), (-0.95568573, 0.005444349, 0.29433855), (-0.93904555, 0.0060999575, 0.34373868), (-0.93904555, -0.0060999575, 0.34373868), (-0.93904555, -0.0060999575, 0.34373868), (-0.93904555, 0.0060999575, 0.34373868), (-0.9196213, 0.0066590505, 0.39274976), (-0.9196213, -0.0066590505, 0.39274976), (-0.9196213, -0.0066590505, 0.39274976), (-0.9196213, 0.0066590505, 0.39274976), (-0.89740604, 0.00713417, 0.44114783), (-0.89740604, -0.00713417, 0.44114786), (-0.89740604, -0.00713417, 0.44114786), (-0.89740604, 0.00713417, 0.44114783), (-0.87241817, 0.007438229, 0.4887037), (-0.87241817, -0.007438229, 0.4887037), (-0.87241817, -0.007438229, 0.4887037), (-0.87241817, 0.007438229, 0.4887037), (-0.8446983, 0.0075182356, 0.5351898), (-0.8446983, -0.0075182356, 0.53518987), (-0.8446983, -0.0075182356, 0.53518987), (-0.8446983, 0.0075182356, 0.5351898), (-0.81431526, 0.0074880645, 0.5803746), (-0.81431526, -0.0074880635, 0.58037454), (-0.81431526, -0.0074880635, 0.58037454), (-0.81431526, 0.0074880645, 0.5803746), (-0.7813627, 0.0073147523, 0.6240343), (-0.7813627, -0.0073147523, 0.6240343), (-0.7813627, -0.0073147523, 0.6240343), (-0.7813627, 0.0073147523, 0.6240343), (-0.74595433, 0.0071167527, 0.6659592), (-0.74595433, -0.0071167527, 0.6659592), (-0.74595433, -0.0071167527, 0.6659592), (-0.74595433, 0.0071167527, 0.6659592), (-0.7070887, 0.0069439006, 0.7070908), (-0.7070887, -0.0069439006, 0.7070907), (-0.99984187, -0.012576563, 0.012576595), (-0.9988316, -0.0023652446, 0.048268914), (-0.99826944, -0.04158221, 0.041582573), (-0.99883157, -0.04826888, 0.0023734923), (-0.9988316, -0.0023652446, 0.048268914), (-0.9952972, -0.0021851566, 0.096844494), (-0.99423677, -0.035897262, 0.10101857), (-0.99826944, -0.04158221, 0.041582573), (-0.9952972, -0.0021851566, 0.096844494), (-0.9893019, -0.0028540993, 0.14585479), (-0.9880625, -0.035291687, 0.14995651), (-0.99423677, -0.035897262, 0.10101857), (-0.9893019, -0.0028540993, 0.14585479), (-0.98075575, -0.0036715316, 0.19520439), (-0.9792666, -0.037705537, 0.19903603), (-0.9880625, -0.035291687, 0.14995651), (-0.98075575, -0.0036715316, 0.19520439), (-0.96957237, -0.004606209, 0.24476162), (-0.96785545, -0.0406713, 0.24819635), (-0.9792666, -0.037705537, 0.19903603), (-0.96957237, -0.004606209, 0.24476162), (-0.95568573, -0.0054443483, 0.29433855), (-0.9538396, -0.04351612, 0.29714692), (-0.96785545, -0.0406713, 0.24819635), (-0.95568573, -0.0054443483, 0.29433855), (-0.93904555, -0.0060999575, 0.34373868), (-0.9371337, -0.045943443, 0.34593287), (-0.9538396, -0.04351612, 0.29714692), (-0.93904555, -0.0060999575, 0.34373868), (-0.9196213, -0.0066590505, 0.39274976), (-0.9176825, -0.048064332, 0.3943964), (-0.9371337, -0.045943443, 0.34593287), (-0.9196213, -0.0066590505, 0.39274976), (-0.89740604, -0.00713417, 0.44114786), (-0.89553875, -0.049834535, 0.44218424), (-0.9176825, -0.048064332, 0.3943964), (-0.89740604, -0.00713417, 0.44114786), (-0.87241817, -0.007438229, 0.4887037), (-0.87075615, -0.051004555, 0.48906267), (-0.89553875, -0.049834535, 0.44218424), (-0.87241817, -0.007438229, 0.4887037), (-0.8446983, -0.0075182356, 0.53518987), (-0.8432941, -0.051495902, 0.53497976), (-0.87075615, -0.051004555, 0.48906267), (-0.8446983, -0.0075182356, 0.53518987), (-0.81431526, -0.0074880635, 0.58037454), (-0.8131739, -0.05152295, 0.57973576), (-0.8432941, -0.051495902, 0.53497976), (-0.81431526, -0.0074880635, 0.58037454), (-0.7813627, -0.0073147523, 0.6240343), (-0.78045565, -0.051114164, 0.6231182), (-0.8131739, -0.05152295, 0.57973576), (-0.7813627, -0.0073147523, 0.6240343), (-0.74595433, -0.0071167527, 0.6659592), (-0.7451843, -0.05047224, 0.6649458), (-0.78045565, -0.051114164, 0.6231182), (-0.74595433, -0.0071167527, 0.6659592), (-0.7070887, -0.0069439006, 0.7070907), (-0.7062231, -0.050025653, 0.70621973), (-0.7451843, -0.05047224, 0.6649458), (-0.99883157, -0.04826888, 0.0023734923), (-0.99826944, -0.04158221, 0.041582573), (-0.99423665, -0.10101875, 0.035897065), (-0.995297, -0.09684501, 0.0022007616), (-0.99826944, -0.04158221, 0.041582573), (-0.99423677, -0.035897262, 0.10101857), (-0.9903848, -0.097821005, 0.09782061), (-0.99423665, -0.10101875, 0.035897065), (-0.99423677, -0.035897262, 0.10101857), (-0.9880625, -0.035291687, 0.14995651), (-0.9831783, -0.09559384, 0.15563506), (-0.9903848, -0.097821005, 0.09782061), (-0.9880625, -0.035291687, 0.14995651), (-0.9792666, -0.037705537, 0.19903603), (-0.9733677, -0.09657761, 0.2079136), (-0.9831783, -0.09559384, 0.15563506), (-0.9792666, -0.037705537, 0.19903603), (-0.96785545, -0.0406713, 0.24819635), (-0.9614571, -0.098852806, 0.25657058), (-0.9733677, -0.09657761, 0.2079136), (-0.96785545, -0.0406713, 0.24819635), (-0.9538396, -0.04351612, 0.29714692), (-0.94711477, -0.10161214, 0.30438223), (-0.9614571, -0.098852806, 0.25657058), (-0.9538396, -0.04351612, 0.29714692), (-0.9371337, -0.045943443, 0.34593287), (-0.9302442, -0.10442994, 0.35176733), (-0.94711477, -0.10161214, 0.30438223), (-0.9371337, -0.045943443, 0.34593287), (-0.9176825, -0.048064332, 0.3943964), (-0.9108193, -0.10696372, 0.39870682), (-0.9302442, -0.10442994, 0.35176733), (-0.9176825, -0.048064332, 0.3943964), (-0.89553875, -0.049834535, 0.44218424), (-0.8889761, -0.10892191, 0.44481182), (-0.9108193, -0.10696372, 0.39870682), (-0.89553875, -0.049834535, 0.44218424), (-0.87075615, -0.051004555, 0.48906267), (-0.8647564, -0.11007111, 0.48998034), (-0.8889761, -0.10892191, 0.44481182), (-0.87075615, -0.051004555, 0.48906267), (-0.8432941, -0.051495902, 0.53497976), (-0.8380012, -0.11039374, 0.5343848), (-0.8647564, -0.11007111, 0.48998034), (-0.8432941, -0.051495902, 0.53497976), (-0.8131739, -0.05152295, 0.57973576), (-0.80864674, -0.11002115, 0.577915), (-0.8380012, -0.11039374, 0.5343848), (-0.8131739, -0.05152295, 0.57973576), (-0.78045565, -0.051114164, 0.6231182), (-0.776677, -0.10917963, 0.62036496), (-0.80864674, -0.11002115, 0.577915), (-0.78045565, -0.051114164, 0.6231182), (-0.7451843, -0.05047224, 0.6649458), (-0.7419284, -0.10814831, 0.6616995), (-0.776677, -0.10917963, 0.62036496), (-0.7451843, -0.05047224, 0.6649458), (-0.7062231, -0.050025653, 0.70621973), (-0.7030009, -0.10758822, 0.7030038), (-0.7419284, -0.10814831, 0.6616995), (-0.995297, -0.09684501, 0.0022007616), (-0.99423665, -0.10101875, 0.035897065), (-0.98806244, -0.14995673, 0.035291545), (-0.98930186, -0.14585473, 0.0028763104), (-0.99423665, -0.10101875, 0.035897065), (-0.9903848, -0.097821005, 0.09782061), (-0.9831783, -0.15563531, 0.0955934), (-0.98806244, -0.14995673, 0.035291545), (-0.9903848, -0.097821005, 0.09782061), (-0.9831783, -0.09559384, 0.15563506), (-0.9754171, -0.15582302, 0.15582283), (-0.9831783, -0.15563531, 0.0955934), (-0.9831783, -0.09559384, 0.15563506), (-0.9733677, -0.09657761, 0.2079136), (-0.9653279, -0.15414762, 0.21066709), (-0.9754171, -0.15582302, 0.15582283), (-0.9733677, -0.09657761, 0.2079136), (-0.9614571, -0.098852806, 0.25657058), (-0.9530774, -0.15334226, 0.2610168), (-0.9653279, -0.15414762, 0.21066709), (-0.9614571, -0.098852806, 0.25657058), (-0.94711477, -0.10161214, 0.30438223), (-0.9384632, -0.1534212, 0.30943274), (-0.9530774, -0.15334226, 0.2610168), (-0.94711477, -0.10161214, 0.30438223), (-0.9302442, -0.10442994, 0.35176733), (-0.9215762, -0.15406626, 0.35631597), (-0.9384632, -0.1534212, 0.30943274), (-0.9302442, -0.10442994, 0.35176733), (-0.9108193, -0.10696372, 0.39870682), (-0.9025242, -0.15463072, 0.40191978), (-0.9215762, -0.15406626, 0.35631597), (-0.9108193, -0.10696372, 0.39870682), (-0.8889761, -0.10892191, 0.44481182), (-0.88134474, -0.15465702, 0.44644433), (-0.9025242, -0.15463072, 0.40191978), (-0.8889761, -0.10892191, 0.44481182), (-0.8647564, -0.11007111, 0.48998034), (-0.85792834, -0.15410492, 0.49011308), (-0.88134474, -0.15465702, 0.44644433), (-0.8647564, -0.11007111, 0.48998034), (-0.8380012, -0.11039374, 0.5343848), (-0.83206296, -0.15304117, 0.5331506), (-0.85792834, -0.15410492, 0.49011308), (-0.8380012, -0.11039374, 0.5343848), (-0.80864674, -0.11002115, 0.577915), (-0.80359674, -0.15155002, 0.57555604), (-0.83206296, -0.15304117, 0.5331506), (-0.80864674, -0.11002115, 0.577915), (-0.776677, -0.10917963, 0.62036496), (-0.77237195, -0.14995646, 0.61721516), (-0.80359674, -0.15155002, 0.57555604), (-0.776677, -0.10917963, 0.62036496), (-0.7419284, -0.10814831, 0.6616995), (-0.7381008, -0.14865047, 0.6581111), (-0.77237195, -0.14995646, 0.61721516), (-0.7419284, -0.10814831, 0.6616995), (-0.7030009, -0.10758822, 0.7030038), (-0.69931054, -0.14808105, 0.6993116), (-0.7381008, -0.14865047, 0.6581111), (-0.98930186, -0.14585473, 0.0028763104), (-0.98806244, -0.14995673, 0.035291545), (-0.9792666, -0.19903566, 0.037705995), (-0.98075557, -0.19520438, 0.0037003197), (-0.98806244, -0.14995673, 0.035291545), (-0.9831783, -0.15563531, 0.0955934), (-0.9733679, -0.20791343, 0.09657695), (-0.9792666, -0.19903566, 0.037705995), (-0.9831783, -0.15563531, 0.0955934), (-0.9754171, -0.15582302, 0.15582283), (-0.9653279, -0.21066652, 0.15414777), (-0.9733679, -0.20791343, 0.09657695), (-0.9754171, -0.15582302, 0.15582283), (-0.9653279, -0.15414762, 0.21066709), (-0.9550521, -0.20961332, 0.20961368), (-0.9653279, -0.21066652, 0.15414777), (-0.9653279, -0.15414762, 0.21066709), (-0.9530774, -0.15334226, 0.2610168), (-0.9424937, -0.20780076, 0.26177162), (-0.9550521, -0.20961332, 0.20961368), (-0.9530774, -0.15334226, 0.2610168), (-0.9384632, -0.1534212, 0.30943274), (-0.92783076, -0.20579153, 0.31109458), (-0.9424937, -0.20780076, 0.26177162), (-0.9384632, -0.1534212, 0.30943274), (-0.9215762, -0.15406626, 0.35631597), (-0.9113117, -0.2036965, 0.35779685), (-0.92783076, -0.20579153, 0.31109458), (-0.9215762, -0.15406626, 0.35631597), (-0.9025242, -0.15463072, 0.40191978), (-0.8930437, -0.20135607, 0.40240374), (-0.9113117, -0.2036965, 0.35779685), (-0.9025242, -0.15463072, 0.40191978), (-0.88134474, -0.15465702, 0.44644433), (-0.8728405, -0.1986372, 0.4457497), (-0.8930437, -0.20135607, 0.40240374), (-0.88134474, -0.15465702, 0.44644433), (-0.85792834, -0.15410492, 0.49011308), (-0.850403, -0.19568497, 0.48838726), (-0.8728405, -0.1986372, 0.4457497), (-0.85792834, -0.15410492, 0.49011308), (-0.83206296, -0.15304117, 0.5331506), (-0.8254923, -0.19267894, 0.5305066), (-0.850403, -0.19568497, 0.48838726), (-0.83206296, -0.15304117, 0.5331506), (-0.80359674, -0.15155002, 0.57555604), (-0.7978814, -0.18979007, 0.5721581), (-0.8254923, -0.19267894, 0.5305066), (-0.80359674, -0.15155002, 0.57555604), (-0.77237195, -0.14995646, 0.61721516), (-0.76730746, -0.18732949, 0.6133081), (-0.7978814, -0.18979007, 0.5721581), (-0.77237195, -0.14995646, 0.61721516), (-0.7381008, -0.14865047, 0.6581111), (-0.73345923, -0.1856536, 0.6538885), (-0.76730746, -0.18732949, 0.6133081), (-0.7381008, -0.14865047, 0.6581111), (-0.69931054, -0.14808105, 0.6993116), (-0.6948987, -0.18502805, 0.69489604), (-0.73345923, -0.1856536, 0.6538885), (-0.98075557, -0.19520438, 0.0037003197), (-0.9792666, -0.19903566, 0.037705995), (-0.9678557, -0.24819565, 0.040671214), (-0.96957195, -0.24476223, 0.004639091), (-0.9792666, -0.19903566, 0.037705995), (-0.9733679, -0.20791343, 0.09657695), (-0.96145713, -0.25657067, 0.09885219), (-0.9678557, -0.24819565, 0.040671214), (-0.9733679, -0.20791343, 0.09657695), (-0.9653279, -0.21066652, 0.15414777), (-0.9530772, -0.26101735, 0.15334234), (-0.96145713, -0.25657067, 0.09885219), (-0.9653279, -0.21066652, 0.15414777), (-0.9550521, -0.20961332, 0.20961368), (-0.9424937, -0.26177147, 0.20780145), (-0.9530772, -0.26101735, 0.15334234), (-0.9550521, -0.20961332, 0.20961368), (-0.9424937, -0.20780076, 0.26177162), (-0.9299135, -0.2600588, 0.2600579), (-0.9424937, -0.26177147, 0.20780145), (-0.9424937, -0.20780076, 0.26177162), (-0.92783076, -0.20579153, 0.31109458), (-0.9157079, -0.25662985, 0.3092252), (-0.9299135, -0.2600588, 0.2600579), (-0.92783076, -0.20579153, 0.31109458), (-0.9113117, -0.2036965, 0.35779685), (-0.9000542, -0.25210238, 0.35545298), (-0.9157079, -0.25662985, 0.3092252), (-0.9113117, -0.2036965, 0.35779685), (-0.8930437, -0.20135607, 0.40240374), (-0.8828814, -0.24700555, 0.39938515), (-0.9000542, -0.25210238, 0.35545298), (-0.8930437, -0.20135607, 0.40240374), (-0.8728405, -0.1986372, 0.4457497), (-0.8637731, -0.24172458, 0.44211444), (-0.8828814, -0.24700555, 0.39938515), (-0.8728405, -0.1986372, 0.4457497), (-0.850403, -0.19568497, 0.48838726), (-0.84233284, -0.2365278, 0.484283), (-0.8637731, -0.24172458, 0.44211444), (-0.850403, -0.19568497, 0.48838726), (-0.8254923, -0.19267894, 0.5305066), (-0.81829566, -0.23169492, 0.52603215), (-0.84233284, -0.2365278, 0.484283), (-0.8254923, -0.19267894, 0.5305066), (-0.7978814, -0.18979007, 0.5721581), (-0.7913924, -0.22749743, 0.56740034), (-0.81829566, -0.23169492, 0.52603215), (-0.7978814, -0.18979007, 0.5721581), (-0.76730746, -0.18732949, 0.6133081), (-0.7613332, -0.22423537, 0.60835046), (-0.7913924, -0.22749743, 0.56740034), (-0.76730746, -0.18732949, 0.6133081), (-0.73345923, -0.1856536, 0.6538885), (-0.72783816, -0.2221678, 0.64876276), (-0.7613332, -0.22423537, 0.60835046), (-0.73345923, -0.1856536, 0.6538885), (-0.6948987, -0.18502805, 0.69489604), (-0.6895494, -0.22145858, 0.6895491), (-0.72783816, -0.2221678, 0.64876276), (-0.96957195, -0.24476223, 0.004639091), (-0.9678557, -0.24819565, 0.040671214), (-0.95383954, -0.29714718, 0.04351658), (-0.95568556, -0.29433826, 0.0054804226), (-0.9678557, -0.24819565, 0.040671214), (-0.96145713, -0.25657067, 0.09885219), (-0.9471145, -0.30438298, 0.10161275), (-0.95383954, -0.29714718, 0.04351658), (-0.96145713, -0.25657067, 0.09885219), (-0.9530772, -0.26101735, 0.15334234), (-0.93846303, -0.30943367, 0.1534207), (-0.9471145, -0.30438298, 0.10161275), (-0.9530772, -0.26101735, 0.15334234), (-0.9424937, -0.26177147, 0.20780145), (-0.9278303, -0.31109586, 0.2057921), (-0.93846303, -0.30943367, 0.1534207), (-0.9424937, -0.26177147, 0.20780145), (-0.9299135, -0.2600588, 0.2600579), (-0.915708, -0.30922496, 0.2566299), (-0.9278303, -0.31109586, 0.2057921), (-0.9299135, -0.2600588, 0.2600579), (-0.9157079, -0.25662985, 0.3092252), (-0.902401, -0.30469078, 0.30469), (-0.915708, -0.30922496, 0.2566299), (-0.9157079, -0.25662985, 0.3092252), (-0.9000542, -0.25210238, 0.35545298), (-0.887884, -0.29841107, 0.35016096), (-0.902401, -0.30469078, 0.30469), (-0.9000542, -0.25210238, 0.35545298), (-0.8828814, -0.24700555, 0.39938515), (-0.87184286, -0.29140562, 0.39366576), (-0.887884, -0.29841107, 0.35016096), (-0.8828814, -0.24700555, 0.39938515), (-0.8637731, -0.24172458, 0.44211444), (-0.8537423, -0.28437772, 0.4361805), (-0.87184286, -0.29140562, 0.39366576), (-0.8637731, -0.24172458, 0.44211444), (-0.84233284, -0.2365278, 0.484283), (-0.83318275, -0.27766052, 0.47823763), (-0.8537423, -0.28437772, 0.4361805), (-0.84233284, -0.2365278, 0.484283), (-0.81829566, -0.23169492, 0.52603215), (-0.809877, -0.2716022, 0.51993406), (-0.83318275, -0.27766052, 0.47823763), (-0.81829566, -0.23169492, 0.52603215), (-0.7913924, -0.22749743, 0.56740034), (-0.7835429, -0.26651827, 0.56127405), (-0.809877, -0.2716022, 0.51993406), (-0.7913924, -0.22749743, 0.56740034), (-0.7613332, -0.22423537, 0.60835046), (-0.7539141, -0.2627023, 0.6021636), (-0.7835429, -0.26651827, 0.56127405), (-0.7613332, -0.22423537, 0.60835046), (-0.72783816, -0.2221678, 0.64876276), (-0.72077465, -0.2603628, 0.64241344), (-0.7539141, -0.2627023, 0.6021636), (-0.72783816, -0.2221678, 0.64876276), (-0.6895494, -0.22145858, 0.6895491), (-0.68286794, -0.25959432, 0.68286324), (-0.72077465, -0.2603628, 0.64241344), (-0.95568556, -0.29433826, 0.0054804226), (-0.95383954, -0.29714718, 0.04351658), (-0.93713367, -0.34593296, 0.045944598), (-0.9390452, -0.343739, 0.006139337), (-0.95383954, -0.29714718, 0.04351658), (-0.9471145, -0.30438298, 0.10161275), (-0.9302442, -0.35176733, 0.1044297), (-0.93713367, -0.34593296, 0.045944598), (-0.9471145, -0.30438298, 0.10161275), (-0.93846303, -0.30943367, 0.1534207), (-0.92157626, -0.3563155, 0.15406667), (-0.9302442, -0.35176733, 0.1044297), (-0.93846303, -0.30943367, 0.1534207), (-0.9278303, -0.31109586, 0.2057921), (-0.9113123, -0.35779586, 0.20369582), (-0.92157626, -0.3563155, 0.15406667), (-0.9278303, -0.31109586, 0.2057921), (-0.915708, -0.30922496, 0.2566299), (-0.90005505, -0.35545176, 0.25210106), (-0.9113123, -0.35779586, 0.20369582), (-0.915708, -0.30922496, 0.2566299), (-0.902401, -0.30469078, 0.30469), (-0.8878836, -0.35016194, 0.29841137), (-0.90005505, -0.35545176, 0.25210106), (-0.902401, -0.30469078, 0.30469), (-0.887884, -0.29841107, 0.35016096), (-0.87451786, -0.34294197, 0.34294203), (-0.8878836, -0.35016194, 0.29841137), (-0.887884, -0.29841107, 0.35016096), (-0.87184286, -0.29140562, 0.39366576), (-0.8594444, -0.33499333, 0.3861799), (-0.87451786, -0.34294197, 0.34294203), (-0.87184286, -0.29140562, 0.39366576), (-0.8537423, -0.28437772, 0.4361805), (-0.8421444, -0.32712862, 0.4286953), (-0.8594444, -0.33499333, 0.3861799), (-0.8537423, -0.28437772, 0.4361805), (-0.83318275, -0.27766052, 0.47823763), (-0.8222674, -0.31972203, 0.47080156), (-0.8421444, -0.32712862, 0.4286953), (-0.83318275, -0.27766052, 0.47823763), (-0.809877, -0.2716022, 0.51993406), (-0.79952663, -0.31313193, 0.5125481), (-0.8222674, -0.31972203, 0.47080156), (-0.809877, -0.2716022, 0.51993406), (-0.7835429, -0.26651827, 0.56127405), (-0.773662, -0.30768275, 0.55387586), (-0.79952663, -0.31313193, 0.5125481), (-0.7835429, -0.26651827, 0.56127405), (-0.7539141, -0.2627023, 0.6021636), (-0.7444502, -0.30365086, 0.5946345), (-0.773662, -0.30768275, 0.55387586), (-0.7539141, -0.2627023, 0.6021636), (-0.72077465, -0.2603628, 0.64241344), (-0.71174514, -0.3012239, 0.634573), (-0.7444502, -0.30365086, 0.5946345), (-0.72077465, -0.2603628, 0.64241344), (-0.68286794, -0.25959432, 0.68286324), (-0.6744371, -0.3004386, 0.67444146), (-0.71174514, -0.3012239, 0.634573), (-0.9390452, -0.343739, 0.006139337), (-0.93713367, -0.34593296, 0.045944598), (-0.91768265, -0.39439633, 0.048064172), (-0.91962063, -0.3927506, 0.006697902), (-0.93713367, -0.34593296, 0.045944598), (-0.9302442, -0.35176733, 0.1044297), (-0.9108194, -0.3987064, 0.10696349), (-0.91768265, -0.39439633, 0.048064172), (-0.9302442, -0.35176733, 0.1044297), (-0.92157626, -0.3563155, 0.15406667), (-0.90252423, -0.4019202, 0.15462951), (-0.9108194, -0.3987064, 0.10696349), (-0.92157626, -0.3563155, 0.15406667), (-0.9113123, -0.35779586, 0.20369582), (-0.89304394, -0.4024033, 0.201356), (-0.90252423, -0.4019202, 0.15462951), (-0.9113123, -0.35779586, 0.20369582), (-0.90005505, -0.35545176, 0.25210106), (-0.8828807, -0.39938572, 0.24700767), (-0.89304394, -0.4024033, 0.201356), (-0.90005505, -0.35545176, 0.25210106), (-0.8878836, -0.35016194, 0.29841137), (-0.87184256, -0.39366624, 0.2914062), (-0.8828807, -0.39938572, 0.24700767), (-0.8878836, -0.35016194, 0.29841137), (-0.87451786, -0.34294197, 0.34294203), (-0.85944474, -0.38618, 0.33499223), (-0.87184256, -0.39366624, 0.2914062), (-0.87451786, -0.34294197, 0.34294203), (-0.8594444, -0.33499333, 0.3861799), (-0.84508735, -0.37803903, 0.3780396), (-0.85944474, -0.38618, 0.33499223), (-0.8594444, -0.33499333, 0.3861799), (-0.8421444, -0.32712862, 0.4286953), (-0.8283379, -0.37005484, 0.42061356), (-0.84508735, -0.37803903, 0.3780396), (-0.8421444, -0.32712862, 0.4286953), (-0.8222674, -0.31972203, 0.47080156), (-0.8089572, -0.36256668, 0.4627459), (-0.8283379, -0.37005484, 0.42061356), (-0.8222674, -0.31972203, 0.47080156), (-0.79952663, -0.31313193, 0.5125481), (-0.78668797, -0.35590586, 0.5044334), (-0.8089572, -0.36256668, 0.4627459), (-0.79952663, -0.31313193, 0.5125481), (-0.773662, -0.30768275, 0.55387586), (-0.7612961, -0.3503927, 0.5455761), (-0.78668797, -0.35590586, 0.5044334), (-0.773662, -0.30768275, 0.55387586), (-0.7444502, -0.30365086, 0.5946345), (-0.7326048, -0.34632015, 0.58596295), (-0.7612961, -0.3503927, 0.5455761), (-0.7444502, -0.30365086, 0.5946345), (-0.71174514, -0.3012239, 0.634573), (-0.7005541, -0.34388337, 0.62527454), (-0.7326048, -0.34632015, 0.58596295), (-0.71174514, -0.3012239, 0.634573), (-0.6744371, -0.3004386, 0.67444146), (-0.6641862, -0.34308884, 0.6641889), (-0.7005541, -0.34388337, 0.62527454), (-0.91962063, -0.3927506, 0.006697902), (-0.91768265, -0.39439633, 0.048064172), (-0.895539, -0.44218367, 0.049834516), (-0.8974062, -0.44114712, 0.007172541), (-0.91768265, -0.39439633, 0.048064172), (-0.9108194, -0.3987064, 0.10696349), (-0.8889766, -0.44481096, 0.108922556), (-0.895539, -0.44218367, 0.049834516), (-0.9108194, -0.3987064, 0.10696349), (-0.90252423, -0.4019202, 0.15462951), (-0.8813447, -0.44644448, 0.1546573), (-0.8889766, -0.44481096, 0.108922556), (-0.90252423, -0.4019202, 0.15462951), (-0.89304394, -0.4024033, 0.201356), (-0.8728398, -0.4457512, 0.19863662), (-0.8813447, -0.44644448, 0.1546573), (-0.89304394, -0.4024033, 0.201356), (-0.8828807, -0.39938572, 0.24700767), (-0.8637726, -0.44211587, 0.24172415), (-0.8728398, -0.4457512, 0.19863662), (-0.8828807, -0.39938572, 0.24700767), (-0.87184256, -0.39366624, 0.2914062), (-0.85374343, -0.4361783, 0.28437757), (-0.8637726, -0.44211587, 0.24172415), (-0.87184256, -0.39366624, 0.2914062), (-0.85944474, -0.38618, 0.33499223), (-0.8421456, -0.4286939, 0.32712725), (-0.85374343, -0.4361783, 0.28437757), (-0.85944474, -0.38618, 0.33499223), (-0.84508735, -0.37803903, 0.3780396), (-0.82833743, -0.42061436, 0.37005478), (-0.8421456, -0.4286939, 0.32712725), (-0.84508735, -0.37803903, 0.3780396), (-0.8283379, -0.37005484, 0.42061356), (-0.8120479, -0.41266003, 0.412662), (-0.82833743, -0.42061436, 0.37005478), (-0.8283379, -0.37005484, 0.42061356), (-0.8089572, -0.36256668, 0.4627459), (-0.7931879, -0.40512243, 0.45467436), (-0.8120479, -0.41266003, 0.412662), (-0.8089572, -0.36256668, 0.4627459), (-0.78668797, -0.35590586, 0.5044334), (-0.7715208, -0.39828932, 0.49610603), (-0.7931879, -0.40512243, 0.45467436), (-0.78668797, -0.35590586, 0.5044334), (-0.7612961, -0.3503927, 0.5455761), (-0.746823, -0.39249626, 0.5368446), (-0.7715208, -0.39828932, 0.49610603), (-0.7612961, -0.3503927, 0.5455761), (-0.7326048, -0.34632015, 0.58596295), (-0.71892107, -0.3881258, 0.5766376), (-0.746823, -0.39249626, 0.5368446), (-0.7326048, -0.34632015, 0.58596295), (-0.7005541, -0.34388337, 0.62527454), (-0.68781835, -0.38547015, 0.6150761), (-0.71892107, -0.3881258, 0.5766376), (-0.7005541, -0.34388337, 0.62527454), (-0.6641862, -0.34308884, 0.6641889), (-0.6527187, -0.38459948, 0.6527184), (-0.68781835, -0.38547015, 0.6150761), (-0.8974062, -0.44114712, 0.007172541), (-0.895539, -0.44218367, 0.049834516), (-0.87075675, -0.48906156, 0.05100429), (-0.8724176, -0.48870397, 0.0074743163), (-0.895539, -0.44218367, 0.049834516), (-0.8889766, -0.44481096, 0.108922556), (-0.8647566, -0.48997977, 0.110071994), (-0.87075675, -0.48906156, 0.05100429), (-0.8889766, -0.44481096, 0.108922556), (-0.8813447, -0.44644448, 0.1546573), (-0.85792863, -0.49011207, 0.15410665), (-0.8647566, -0.48997977, 0.110071994), (-0.8813447, -0.44644448, 0.1546573), (-0.8728398, -0.4457512, 0.19863662), (-0.85040337, -0.488386, 0.19568612), (-0.85792863, -0.49011207, 0.15410665), (-0.8728398, -0.4457512, 0.19863662), (-0.8637726, -0.44211587, 0.24172415), (-0.8423331, -0.48428383, 0.23652565), (-0.85040337, -0.488386, 0.19568612), (-0.8637726, -0.44211587, 0.24172415), (-0.85374343, -0.4361783, 0.28437757), (-0.8331827, -0.4782392, 0.27765787), (-0.8423331, -0.48428383, 0.23652565), (-0.85374343, -0.4361783, 0.28437757), (-0.8421456, -0.4286939, 0.32712725), (-0.82226664, -0.47080147, 0.31972408), (-0.8331827, -0.4782392, 0.27765787), (-0.8421456, -0.4286939, 0.32712725), (-0.82833743, -0.42061436, 0.37005478), (-0.8089563, -0.4627468, 0.36256722), (-0.82226664, -0.47080147, 0.31972408), (-0.82833743, -0.42061436, 0.37005478), (-0.8120479, -0.41266003, 0.412662), (-0.7931886, -0.45467377, 0.4051217), (-0.8089563, -0.4627468, 0.36256722), (-0.8120479, -0.41266003, 0.412662), (-0.7931879, -0.40512243, 0.45467436), (-0.77502304, -0.44684365, 0.44684443), (-0.7931886, -0.45467377, 0.4051217), (-0.7931879, -0.40512243, 0.45467436), (-0.7715208, -0.39828932, 0.49610603), (-0.7542448, -0.43951347, 0.48779377), (-0.77502304, -0.44684365, 0.44684443), (-0.7715208, -0.39828932, 0.49610603), (-0.746823, -0.39249626, 0.5368446), (-0.73058707, -0.43306503, 0.52791786), (-0.7542448, -0.43951347, 0.48779377), (-0.746823, -0.39249626, 0.5368446), (-0.71892107, -0.3881258, 0.5766376), (-0.7038201, -0.42804343, 0.5669357), (-0.73058707, -0.43306503, 0.52791786), (-0.71892107, -0.3881258, 0.5766376), (-0.68781835, -0.38547015, 0.6150761), (-0.6739702, -0.42492625, 0.60431933), (-0.7038201, -0.42804343, 0.5669357), (-0.68781835, -0.38547015, 0.6150761), (-0.6527187, -0.38459948, 0.6527184), (-0.6404318, -0.4239057, 0.64043033), (-0.6739702, -0.42492625, 0.60431933), (-0.8724176, -0.48870397, 0.0074743163), (-0.87075675, -0.48906156, 0.05100429), (-0.8432943, -0.53497946, 0.05149412), (-0.844698, -0.5351901, 0.007548165), (-0.87075675, -0.48906156, 0.05100429), (-0.8647566, -0.48997977, 0.110071994), (-0.8380009, -0.53438514, 0.11039454), (-0.8432943, -0.53497946, 0.05149412), (-0.8647566, -0.48997977, 0.110071994), (-0.85792863, -0.49011207, 0.15410665), (-0.832063, -0.5331505, 0.15304099), (-0.8380009, -0.53438514, 0.11039454), (-0.85792863, -0.49011207, 0.15410665), (-0.85040337, -0.488386, 0.19568612), (-0.8254922, -0.5305062, 0.19268046), (-0.832063, -0.5331505, 0.15304099), (-0.85040337, -0.488386, 0.19568612), (-0.8423331, -0.48428383, 0.23652565), (-0.8182958, -0.52603066, 0.23169737), (-0.8254922, -0.5305062, 0.19268046), (-0.8423331, -0.48428383, 0.23652565), (-0.8331827, -0.4782392, 0.27765787), (-0.8098775, -0.5199341, 0.2716007), (-0.8182958, -0.52603066, 0.23169737), (-0.8331827, -0.4782392, 0.27765787), (-0.82226664, -0.47080147, 0.31972408), (-0.79952645, -0.5125496, 0.31313), (-0.8098775, -0.5199341, 0.2716007), (-0.82226664, -0.47080147, 0.31972408), (-0.8089563, -0.4627468, 0.36256722), (-0.78668904, -0.50443256, 0.3559051), (-0.79952645, -0.5125496, 0.31313), (-0.8089563, -0.4627468, 0.36256722), (-0.7931886, -0.45467377, 0.4051217), (-0.7715204, -0.4961069, 0.39828917), (-0.78668904, -0.50443256, 0.3559051), (-0.7931886, -0.45467377, 0.4051217), (-0.77502304, -0.44684365, 0.44684443), (-0.7542444, -0.48779377, 0.43951407), (-0.7715204, -0.4961069, 0.39828917), (-0.77502304, -0.44684365, 0.44684443), (-0.7542448, -0.43951347, 0.48779377), (-0.7346191, -0.47975677, 0.4797585), (-0.7542444, -0.48779377, 0.43951407), (-0.7542448, -0.43951347, 0.48779377), (-0.73058707, -0.43306503, 0.52791786), (-0.7122897, -0.47248438, 0.51903945), (-0.7346191, -0.47975677, 0.4797585), (-0.73058707, -0.43306503, 0.52791786), (-0.7038201, -0.42804343, 0.5669357), (-0.6869444, -0.46671772, 0.5570295), (-0.7122897, -0.47248438, 0.51903945), (-0.7038201, -0.42804343, 0.5669357), (-0.6739702, -0.42492625, 0.60431933), (-0.65864635, -0.4631378, 0.593033), (-0.6869444, -0.46671772, 0.5570295), (-0.6739702, -0.42492625, 0.60431933), (-0.6404318, -0.4239057, 0.64043033), (-0.6271233, -0.46198642, 0.62712437), (-0.65864635, -0.4631378, 0.593033), (-0.844698, -0.5351901, 0.007548165), (-0.8432943, -0.53497946, 0.05149412), (-0.81317395, -0.57973576, 0.05152253), (-0.81431615, -0.58037287, 0.0075134723), (-0.8432943, -0.53497946, 0.05149412), (-0.8380009, -0.53438514, 0.11039454), (-0.8086459, -0.577916, 0.11002262), (-0.81317395, -0.57973576, 0.05152253), (-0.8380009, -0.53438514, 0.11039454), (-0.832063, -0.5331505, 0.15304099), (-0.80359584, -0.5755571, 0.15155093), (-0.8086459, -0.577916, 0.11002262), (-0.832063, -0.5331505, 0.15304099), (-0.8254922, -0.5305062, 0.19268046), (-0.79788077, -0.5721591, 0.18979), (-0.80359584, -0.5755571, 0.15155093), (-0.8254922, -0.5305062, 0.19268046), (-0.8182958, -0.52603066, 0.23169737), (-0.79139316, -0.5673998, 0.22749577), (-0.79788077, -0.5721591, 0.18979), (-0.8182958, -0.52603066, 0.23169737), (-0.8098775, -0.5199341, 0.2716007), (-0.78354406, -0.5612723, 0.26651865), (-0.79139316, -0.5673998, 0.22749577), (-0.8098775, -0.5199341, 0.2716007), (-0.79952645, -0.5125496, 0.31313), (-0.77366155, -0.5538759, 0.30768377), (-0.78354406, -0.5612723, 0.26651865), (-0.79952645, -0.5125496, 0.31313), (-0.78668904, -0.50443256, 0.3559051), (-0.761296, -0.54557604, 0.35039306), (-0.77366155, -0.5538759, 0.30768377), (-0.78668904, -0.50443256, 0.3559051), (-0.7715204, -0.4961069, 0.39828917), (-0.7468233, -0.53684384, 0.3924968), (-0.761296, -0.54557604, 0.35039306), (-0.7715204, -0.4961069, 0.39828917), (-0.7542444, -0.48779377, 0.43951407), (-0.73058724, -0.5279194, 0.4330629), (-0.7468233, -0.53684384, 0.3924968), (-0.7542444, -0.48779377, 0.43951407), (-0.7346191, -0.47975677, 0.4797585), (-0.7122902, -0.5190386, 0.47248462), (-0.73058724, -0.5279194, 0.4330629), (-0.7346191, -0.47975677, 0.4797585), (-0.7122897, -0.47248438, 0.51903945), (-0.69150424, -0.51079416, 0.5107947), (-0.7122902, -0.5190386, 0.47248462), (-0.7122897, -0.47248438, 0.51903945), (-0.6869444, -0.46671772, 0.5570295), (-0.668009, -0.5039565, 0.5475325), (-0.69150424, -0.51079416, 0.5107947), (-0.6869444, -0.46671772, 0.5570295), (-0.65864635, -0.4631378, 0.593033), (-0.64192563, -0.4994254, 0.5818126), (-0.668009, -0.5039565, 0.5475325), (-0.65864635, -0.4631378, 0.593033), (-0.6271233, -0.46198642, 0.62712437), (-0.61321425, -0.49793237, 0.61321414), (-0.64192563, -0.4994254, 0.5818126), (-0.81431615, -0.58037287, 0.0075134723), (-0.81317395, -0.57973576, 0.05152253), (-0.7804555, -0.62311816, 0.05111625), (-0.7813621, -0.6240348, 0.007333976), (-0.81317395, -0.57973576, 0.05152253), (-0.8086459, -0.577916, 0.11002262), (-0.77667594, -0.6203657, 0.10918259), (-0.7804555, -0.62311816, 0.05111625), (-0.8086459, -0.577916, 0.11002262), (-0.80359584, -0.5755571, 0.15155093), (-0.7723723, -0.61721486, 0.14995623), (-0.77667594, -0.6203657, 0.10918259), (-0.80359584, -0.5755571, 0.15155093), (-0.79788077, -0.5721591, 0.18979), (-0.76730824, -0.6133074, 0.18732876), (-0.7723723, -0.61721486, 0.14995623), (-0.79788077, -0.5721591, 0.18979), (-0.79139316, -0.5673998, 0.22749577), (-0.76133317, -0.6083509, 0.22423431), (-0.76730824, -0.6133074, 0.18732876), (-0.79139316, -0.5673998, 0.22749577), (-0.78354406, -0.5612723, 0.26651865), (-0.75391436, -0.6021636, 0.2627016), (-0.76133317, -0.6083509, 0.22423431), (-0.78354406, -0.5612723, 0.26651865), (-0.77366155, -0.5538759, 0.30768377), (-0.7444489, -0.59463596, 0.3036509), (-0.75391436, -0.6021636, 0.2627016), (-0.77366155, -0.5538759, 0.30768377), (-0.761296, -0.54557604, 0.35039306), (-0.7326038, -0.5859652, 0.34631836), (-0.7444489, -0.59463596, 0.3036509), (-0.761296, -0.54557604, 0.35039306), (-0.7468233, -0.53684384, 0.3924968), (-0.7189198, -0.57663834, 0.38812694), (-0.7326038, -0.5859652, 0.34631836), (-0.7468233, -0.53684384, 0.3924968), (-0.73058724, -0.5279194, 0.4330629), (-0.7038204, -0.5669348, 0.42804396), (-0.7189198, -0.57663834, 0.38812694), (-0.73058724, -0.5279194, 0.4330629), (-0.7122902, -0.5190386, 0.47248462), (-0.68694293, -0.55703104, 0.46671808), (-0.7038204, -0.5669348, 0.42804396), (-0.7122902, -0.5190386, 0.47248462), (-0.69150424, -0.51079416, 0.5107947), (-0.6680081, -0.5475326, 0.50395745), (-0.68694293, -0.55703104, 0.46671808), (-0.69150424, -0.51079416, 0.5107947), (-0.668009, -0.5039565, 0.5475325), (-0.6472553, -0.53900915, 0.539008), (-0.6680081, -0.5475326, 0.50395745), (-0.668009, -0.5039565, 0.5475325), (-0.64192563, -0.4994254, 0.5818126), (-0.62446946, -0.53270674, 0.571193), (-0.6472553, -0.53900915, 0.539008), (-0.64192563, -0.4994254, 0.5818126), (-0.61321425, -0.49793237, 0.61321414), (-0.5993801, -0.5305579, 0.59937626), (-0.62446946, -0.53270674, 0.571193), (-0.7813621, -0.6240348, 0.007333976), (-0.7804555, -0.62311816, 0.05111625), (-0.74518424, -0.6649458, 0.050472587), (-0.7459541, -0.6659592, 0.0071248105), (-0.7804555, -0.62311816, 0.05111625), (-0.77667594, -0.6203657, 0.10918259), (-0.7419297, -0.6616978, 0.108149745), (-0.74518424, -0.6649458, 0.050472587), (-0.77667594, -0.6203657, 0.10918259), (-0.7723723, -0.61721486, 0.14995623), (-0.73810256, -0.6581095, 0.14864871), (-0.7419297, -0.6616978, 0.108149745), (-0.7723723, -0.61721486, 0.14995623), (-0.76730824, -0.6133074, 0.18732876), (-0.7334602, -0.6538873, 0.18565436), (-0.73810256, -0.6581095, 0.14864871), (-0.76730824, -0.6133074, 0.18732876), (-0.76133317, -0.6083509, 0.22423431), (-0.72783905, -0.6487621, 0.22216667), (-0.7334602, -0.6538873, 0.18565436), (-0.76133317, -0.6083509, 0.22423431), (-0.75391436, -0.6021636, 0.2627016), (-0.72077507, -0.64241236, 0.2603644), (-0.72783905, -0.6487621, 0.22216667), (-0.75391436, -0.6021636, 0.2627016), (-0.7444489, -0.59463596, 0.3036509), (-0.71174353, -0.6345729, 0.30122778), (-0.72077507, -0.64241236, 0.2603644), (-0.7444489, -0.59463596, 0.3036509), (-0.7326038, -0.5859652, 0.34631836), (-0.70055324, -0.6252758, 0.34388268), (-0.71174353, -0.6345729, 0.30122778), (-0.7326038, -0.5859652, 0.34631836), (-0.7189198, -0.57663834, 0.38812694), (-0.68781984, -0.6150763, 0.3854673), (-0.70055324, -0.6252758, 0.34388268), (-0.7189198, -0.57663834, 0.38812694), (-0.7038204, -0.5669348, 0.42804396), (-0.67397046, -0.60431975, 0.42492512), (-0.68781984, -0.6150763, 0.3854673), (-0.7038204, -0.5669348, 0.42804396), (-0.68694293, -0.55703104, 0.46671808), (-0.6586447, -0.59303373, 0.4631394), (-0.67397046, -0.60431975, 0.42492512), (-0.68694293, -0.55703104, 0.46671808), (-0.6680081, -0.5475326, 0.50395745), (-0.64192665, -0.5818121, 0.4994246), (-0.6586447, -0.59303373, 0.4631394), (-0.6680081, -0.5475326, 0.50395745), (-0.6472553, -0.53900915, 0.539008), (-0.6244688, -0.57119465, 0.53270566), (-0.64192665, -0.5818121, 0.4994246), (-0.6472553, -0.53900915, 0.539008), (-0.62446946, -0.53270674, 0.571193), (-0.6061642, -0.5623897, 0.56239027), (-0.6244688, -0.57119465, 0.53270566), (-0.62446946, -0.53270674, 0.571193), (-0.5993801, -0.5305579, 0.59937626), (-0.586232, -0.5591633, 0.5862324), (-0.6061642, -0.5623897, 0.56239027), (-0.7459541, -0.6659592, 0.0071248105), (-0.74518424, -0.6649458, 0.050472587), (-0.7062215, -0.7062214, 0.050025653), (-0.7070897, -0.7070898, 0.006943389), (-0.74518424, -0.6649458, 0.050472587), (-0.7419297, -0.6616978, 0.108149745), (-0.7030024, -0.7030024, 0.10758859), (-0.7062215, -0.7062214, 0.050025653), (-0.7419297, -0.6616978, 0.108149745), (-0.73810256, -0.6581095, 0.14864871), (-0.6993111, -0.6993111, 0.14808099), (-0.7030024, -0.7030024, 0.10758859), (-0.73810256, -0.6581095, 0.14864871), (-0.7334602, -0.6538873, 0.18565436), (-0.6948972, -0.69489723, 0.1850289), (-0.6993111, -0.6993111, 0.14808099), (-0.7334602, -0.6538873, 0.18565436), (-0.72783905, -0.6487621, 0.22216667), (-0.6895492, -0.6895493, 0.22145806), (-0.6948972, -0.69489723, 0.1850289), (-0.72783905, -0.6487621, 0.22216667), (-0.72077507, -0.64241236, 0.2603644), (-0.68286526, -0.6828653, 0.25959593), (-0.6895492, -0.6895493, 0.22145806), (-0.72077507, -0.64241236, 0.2603644), (-0.71174353, -0.6345729, 0.30122778), (-0.6744386, -0.6744386, 0.30044165), (-0.68286526, -0.6828653, 0.25959593), (-0.71174353, -0.6345729, 0.30122778), (-0.70055324, -0.6252758, 0.34388268), (-0.66418844, -0.66418844, 0.34308523), (-0.6744386, -0.6744386, 0.30044165), (-0.70055324, -0.6252758, 0.34388268), (-0.68781984, -0.6150763, 0.3854673), (-0.65271866, -0.6527187, 0.38459936), (-0.66418844, -0.66418844, 0.34308523), (-0.68781984, -0.6150763, 0.3854673), (-0.67397046, -0.60431975, 0.42492512), (-0.6404303, -0.6404303, 0.42390826), (-0.65271866, -0.6527187, 0.38459936), (-0.67397046, -0.60431975, 0.42492512), (-0.6586447, -0.59303373, 0.4631394), (-0.62712395, -0.62712395, 0.46198604), (-0.6404303, -0.6404303, 0.42390826), (-0.6586447, -0.59303373, 0.4631394), (-0.64192665, -0.5818121, 0.4994246), (-0.6132138, -0.6132138, 0.49793348), (-0.62712395, -0.62712395, 0.46198604), (-0.64192665, -0.5818121, 0.4994246), (-0.6244688, -0.57119465, 0.53270566), (-0.59937847, -0.5993785, 0.5305571), (-0.6132138, -0.6132138, 0.49793348), (-0.6244688, -0.57119465, 0.53270566), (-0.6061642, -0.5623897, 0.56239027), (-0.5862331, -0.5862331, 0.5591615), (-0.59937847, -0.5993785, 0.5305571), (-0.6061642, -0.5623897, 0.56239027), (-0.586232, -0.5591633, 0.5862324), (-0.5773505, -0.57735056, 0.5773497), (-0.5862331, -0.5862331, 0.5591615), (-0.99992925, -0.011897105, 0), (-0.99984187, -0.012576563, 0.012576595), (-0.99883157, -0.04826888, 0.0023734923), (-0.9988568, -0.047803316, 0.000016245694), (-0.9988568, -0.047803316, 0.000016245694), (-0.99883157, -0.04826888, 0.0023734923), (-0.995297, -0.09684501, 0.0022007616), (-0.99536663, -0.09615277, 0.00003090981), (-0.99536663, -0.09615277, 0.00003090981), (-0.995297, -0.09684501, 0.0022007616), (-0.98930186, -0.14585473, 0.0028763104), (-0.9894144, -0.14511783, 0.000044281052), (-0.9894144, -0.14511783, 0.000044281052), (-0.98930186, -0.14585473, 0.0028763104), (-0.98075557, -0.19520438, 0.0037003197), (-0.9808942, -0.19454192, 0.00005580178), (-0.9808942, -0.19454192, 0.00005580178), (-0.98075557, -0.19520438, 0.0037003197), (-0.96957195, -0.24476223, 0.004639091), (-0.96971756, -0.24422935, 0.00006524094), (-0.96971756, -0.24422935, 0.00006524094), (-0.96957195, -0.24476223, 0.004639091), (-0.95568556, -0.29433826, 0.0054804226), (-0.95581394, -0.29397228, 0.00007220698), (-0.95581394, -0.29397228, 0.00007220698), (-0.95568556, -0.29433826, 0.0054804226), (-0.9390452, -0.343739, 0.006139337), (-0.9391301, -0.34356165, 0.00007661972), (-0.9391301, -0.34356165, 0.00007661972), (-0.9390452, -0.343739, 0.006139337), (-0.91962063, -0.3927506, 0.006697902), (-0.9196345, -0.39277515, 0.000078201), (-0.9196345, -0.39277515, 0.000078201), (-0.91962063, -0.3927506, 0.006697902), (-0.8974062, -0.44114712, 0.007172541), (-0.8973215, -0.44137743, 0.00007679604), (-0.8973215, -0.44137743, 0.00007679604), (-0.8974062, -0.44114712, 0.007172541), (-0.8724176, -0.48870397, 0.0074743163), (-0.8722114, -0.48912913, 0.000072152274), (-0.8722114, -0.48912913, 0.000072152274), (-0.8724176, -0.48870397, 0.0074743163), (-0.844698, -0.5351901, 0.007548165), (-0.8443444, -0.53580076, 0.000064445834), (-0.8443444, -0.53580076, 0.000064445834), (-0.844698, -0.5351901, 0.007548165), (-0.81431615, -0.58037287, 0.0075134723), (-0.8137908, -0.58115786, 0.000053273194), (-0.8137908, -0.58115786, 0.000053273194), (-0.81431615, -0.58037287, 0.0075134723), (-0.7813621, -0.6240348, 0.007333976), (-0.7806464, -0.62497294, 0.000038814705), (-0.7806464, -0.62497294, 0.000038814705), (-0.7813621, -0.6240348, 0.007333976), (-0.7459541, -0.6659592, 0.0071248105), (-0.7450382, -0.6670218, 0.000020913072), (-0.7450382, -0.6670218, 0.000020913072), (-0.7459541, -0.6659592, 0.0071248105), (-0.7070897, -0.7070898, 0.006943389), (-0.7071068, -0.7071068, 0), (-0.012576563, -0.99984175, 0.012576595), (-0.011897105, -0.99992925, 0), (-0.047803316, -0.9988568, 0.000016245694), (-0.04826888, -0.99883157, 0.0023734923), (-0.04826888, -0.99883157, 0.0023734923), (-0.047803316, -0.9988568, 0.000016245694), (-0.09615277, -0.99536663, 0.00003090981), (-0.096845016, -0.995297, 0.0022007616), (-0.096845016, -0.995297, 0.0022007616), (-0.09615277, -0.99536663, 0.00003090981), (-0.14511783, -0.9894144, 0.000044281052), (-0.14585471, -0.98930186, 0.0028763106), (-0.14585471, -0.98930186, 0.0028763106), (-0.14511783, -0.9894144, 0.000044281052), (-0.19454192, -0.9808942, 0.00005580178), (-0.19520436, -0.98075557, 0.003700319), (-0.19520436, -0.98075557, 0.003700319), (-0.19454192, -0.9808942, 0.00005580178), (-0.24422935, -0.96971756, 0.00006524094), (-0.24476226, -0.96957195, 0.004639091), (-0.24476226, -0.96957195, 0.004639091), (-0.24422935, -0.96971756, 0.00006524094), (-0.29397228, -0.95581394, 0.00007220698), (-0.2943383, -0.95568556, 0.0054804226), (-0.2943383, -0.95568556, 0.0054804226), (-0.29397228, -0.95581394, 0.00007220698), (-0.34356165, -0.9391301, 0.00007661972), (-0.34373903, -0.9390452, 0.006139337), (-0.34373903, -0.9390452, 0.006139337), (-0.34356165, -0.9391301, 0.00007661972), (-0.39277515, -0.9196345, 0.000078201), (-0.39275056, -0.91962063, 0.0066979015), (-0.39275056, -0.91962063, 0.0066979015), (-0.39277515, -0.9196345, 0.000078201), (-0.44137743, -0.8973215, 0.00007679604), (-0.44114712, -0.8974062, 0.007172541), (-0.44114712, -0.8974062, 0.007172541), (-0.44137743, -0.8973215, 0.00007679604), (-0.48912913, -0.8722114, 0.000072152274), (-0.48870397, -0.8724177, 0.0074743154), (-0.48870397, -0.8724177, 0.0074743154), (-0.48912913, -0.8722114, 0.000072152274), (-0.53580076, -0.8443444, 0.000064445834), (-0.5351901, -0.844698, 0.007548166), (-0.5351901, -0.844698, 0.007548166), (-0.53580076, -0.8443444, 0.000064445834), (-0.58115786, -0.8137908, 0.000053273194), (-0.58037287, -0.81431615, 0.007513472), (-0.58037287, -0.81431615, 0.007513472), (-0.58115786, -0.8137908, 0.000053273194), (-0.62497294, -0.7806464, 0.000038814705), (-0.62403476, -0.7813621, 0.0073339758), (-0.62403476, -0.7813621, 0.0073339758), (-0.62497294, -0.7806464, 0.000038814705), (-0.6670218, -0.7450382, 0.000020913072), (-0.6659592, -0.7459542, 0.00712481), (-0.6659592, -0.7459542, 0.00712481), (-0.6670218, -0.7450382, 0.000020913072), (-0.7071068, -0.7071068, 0), (-0.7070897, -0.7070898, 0.006943389), (-0.012576563, -0.99984175, 0.012576595), (-0.04826888, -0.99883157, 0.0023734923), (-0.04158221, -0.99826944, 0.04158257), (-0.0023652446, -0.9988316, 0.048268914), (-0.04826888, -0.99883157, 0.0023734923), (-0.096845016, -0.995297, 0.0022007616), (-0.10101874, -0.99423665, 0.03589706), (-0.04158221, -0.99826944, 0.04158257), (-0.096845016, -0.995297, 0.0022007616), (-0.14585471, -0.98930186, 0.0028763106), (-0.14995675, -0.98806244, 0.03529155), (-0.10101874, -0.99423665, 0.03589706), (-0.14585471, -0.98930186, 0.0028763106), (-0.19520436, -0.98075557, 0.003700319), (-0.19903566, -0.9792666, 0.037705995), (-0.14995675, -0.98806244, 0.03529155), (-0.19520436, -0.98075557, 0.003700319), (-0.24476226, -0.96957195, 0.004639091), (-0.24819565, -0.9678557, 0.040671214), (-0.19903566, -0.9792666, 0.037705995), (-0.24476226, -0.96957195, 0.004639091), (-0.2943383, -0.95568556, 0.0054804226), (-0.2971472, -0.95383954, 0.04351658), (-0.24819565, -0.9678557, 0.040671214), (-0.2943383, -0.95568556, 0.0054804226), (-0.34373903, -0.9390452, 0.006139337), (-0.34593296, -0.93713367, 0.045944598), (-0.2971472, -0.95383954, 0.04351658), (-0.34373903, -0.9390452, 0.006139337), (-0.39275056, -0.91962063, 0.0066979015), (-0.39439633, -0.91768265, 0.04806417), (-0.34593296, -0.93713367, 0.045944598), (-0.39275056, -0.91962063, 0.0066979015), (-0.44114712, -0.8974062, 0.007172541), (-0.44218367, -0.895539, 0.049834516), (-0.39439633, -0.91768265, 0.04806417), (-0.44114712, -0.8974062, 0.007172541), (-0.48870397, -0.8724177, 0.0074743154), (-0.48906153, -0.87075675, 0.05100429), (-0.44218367, -0.895539, 0.049834516), (-0.48870397, -0.8724177, 0.0074743154), (-0.5351901, -0.844698, 0.007548166), (-0.53497946, -0.8432943, 0.05149412), (-0.48906153, -0.87075675, 0.05100429), (-0.5351901, -0.844698, 0.007548166), (-0.58037287, -0.81431615, 0.007513472), (-0.57973576, -0.81317395, 0.05152253), (-0.53497946, -0.8432943, 0.05149412), (-0.58037287, -0.81431615, 0.007513472), (-0.62403476, -0.7813621, 0.0073339758), (-0.62311816, -0.7804555, 0.05111625), (-0.57973576, -0.81317395, 0.05152253), (-0.62403476, -0.7813621, 0.0073339758), (-0.6659592, -0.7459542, 0.00712481), (-0.66494584, -0.74518436, 0.0504726), (-0.62311816, -0.7804555, 0.05111625), (-0.6659592, -0.7459542, 0.00712481), (-0.7070897, -0.7070898, 0.006943389), (-0.7062215, -0.7062214, 0.050025653), (-0.66494584, -0.74518436, 0.0504726), (-0.0023652446, -0.9988316, 0.048268914), (-0.04158221, -0.99826944, 0.04158257), (-0.035897262, -0.99423677, 0.10101857), (-0.0021851563, -0.99529713, 0.09684448), (-0.04158221, -0.99826944, 0.04158257), (-0.10101874, -0.99423665, 0.03589706), (-0.09782099, -0.9903848, 0.0978206), (-0.035897262, -0.99423677, 0.10101857), (-0.10101874, -0.99423665, 0.03589706), (-0.14995675, -0.98806244, 0.03529155), (-0.15563531, -0.9831783, 0.09559339), (-0.09782099, -0.9903848, 0.0978206), (-0.14995675, -0.98806244, 0.03529155), (-0.19903566, -0.9792666, 0.037705995), (-0.20791343, -0.9733679, 0.09657695), (-0.15563531, -0.9831783, 0.09559339), (-0.19903566, -0.9792666, 0.037705995), (-0.24819565, -0.9678557, 0.040671214), (-0.25657067, -0.96145713, 0.09885219), (-0.20791343, -0.9733679, 0.09657695), (-0.24819565, -0.9678557, 0.040671214), (-0.2971472, -0.95383954, 0.04351658), (-0.30438298, -0.9471145, 0.10161275), (-0.25657067, -0.96145713, 0.09885219), (-0.2971472, -0.95383954, 0.04351658), (-0.34593296, -0.93713367, 0.045944598), (-0.35176733, -0.9302442, 0.1044297), (-0.30438298, -0.9471145, 0.10161275), (-0.34593296, -0.93713367, 0.045944598), (-0.39439633, -0.91768265, 0.04806417), (-0.39870644, -0.9108194, 0.10696351), (-0.35176733, -0.9302442, 0.1044297), (-0.39439633, -0.91768265, 0.04806417), (-0.44218367, -0.895539, 0.049834516), (-0.44481096, -0.8889766, 0.108922556), (-0.39870644, -0.9108194, 0.10696351), (-0.44218367, -0.895539, 0.049834516), (-0.48906153, -0.87075675, 0.05100429), (-0.48997977, -0.8647566, 0.110071994), (-0.44481096, -0.8889766, 0.108922556), (-0.48906153, -0.87075675, 0.05100429), (-0.53497946, -0.8432943, 0.05149412), (-0.53438514, -0.8380009, 0.11039454), (-0.48997977, -0.8647566, 0.110071994), (-0.53497946, -0.8432943, 0.05149412), (-0.57973576, -0.81317395, 0.05152253), (-0.577916, -0.8086459, 0.11002262), (-0.53438514, -0.8380009, 0.11039454), (-0.57973576, -0.81317395, 0.05152253), (-0.62311816, -0.7804555, 0.05111625), (-0.6203657, -0.77667594, 0.10918259), (-0.577916, -0.8086459, 0.11002262), (-0.62311816, -0.7804555, 0.05111625), (-0.66494584, -0.74518436, 0.0504726), (-0.6616978, -0.7419297, 0.108149745), (-0.6203657, -0.77667594, 0.10918259), (-0.66494584, -0.74518436, 0.0504726), (-0.7062215, -0.7062214, 0.050025653), (-0.7030024, -0.7030024, 0.10758859), (-0.6616978, -0.7419297, 0.108149745), (-0.0021851563, -0.99529713, 0.09684448), (-0.035897262, -0.99423677, 0.10101857), (-0.035291687, -0.9880625, 0.14995651), (-0.0028540993, -0.9893019, 0.1458548), (-0.035897262, -0.99423677, 0.10101857), (-0.09782099, -0.9903848, 0.0978206), (-0.09559384, -0.9831783, 0.15563506), (-0.035291687, -0.9880625, 0.14995651), (-0.09782099, -0.9903848, 0.0978206), (-0.15563531, -0.9831783, 0.09559339), (-0.155823, -0.9754171, 0.15582281), (-0.09559384, -0.9831783, 0.15563506), (-0.15563531, -0.9831783, 0.09559339), (-0.20791343, -0.9733679, 0.09657695), (-0.21066652, -0.9653279, 0.15414777), (-0.155823, -0.9754171, 0.15582281), (-0.20791343, -0.9733679, 0.09657695), (-0.25657067, -0.96145713, 0.09885219), (-0.26101735, -0.95307714, 0.15334234), (-0.21066652, -0.9653279, 0.15414777), (-0.25657067, -0.96145713, 0.09885219), (-0.30438298, -0.9471145, 0.10161275), (-0.30943367, -0.93846303, 0.1534207), (-0.26101735, -0.95307714, 0.15334234), (-0.30438298, -0.9471145, 0.10161275), (-0.35176733, -0.9302442, 0.1044297), (-0.3563155, -0.92157626, 0.15406667), (-0.30943367, -0.93846303, 0.1534207), (-0.35176733, -0.9302442, 0.1044297), (-0.39870644, -0.9108194, 0.10696351), (-0.4019202, -0.90252423, 0.15462951), (-0.3563155, -0.92157626, 0.15406667), (-0.39870644, -0.9108194, 0.10696351), (-0.44481096, -0.8889766, 0.108922556), (-0.44644445, -0.8813447, 0.15465729), (-0.4019202, -0.90252423, 0.15462951), (-0.44481096, -0.8889766, 0.108922556), (-0.48997977, -0.8647566, 0.110071994), (-0.49011207, -0.85792863, 0.15410665), (-0.44644445, -0.8813447, 0.15465729), (-0.48997977, -0.8647566, 0.110071994), (-0.53438514, -0.8380009, 0.11039454), (-0.5331505, -0.832063, 0.15304099), (-0.49011207, -0.85792863, 0.15410665), (-0.53438514, -0.8380009, 0.11039454), (-0.577916, -0.8086459, 0.11002262), (-0.5755571, -0.80359584, 0.15155093), (-0.5331505, -0.832063, 0.15304099), (-0.577916, -0.8086459, 0.11002262), (-0.6203657, -0.77667594, 0.10918259), (-0.61721486, -0.77237236, 0.14995624), (-0.5755571, -0.80359584, 0.15155093), (-0.6203657, -0.77667594, 0.10918259), (-0.6616978, -0.7419297, 0.108149745), (-0.6581095, -0.73810256, 0.1486487), (-0.61721486, -0.77237236, 0.14995624), (-0.6616978, -0.7419297, 0.108149745), (-0.7030024, -0.7030024, 0.10758859), (-0.6993111, -0.6993111, 0.14808099), (-0.6581095, -0.73810256, 0.1486487), (-0.0028540993, -0.9893019, 0.1458548), (-0.035291687, -0.9880625, 0.14995651), (-0.037705533, -0.9792666, 0.19903602), (-0.003671532, -0.98075575, 0.1952044), (-0.035291687, -0.9880625, 0.14995651), (-0.09559384, -0.9831783, 0.15563506), (-0.09657761, -0.9733677, 0.20791362), (-0.037705533, -0.9792666, 0.19903602), (-0.09559384, -0.9831783, 0.15563506), (-0.155823, -0.9754171, 0.15582281), (-0.15414762, -0.9653279, 0.21066712), (-0.09657761, -0.9733677, 0.20791362), (-0.155823, -0.9754171, 0.15582281), (-0.21066652, -0.9653279, 0.15414777), (-0.20961332, -0.9550521, 0.20961368), (-0.15414762, -0.9653279, 0.21066712), (-0.21066652, -0.9653279, 0.15414777), (-0.26101735, -0.95307714, 0.15334234), (-0.26177147, -0.9424936, 0.20780142), (-0.20961332, -0.9550521, 0.20961368), (-0.26101735, -0.95307714, 0.15334234), (-0.30943367, -0.93846303, 0.1534207), (-0.3110959, -0.9278303, 0.20579213), (-0.26177147, -0.9424936, 0.20780142), (-0.30943367, -0.93846303, 0.1534207), (-0.3563155, -0.92157626, 0.15406667), (-0.35779586, -0.9113123, 0.20369582), (-0.3110959, -0.9278303, 0.20579213), (-0.3563155, -0.92157626, 0.15406667), (-0.4019202, -0.90252423, 0.15462951), (-0.4024033, -0.89304394, 0.201356), (-0.35779586, -0.9113123, 0.20369582), (-0.4019202, -0.90252423, 0.15462951), (-0.44644445, -0.8813447, 0.15465729), (-0.4457512, -0.8728398, 0.19863662), (-0.4024033, -0.89304394, 0.201356), (-0.44644445, -0.8813447, 0.15465729), (-0.49011207, -0.85792863, 0.15410665), (-0.488386, -0.85040337, 0.19568612), (-0.4457512, -0.8728398, 0.19863662), (-0.49011207, -0.85792863, 0.15410665), (-0.5331505, -0.832063, 0.15304099), (-0.5305062, -0.8254922, 0.19268046), (-0.488386, -0.85040337, 0.19568612), (-0.5331505, -0.832063, 0.15304099), (-0.5755571, -0.80359584, 0.15155093), (-0.5721591, -0.7978808, 0.18979001), (-0.5305062, -0.8254922, 0.19268046), (-0.5755571, -0.80359584, 0.15155093), (-0.61721486, -0.77237236, 0.14995624), (-0.61330736, -0.76730824, 0.18732874), (-0.5721591, -0.7978808, 0.18979001), (-0.61721486, -0.77237236, 0.14995624), (-0.6581095, -0.73810256, 0.1486487), (-0.6538873, -0.7334602, 0.18565436), (-0.61330736, -0.76730824, 0.18732874), (-0.6581095, -0.73810256, 0.1486487), (-0.6993111, -0.6993111, 0.14808099), (-0.6948972, -0.69489723, 0.1850289), (-0.6538873, -0.7334602, 0.18565436), (-0.003671532, -0.98075575, 0.1952044), (-0.037705533, -0.9792666, 0.19903602), (-0.0406713, -0.96785545, 0.24819638), (-0.004606209, -0.96957237, 0.2447616), (-0.037705533, -0.9792666, 0.19903602), (-0.09657761, -0.9733677, 0.20791362), (-0.098852806, -0.9614571, 0.25657058), (-0.0406713, -0.96785545, 0.24819638), (-0.09657761, -0.9733677, 0.20791362), (-0.15414762, -0.9653279, 0.21066712), (-0.15334226, -0.9530774, 0.26101682), (-0.098852806, -0.9614571, 0.25657058), (-0.15414762, -0.9653279, 0.21066712), (-0.20961332, -0.9550521, 0.20961368), (-0.20780076, -0.9424937, 0.26177162), (-0.15334226, -0.9530774, 0.26101682), (-0.20961332, -0.9550521, 0.20961368), (-0.26177147, -0.9424936, 0.20780142), (-0.26005882, -0.9299136, 0.26005793), (-0.20780076, -0.9424937, 0.26177162), (-0.26177147, -0.9424936, 0.20780142), (-0.3110959, -0.9278303, 0.20579213), (-0.30922493, -0.915708, 0.25662988), (-0.26005882, -0.9299136, 0.26005793), (-0.3110959, -0.9278303, 0.20579213), (-0.35779586, -0.9113123, 0.20369582), (-0.35545173, -0.90005505, 0.25210106), (-0.30922493, -0.915708, 0.25662988), (-0.35779586, -0.9113123, 0.20369582), (-0.4024033, -0.89304394, 0.201356), (-0.3993857, -0.8828807, 0.24700767), (-0.35545173, -0.90005505, 0.25210106), (-0.4024033, -0.89304394, 0.201356), (-0.4457512, -0.8728398, 0.19863662), (-0.44211587, -0.8637726, 0.24172415), (-0.3993857, -0.8828807, 0.24700767), (-0.4457512, -0.8728398, 0.19863662), (-0.488386, -0.85040337, 0.19568612), (-0.48428375, -0.84233296, 0.23652561), (-0.44211587, -0.8637726, 0.24172415), (-0.488386, -0.85040337, 0.19568612), (-0.5305062, -0.8254922, 0.19268046), (-0.5260306, -0.81829584, 0.23169738), (-0.48428375, -0.84233296, 0.23652561), (-0.5305062, -0.8254922, 0.19268046), (-0.5721591, -0.7978808, 0.18979001), (-0.5673998, -0.79139316, 0.22749576), (-0.5260306, -0.81829584, 0.23169738), (-0.5721591, -0.7978808, 0.18979001), (-0.61330736, -0.76730824, 0.18732874), (-0.6083509, -0.76133317, 0.22423431), (-0.5673998, -0.79139316, 0.22749576), (-0.61330736, -0.76730824, 0.18732874), (-0.6538873, -0.7334602, 0.18565436), (-0.6487621, -0.72783905, 0.22216667), (-0.6083509, -0.76133317, 0.22423431), (-0.6538873, -0.7334602, 0.18565436), (-0.6948972, -0.69489723, 0.1850289), (-0.6895492, -0.6895493, 0.22145806), (-0.6487621, -0.72783905, 0.22216667), (-0.004606209, -0.96957237, 0.2447616), (-0.0406713, -0.96785545, 0.24819638), (-0.04351612, -0.9538396, 0.29714695), (-0.0054443483, -0.95568573, 0.29433855), (-0.0406713, -0.96785545, 0.24819638), (-0.098852806, -0.9614571, 0.25657058), (-0.10161214, -0.94711477, 0.3043823), (-0.04351612, -0.9538396, 0.29714695), (-0.098852806, -0.9614571, 0.25657058), (-0.15334226, -0.9530774, 0.26101682), (-0.1534212, -0.9384632, 0.30943274), (-0.10161214, -0.94711477, 0.3043823), (-0.15334226, -0.9530774, 0.26101682), (-0.20780076, -0.9424937, 0.26177162), (-0.20579158, -0.92783076, 0.3110946), (-0.1534212, -0.9384632, 0.30943274), (-0.20780076, -0.9424937, 0.26177162), (-0.26005882, -0.9299136, 0.26005793), (-0.25662985, -0.9157079, 0.30922523), (-0.20579158, -0.92783076, 0.3110946), (-0.26005882, -0.9299136, 0.26005793), (-0.30922493, -0.915708, 0.25662988), (-0.30469075, -0.90240103, 0.30469), (-0.25662985, -0.9157079, 0.30922523), (-0.30922493, -0.915708, 0.25662988), (-0.35545173, -0.90005505, 0.25210106), (-0.35016194, -0.8878836, 0.29841137), (-0.30469075, -0.90240103, 0.30469), (-0.35545173, -0.90005505, 0.25210106), (-0.3993857, -0.8828807, 0.24700767), (-0.39366624, -0.87184256, 0.2914062), (-0.35016194, -0.8878836, 0.29841137), (-0.3993857, -0.8828807, 0.24700767), (-0.44211587, -0.8637726, 0.24172415), (-0.4361783, -0.85374343, 0.28437757), (-0.39366624, -0.87184256, 0.2914062), (-0.44211587, -0.8637726, 0.24172415), (-0.48428375, -0.84233296, 0.23652561), (-0.4782392, -0.8331827, 0.27765787), (-0.4361783, -0.85374343, 0.28437757), (-0.48428375, -0.84233296, 0.23652561), (-0.5260306, -0.81829584, 0.23169738), (-0.51993406, -0.8098775, 0.2716007), (-0.4782392, -0.8331827, 0.27765787), (-0.5260306, -0.81829584, 0.23169738), (-0.5673998, -0.79139316, 0.22749576), (-0.5612723, -0.78354406, 0.26651865), (-0.51993406, -0.8098775, 0.2716007), (-0.5673998, -0.79139316, 0.22749576), (-0.6083509, -0.76133317, 0.22423431), (-0.6021636, -0.75391436, 0.2627016), (-0.5612723, -0.78354406, 0.26651865), (-0.6083509, -0.76133317, 0.22423431), (-0.6487621, -0.72783905, 0.22216667), (-0.6424124, -0.720775, 0.2603644), (-0.6021636, -0.75391436, 0.2627016), (-0.6487621, -0.72783905, 0.22216667), (-0.6895492, -0.6895493, 0.22145806), (-0.68286526, -0.6828653, 0.25959593), (-0.6424124, -0.720775, 0.2603644), (-0.0054443483, -0.95568573, 0.29433855), (-0.04351612, -0.9538396, 0.29714695), (-0.045943443, -0.9371337, 0.34593287), (-0.0060999566, -0.9390455, 0.34373868), (-0.04351612, -0.9538396, 0.29714695), (-0.10161214, -0.94711477, 0.3043823), (-0.10442994, -0.9302442, 0.35176733), (-0.045943443, -0.9371337, 0.34593287), (-0.10161214, -0.94711477, 0.3043823), (-0.1534212, -0.9384632, 0.30943274), (-0.15406626, -0.9215762, 0.35631597), (-0.10442994, -0.9302442, 0.35176733), (-0.1534212, -0.9384632, 0.30943274), (-0.20579158, -0.92783076, 0.3110946), (-0.2036965, -0.9113117, 0.35779685), (-0.15406626, -0.9215762, 0.35631597), (-0.20579158, -0.92783076, 0.3110946), (-0.25662985, -0.9157079, 0.30922523), (-0.25210238, -0.9000542, 0.35545298), (-0.2036965, -0.9113117, 0.35779685), (-0.25662985, -0.9157079, 0.30922523), (-0.30469075, -0.90240103, 0.30469), (-0.2984111, -0.887884, 0.35016096), (-0.25210238, -0.9000542, 0.35545298), (-0.30469075, -0.90240103, 0.30469), (-0.35016194, -0.8878836, 0.29841137), (-0.34294197, -0.87451786, 0.342942), (-0.2984111, -0.887884, 0.35016096), (-0.35016194, -0.8878836, 0.29841137), (-0.39366624, -0.87184256, 0.2914062), (-0.38618, -0.85944474, 0.33499223), (-0.34294197, -0.87451786, 0.342942), (-0.39366624, -0.87184256, 0.2914062), (-0.4361783, -0.85374343, 0.28437757), (-0.4286939, -0.8421456, 0.32712725), (-0.38618, -0.85944474, 0.33499223), (-0.4361783, -0.85374343, 0.28437757), (-0.4782392, -0.8331827, 0.27765787), (-0.4708014, -0.82226664, 0.31972405), (-0.4286939, -0.8421456, 0.32712725), (-0.4782392, -0.8331827, 0.27765787), (-0.51993406, -0.8098775, 0.2716007), (-0.5125496, -0.79952645, 0.31313), (-0.4708014, -0.82226664, 0.31972405), (-0.51993406, -0.8098775, 0.2716007), (-0.5612723, -0.78354406, 0.26651865), (-0.5538759, -0.77366155, 0.30768377), (-0.5125496, -0.79952645, 0.31313), (-0.5612723, -0.78354406, 0.26651865), (-0.6021636, -0.75391436, 0.2627016), (-0.59463596, -0.7444489, 0.3036509), (-0.5538759, -0.77366155, 0.30768377), (-0.6021636, -0.75391436, 0.2627016), (-0.6424124, -0.720775, 0.2603644), (-0.6345729, -0.71174353, 0.30122778), (-0.59463596, -0.7444489, 0.3036509), (-0.6424124, -0.720775, 0.2603644), (-0.68286526, -0.6828653, 0.25959593), (-0.6744386, -0.6744386, 0.30044165), (-0.6345729, -0.71174353, 0.30122778), (-0.0060999566, -0.9390455, 0.34373868), (-0.045943443, -0.9371337, 0.34593287), (-0.048064332, -0.9176825, 0.3943964), (-0.0066590505, -0.9196213, 0.3927498), (-0.045943443, -0.9371337, 0.34593287), (-0.10442994, -0.9302442, 0.35176733), (-0.10696372, -0.9108193, 0.39870682), (-0.048064332, -0.9176825, 0.3943964), (-0.10442994, -0.9302442, 0.35176733), (-0.15406626, -0.9215762, 0.35631597), (-0.15463072, -0.9025242, 0.40191984), (-0.10696372, -0.9108193, 0.39870682), (-0.15406626, -0.9215762, 0.35631597), (-0.2036965, -0.9113117, 0.35779685), (-0.20135607, -0.8930437, 0.40240374), (-0.15463072, -0.9025242, 0.40191984), (-0.2036965, -0.9113117, 0.35779685), (-0.25210238, -0.9000542, 0.35545298), (-0.24700558, -0.8828814, 0.39938518), (-0.20135607, -0.8930437, 0.40240374), (-0.25210238, -0.9000542, 0.35545298), (-0.2984111, -0.887884, 0.35016096), (-0.29140562, -0.87184286, 0.39366576), (-0.24700558, -0.8828814, 0.39938518), (-0.2984111, -0.887884, 0.35016096), (-0.34294197, -0.87451786, 0.342942), (-0.33499333, -0.8594444, 0.3861799), (-0.29140562, -0.87184286, 0.39366576), (-0.34294197, -0.87451786, 0.342942), (-0.38618, -0.85944474, 0.33499223), (-0.37803903, -0.84508735, 0.3780396), (-0.33499333, -0.8594444, 0.3861799), (-0.38618, -0.85944474, 0.33499223), (-0.4286939, -0.8421456, 0.32712725), (-0.42061433, -0.82833743, 0.37005478), (-0.37803903, -0.84508735, 0.3780396), (-0.4286939, -0.8421456, 0.32712725), (-0.4708014, -0.82226664, 0.31972405), (-0.4627468, -0.8089563, 0.36256728), (-0.42061433, -0.82833743, 0.37005478), (-0.4708014, -0.82226664, 0.31972405), (-0.5125496, -0.79952645, 0.31313), (-0.50443256, -0.78668904, 0.35590512), (-0.4627468, -0.8089563, 0.36256728), (-0.5125496, -0.79952645, 0.31313), (-0.5538759, -0.77366155, 0.30768377), (-0.54557604, -0.761296, 0.35039306), (-0.50443256, -0.78668904, 0.35590512), (-0.5538759, -0.77366155, 0.30768377), (-0.59463596, -0.7444489, 0.3036509), (-0.5859652, -0.7326038, 0.34631836), (-0.54557604, -0.761296, 0.35039306), (-0.59463596, -0.7444489, 0.3036509), (-0.6345729, -0.71174353, 0.30122778), (-0.62527573, -0.70055324, 0.34388265), (-0.5859652, -0.7326038, 0.34631836), (-0.6345729, -0.71174353, 0.30122778), (-0.6744386, -0.6744386, 0.30044165), (-0.66418844, -0.66418844, 0.34308523), (-0.62527573, -0.70055324, 0.34388265), (-0.0066590505, -0.9196213, 0.3927498), (-0.048064332, -0.9176825, 0.3943964), (-0.049834535, -0.89553875, 0.44218424), (-0.00713417, -0.89740604, 0.44114786), (-0.048064332, -0.9176825, 0.3943964), (-0.10696372, -0.9108193, 0.39870682), (-0.10892191, -0.8889761, 0.44481182), (-0.049834535, -0.89553875, 0.44218424), (-0.10696372, -0.9108193, 0.39870682), (-0.15463072, -0.9025242, 0.40191984), (-0.15465702, -0.88134474, 0.44644433), (-0.10892191, -0.8889761, 0.44481182), (-0.15463072, -0.9025242, 0.40191984), (-0.20135607, -0.8930437, 0.40240374), (-0.19863717, -0.8728405, 0.44574976), (-0.15465702, -0.88134474, 0.44644433), (-0.20135607, -0.8930437, 0.40240374), (-0.24700558, -0.8828814, 0.39938518), (-0.24172458, -0.8637731, 0.4421144), (-0.19863717, -0.8728405, 0.44574976), (-0.24700558, -0.8828814, 0.39938518), (-0.29140562, -0.87184286, 0.39366576), (-0.28437772, -0.8537423, 0.4361805), (-0.24172458, -0.8637731, 0.4421144), (-0.29140562, -0.87184286, 0.39366576), (-0.33499333, -0.8594444, 0.3861799), (-0.32712862, -0.8421444, 0.4286953), (-0.28437772, -0.8537423, 0.4361805), (-0.33499333, -0.8594444, 0.3861799), (-0.37803903, -0.84508735, 0.3780396), (-0.37005484, -0.8283379, 0.42061356), (-0.32712862, -0.8421444, 0.4286953), (-0.37803903, -0.84508735, 0.3780396), (-0.42061433, -0.82833743, 0.37005478), (-0.41266, -0.8120479, 0.41266197), (-0.37005484, -0.8283379, 0.42061356), (-0.42061433, -0.82833743, 0.37005478), (-0.4627468, -0.8089563, 0.36256728), (-0.45467377, -0.7931886, 0.4051217), (-0.41266, -0.8120479, 0.41266197), (-0.4627468, -0.8089563, 0.36256728), (-0.50443256, -0.78668904, 0.35590512), (-0.4961069, -0.7715204, 0.39828917), (-0.45467377, -0.7931886, 0.4051217), (-0.50443256, -0.78668904, 0.35590512), (-0.54557604, -0.761296, 0.35039306), (-0.5368438, -0.7468233, 0.39249673), (-0.4961069, -0.7715204, 0.39828917), (-0.54557604, -0.761296, 0.35039306), (-0.5859652, -0.7326038, 0.34631836), (-0.57663834, -0.7189198, 0.38812697), (-0.5368438, -0.7468233, 0.39249673), (-0.5859652, -0.7326038, 0.34631836), (-0.62527573, -0.70055324, 0.34388265), (-0.6150763, -0.68781984, 0.3854673), (-0.57663834, -0.7189198, 0.38812697), (-0.62527573, -0.70055324, 0.34388265), (-0.66418844, -0.66418844, 0.34308523), (-0.65271866, -0.6527187, 0.38459936), (-0.6150763, -0.68781984, 0.3854673), (-0.00713417, -0.89740604, 0.44114786), (-0.049834535, -0.89553875, 0.44218424), (-0.051004555, -0.87075615, 0.48906267), (-0.007438229, -0.87241817, 0.4887037), (-0.049834535, -0.89553875, 0.44218424), (-0.10892191, -0.8889761, 0.44481182), (-0.11007111, -0.8647564, 0.48998025), (-0.051004555, -0.87075615, 0.48906267), (-0.10892191, -0.8889761, 0.44481182), (-0.15465702, -0.88134474, 0.44644433), (-0.1541049, -0.8579282, 0.49011308), (-0.11007111, -0.8647564, 0.48998025), (-0.15465702, -0.88134474, 0.44644433), (-0.19863717, -0.8728405, 0.44574976), (-0.19568497, -0.850403, 0.48838726), (-0.1541049, -0.8579282, 0.49011308), (-0.19863717, -0.8728405, 0.44574976), (-0.24172458, -0.8637731, 0.4421144), (-0.23652782, -0.84233284, 0.484283), (-0.19568497, -0.850403, 0.48838726), (-0.24172458, -0.8637731, 0.4421144), (-0.28437772, -0.8537423, 0.4361805), (-0.27766052, -0.8331827, 0.47823763), (-0.23652782, -0.84233284, 0.484283), (-0.28437772, -0.8537423, 0.4361805), (-0.32712862, -0.8421444, 0.4286953), (-0.31972203, -0.8222674, 0.47080156), (-0.27766052, -0.8331827, 0.47823763), (-0.32712862, -0.8421444, 0.4286953), (-0.37005484, -0.8283379, 0.42061356), (-0.36256668, -0.8089572, 0.46274588), (-0.31972203, -0.8222674, 0.47080156), (-0.37005484, -0.8283379, 0.42061356), (-0.41266, -0.8120479, 0.41266197), (-0.40512243, -0.7931879, 0.45467436), (-0.36256668, -0.8089572, 0.46274588), (-0.41266, -0.8120479, 0.41266197), (-0.45467377, -0.7931886, 0.4051217), (-0.44684365, -0.77502304, 0.4468444), (-0.40512243, -0.7931879, 0.45467436), (-0.45467377, -0.7931886, 0.4051217), (-0.4961069, -0.7715204, 0.39828917), (-0.4877938, -0.7542444, 0.4395141), (-0.44684365, -0.77502304, 0.4468444), (-0.4961069, -0.7715204, 0.39828917), (-0.5368438, -0.7468233, 0.39249673), (-0.5279194, -0.73058724, 0.43306294), (-0.4877938, -0.7542444, 0.4395141), (-0.5368438, -0.7468233, 0.39249673), (-0.57663834, -0.7189198, 0.38812697), (-0.5669348, -0.7038204, 0.428044), (-0.5279194, -0.73058724, 0.43306294), (-0.57663834, -0.7189198, 0.38812697), (-0.6150763, -0.68781984, 0.3854673), (-0.60431975, -0.67397046, 0.4249251), (-0.5669348, -0.7038204, 0.428044), (-0.6150763, -0.68781984, 0.3854673), (-0.65271866, -0.6527187, 0.38459936), (-0.6404303, -0.6404303, 0.42390826), (-0.60431975, -0.67397046, 0.4249251), (-0.007438229, -0.87241817, 0.4887037), (-0.051004555, -0.87075615, 0.48906267), (-0.051495902, -0.8432941, 0.53497976), (-0.0075182356, -0.8446983, 0.5351898), (-0.051004555, -0.87075615, 0.48906267), (-0.11007111, -0.8647564, 0.48998025), (-0.11039374, -0.8380012, 0.5343848), (-0.051495902, -0.8432941, 0.53497976), (-0.11007111, -0.8647564, 0.48998025), (-0.1541049, -0.8579282, 0.49011308), (-0.15304115, -0.83206296, 0.5331506), (-0.11039374, -0.8380012, 0.5343848), (-0.1541049, -0.8579282, 0.49011308), (-0.19568497, -0.850403, 0.48838726), (-0.19267894, -0.8254923, 0.5305066), (-0.15304115, -0.83206296, 0.5331506), (-0.19568497, -0.850403, 0.48838726), (-0.23652782, -0.84233284, 0.484283), (-0.23169492, -0.8182957, 0.5260321), (-0.19267894, -0.8254923, 0.5305066), (-0.23652782, -0.84233284, 0.484283), (-0.27766052, -0.8331827, 0.47823763), (-0.2716022, -0.809877, 0.51993406), (-0.23169492, -0.8182957, 0.5260321), (-0.27766052, -0.8331827, 0.47823763), (-0.31972203, -0.8222674, 0.47080156), (-0.31313193, -0.79952663, 0.51254815), (-0.2716022, -0.809877, 0.51993406), (-0.31972203, -0.8222674, 0.47080156), (-0.36256668, -0.8089572, 0.46274588), (-0.3559058, -0.78668797, 0.5044334), (-0.31313193, -0.79952663, 0.51254815), (-0.36256668, -0.8089572, 0.46274588), (-0.40512243, -0.7931879, 0.45467436), (-0.39828932, -0.7715208, 0.49610603), (-0.3559058, -0.78668797, 0.5044334), (-0.40512243, -0.7931879, 0.45467436), (-0.44684365, -0.77502304, 0.4468444), (-0.43951347, -0.7542448, 0.48779377), (-0.39828932, -0.7715208, 0.49610603), (-0.44684365, -0.77502304, 0.4468444), (-0.4877938, -0.7542444, 0.4395141), (-0.47975677, -0.734619, 0.4797585), (-0.43951347, -0.7542448, 0.48779377), (-0.4877938, -0.7542444, 0.4395141), (-0.5279194, -0.73058724, 0.43306294), (-0.5190386, -0.7122902, 0.4724846), (-0.47975677, -0.734619, 0.4797585), (-0.5279194, -0.73058724, 0.43306294), (-0.5669348, -0.7038204, 0.428044), (-0.55703104, -0.68694293, 0.46671808), (-0.5190386, -0.7122902, 0.4724846), (-0.5669348, -0.7038204, 0.428044), (-0.60431975, -0.67397046, 0.4249251), (-0.59303373, -0.6586447, 0.4631394), (-0.55703104, -0.68694293, 0.46671808), (-0.60431975, -0.67397046, 0.4249251), (-0.6404303, -0.6404303, 0.42390826), (-0.62712395, -0.62712395, 0.46198604), (-0.59303373, -0.6586447, 0.4631394), (-0.0075182356, -0.8446983, 0.5351898), (-0.051495902, -0.8432941, 0.53497976), (-0.05152296, -0.81317395, 0.57973576), (-0.0074880645, -0.81431526, 0.5803746), (-0.051495902, -0.8432941, 0.53497976), (-0.11039374, -0.8380012, 0.5343848), (-0.11002114, -0.80864674, 0.577915), (-0.05152296, -0.81317395, 0.57973576), (-0.11039374, -0.8380012, 0.5343848), (-0.15304115, -0.83206296, 0.5331506), (-0.15155002, -0.80359674, 0.57555604), (-0.11002114, -0.80864674, 0.577915), (-0.15304115, -0.83206296, 0.5331506), (-0.19267894, -0.8254923, 0.5305066), (-0.18979007, -0.79788154, 0.5721581), (-0.15155002, -0.80359674, 0.57555604), (-0.19267894, -0.8254923, 0.5305066), (-0.23169492, -0.8182957, 0.5260321), (-0.22749738, -0.7913923, 0.5674002), (-0.18979007, -0.79788154, 0.5721581), (-0.23169492, -0.8182957, 0.5260321), (-0.2716022, -0.809877, 0.51993406), (-0.26651827, -0.7835429, 0.561274), (-0.22749738, -0.7913923, 0.5674002), (-0.2716022, -0.809877, 0.51993406), (-0.31313193, -0.79952663, 0.51254815), (-0.30768275, -0.773662, 0.55387586), (-0.26651827, -0.7835429, 0.561274), (-0.31313193, -0.79952663, 0.51254815), (-0.3559058, -0.78668797, 0.5044334), (-0.3503927, -0.7612961, 0.5455761), (-0.30768275, -0.773662, 0.55387586), (-0.3559058, -0.78668797, 0.5044334), (-0.39828932, -0.7715208, 0.49610603), (-0.39249626, -0.746823, 0.5368446), (-0.3503927, -0.7612961, 0.5455761), (-0.39828932, -0.7715208, 0.49610603), (-0.43951347, -0.7542448, 0.48779377), (-0.43306503, -0.73058707, 0.52791786), (-0.39249626, -0.746823, 0.5368446), (-0.43951347, -0.7542448, 0.48779377), (-0.47975677, -0.734619, 0.4797585), (-0.47248438, -0.7122897, 0.51903945), (-0.43306503, -0.73058707, 0.52791786), (-0.47975677, -0.734619, 0.4797585), (-0.5190386, -0.7122902, 0.4724846), (-0.51079416, -0.69150424, 0.5107947), (-0.47248438, -0.7122897, 0.51903945), (-0.5190386, -0.7122902, 0.4724846), (-0.55703104, -0.68694293, 0.46671808), (-0.5475327, -0.6680081, 0.50395745), (-0.51079416, -0.69150424, 0.5107947), (-0.55703104, -0.68694293, 0.46671808), (-0.59303373, -0.6586447, 0.4631394), (-0.5818121, -0.6419267, 0.4994246), (-0.5475327, -0.6680081, 0.50395745), (-0.59303373, -0.6586447, 0.4631394), (-0.62712395, -0.62712395, 0.46198604), (-0.6132138, -0.6132138, 0.49793348), (-0.5818121, -0.6419267, 0.4994246), (-0.0074880645, -0.81431526, 0.5803746), (-0.05152296, -0.81317395, 0.57973576), (-0.051114164, -0.78045565, 0.6231182), (-0.0073147523, -0.7813627, 0.6240343), (-0.05152296, -0.81317395, 0.57973576), (-0.11002114, -0.80864674, 0.577915), (-0.10917963, -0.776677, 0.62036496), (-0.051114164, -0.78045565, 0.6231182), (-0.11002114, -0.80864674, 0.577915), (-0.15155002, -0.80359674, 0.57555604), (-0.14995646, -0.77237195, 0.6172151), (-0.10917963, -0.776677, 0.62036496), (-0.15155002, -0.80359674, 0.57555604), (-0.18979007, -0.79788154, 0.5721581), (-0.1873295, -0.7673075, 0.61330813), (-0.14995646, -0.77237195, 0.6172151), (-0.18979007, -0.79788154, 0.5721581), (-0.22749738, -0.7913923, 0.5674002), (-0.22423537, -0.7613332, 0.60835046), (-0.1873295, -0.7673075, 0.61330813), (-0.22749738, -0.7913923, 0.5674002), (-0.26651827, -0.7835429, 0.561274), (-0.2627023, -0.7539141, 0.6021636), (-0.22423537, -0.7613332, 0.60835046), (-0.26651827, -0.7835429, 0.561274), (-0.30768275, -0.773662, 0.55387586), (-0.30365086, -0.7444502, 0.5946344), (-0.2627023, -0.7539141, 0.6021636), (-0.30768275, -0.773662, 0.55387586), (-0.3503927, -0.7612961, 0.5455761), (-0.34632015, -0.7326048, 0.58596295), (-0.30365086, -0.7444502, 0.5946344), (-0.3503927, -0.7612961, 0.5455761), (-0.39249626, -0.746823, 0.5368446), (-0.3881258, -0.71892107, 0.5766376), (-0.34632015, -0.7326048, 0.58596295), (-0.39249626, -0.746823, 0.5368446), (-0.43306503, -0.73058707, 0.52791786), (-0.42804348, -0.7038201, 0.5669357), (-0.3881258, -0.71892107, 0.5766376), (-0.43306503, -0.73058707, 0.52791786), (-0.47248438, -0.7122897, 0.51903945), (-0.46671772, -0.6869444, 0.5570295), (-0.42804348, -0.7038201, 0.5669357), (-0.47248438, -0.7122897, 0.51903945), (-0.51079416, -0.69150424, 0.5107947), (-0.5039565, -0.668009, 0.54753256), (-0.46671772, -0.6869444, 0.5570295), (-0.51079416, -0.69150424, 0.5107947), (-0.5475327, -0.6680081, 0.50395745), (-0.53900915, -0.6472553, 0.539008), (-0.5039565, -0.668009, 0.54753256), (-0.5475327, -0.6680081, 0.50395745), (-0.5818121, -0.6419267, 0.4994246), (-0.57119465, -0.62446886, 0.53270566), (-0.53900915, -0.6472553, 0.539008), (-0.5818121, -0.6419267, 0.4994246), (-0.6132138, -0.6132138, 0.49793348), (-0.59937847, -0.5993785, 0.5305571), (-0.57119465, -0.62446886, 0.53270566), (-0.0073147523, -0.7813627, 0.6240343), (-0.051114164, -0.78045565, 0.6231182), (-0.05047224, -0.7451843, 0.6649458), (-0.0071167527, -0.74595433, 0.6659592), (-0.051114164, -0.78045565, 0.6231182), (-0.10917963, -0.776677, 0.62036496), (-0.10814831, -0.7419284, 0.6616995), (-0.05047224, -0.7451843, 0.6649458), (-0.10917963, -0.776677, 0.62036496), (-0.14995646, -0.77237195, 0.6172151), (-0.14865047, -0.73810077, 0.6581111), (-0.10814831, -0.7419284, 0.6616995), (-0.14995646, -0.77237195, 0.6172151), (-0.1873295, -0.7673075, 0.61330813), (-0.18565361, -0.73345923, 0.6538886), (-0.14865047, -0.73810077, 0.6581111), (-0.1873295, -0.7673075, 0.61330813), (-0.22423537, -0.7613332, 0.60835046), (-0.22216782, -0.72783816, 0.64876276), (-0.18565361, -0.73345923, 0.6538886), (-0.22423537, -0.7613332, 0.60835046), (-0.2627023, -0.7539141, 0.6021636), (-0.2603628, -0.72077465, 0.64241344), (-0.22216782, -0.72783816, 0.64876276), (-0.2627023, -0.7539141, 0.6021636), (-0.30365086, -0.7444502, 0.5946344), (-0.30122393, -0.7117452, 0.63457304), (-0.2603628, -0.72077465, 0.64241344), (-0.30365086, -0.7444502, 0.5946344), (-0.34632015, -0.7326048, 0.58596295), (-0.34388337, -0.7005541, 0.6252746), (-0.30122393, -0.7117452, 0.63457304), (-0.34632015, -0.7326048, 0.58596295), (-0.3881258, -0.71892107, 0.5766376), (-0.38547012, -0.68781835, 0.61507607), (-0.34388337, -0.7005541, 0.6252746), (-0.3881258, -0.71892107, 0.5766376), (-0.42804348, -0.7038201, 0.5669357), (-0.42492625, -0.6739702, 0.6043193), (-0.38547012, -0.68781835, 0.61507607), (-0.42804348, -0.7038201, 0.5669357), (-0.46671772, -0.6869444, 0.5570295), (-0.4631378, -0.65864635, 0.593033), (-0.42492625, -0.6739702, 0.6043193), (-0.46671772, -0.6869444, 0.5570295), (-0.5039565, -0.668009, 0.54753256), (-0.4994254, -0.64192563, 0.5818126), (-0.4631378, -0.65864635, 0.593033), (-0.5039565, -0.668009, 0.54753256), (-0.53900915, -0.6472553, 0.539008), (-0.53270674, -0.62446946, 0.571193), (-0.4994254, -0.64192563, 0.5818126), (-0.53900915, -0.6472553, 0.539008), (-0.57119465, -0.62446886, 0.53270566), (-0.5623897, -0.6061642, 0.56239027), (-0.53270674, -0.62446946, 0.571193), (-0.57119465, -0.62446886, 0.53270566), (-0.59937847, -0.5993785, 0.5305571), (-0.5862331, -0.5862331, 0.5591615), (-0.5623897, -0.6061642, 0.56239027), (-0.0071167527, -0.74595433, 0.6659592), (-0.05047224, -0.7451843, 0.6649458), (-0.050025653, -0.7062231, 0.70621973), (-0.0069439006, -0.7070887, 0.7070908), (-0.05047224, -0.7451843, 0.6649458), (-0.10814831, -0.7419284, 0.6616995), (-0.10758822, -0.7030009, 0.7030038), (-0.050025653, -0.7062231, 0.70621973), (-0.10814831, -0.7419284, 0.6616995), (-0.14865047, -0.73810077, 0.6581111), (-0.14808105, -0.69931054, 0.6993116), (-0.10758822, -0.7030009, 0.7030038), (-0.14865047, -0.73810077, 0.6581111), (-0.18565361, -0.73345923, 0.6538886), (-0.18502805, -0.6948987, 0.69489604), (-0.14808105, -0.69931054, 0.6993116), (-0.18565361, -0.73345923, 0.6538886), (-0.22216782, -0.72783816, 0.64876276), (-0.22145858, -0.6895494, 0.6895491), (-0.18502805, -0.6948987, 0.69489604), (-0.22216782, -0.72783816, 0.64876276), (-0.2603628, -0.72077465, 0.64241344), (-0.25959432, -0.68286794, 0.68286324), (-0.22145858, -0.6895494, 0.6895491), (-0.2603628, -0.72077465, 0.64241344), (-0.30122393, -0.7117452, 0.63457304), (-0.3004386, -0.6744371, 0.67444146), (-0.25959432, -0.68286794, 0.68286324), (-0.30122393, -0.7117452, 0.63457304), (-0.34388337, -0.7005541, 0.6252746), (-0.34308884, -0.6641862, 0.6641889), (-0.3004386, -0.6744371, 0.67444146), (-0.34388337, -0.7005541, 0.6252746), (-0.38547012, -0.68781835, 0.61507607), (-0.38459948, -0.6527187, 0.6527184), (-0.34308884, -0.6641862, 0.6641889), (-0.38547012, -0.68781835, 0.61507607), (-0.42492625, -0.6739702, 0.6043193), (-0.4239057, -0.6404318, 0.64043033), (-0.38459948, -0.6527187, 0.6527184), (-0.42492625, -0.6739702, 0.6043193), (-0.4631378, -0.65864635, 0.593033), (-0.46198642, -0.6271233, 0.62712437), (-0.4239057, -0.6404318, 0.64043033), (-0.4631378, -0.65864635, 0.593033), (-0.4994254, -0.64192563, 0.5818126), (-0.49793237, -0.61321425, 0.61321414), (-0.46198642, -0.6271233, 0.62712437), (-0.4994254, -0.64192563, 0.5818126), (-0.53270674, -0.62446946, 0.571193), (-0.5305579, -0.5993801, 0.59937626), (-0.49793237, -0.61321425, 0.61321414), (-0.53270674, -0.62446946, 0.571193), (-0.5623897, -0.6061642, 0.56239027), (-0.5591633, -0.586232, 0.5862324), (-0.5305579, -0.5993801, 0.59937626), (-0.5623897, -0.6061642, 0.56239027), (-0.5862331, -0.5862331, 0.5591615), (-0.5773505, -0.57735056, 0.5773497), (-0.5591633, -0.586232, 0.5862324), (0.012576563, -0.99984187, 0.012576595), (-0.012576563, -0.99984175, 0.012576595), (-0.0023652446, -0.9988316, 0.048268914), (0.0023652446, -0.9988316, 0.048268914), (0.0023652446, -0.9988316, 0.048268914), (-0.0023652446, -0.9988316, 0.048268914), (-0.0021851563, -0.99529713, 0.09684448), (0.0021851566, -0.9952972, 0.096844494), (0.0021851566, -0.9952972, 0.096844494), (-0.0021851563, -0.99529713, 0.09684448), (-0.0028540993, -0.9893019, 0.1458548), (0.0028540993, -0.9893019, 0.14585479), (0.0028540993, -0.9893019, 0.14585479), (-0.0028540993, -0.9893019, 0.1458548), (-0.003671532, -0.98075575, 0.1952044), (0.0036715316, -0.98075575, 0.19520439), (0.0036715316, -0.98075575, 0.19520439), (-0.003671532, -0.98075575, 0.1952044), (-0.004606209, -0.96957237, 0.2447616), (0.004606209, -0.96957237, 0.24476162), (0.004606209, -0.96957237, 0.24476162), (-0.004606209, -0.96957237, 0.2447616), (-0.0054443483, -0.95568573, 0.29433855), (0.0054443483, -0.95568573, 0.29433855), (0.0054443483, -0.95568573, 0.29433855), (-0.0054443483, -0.95568573, 0.29433855), (-0.0060999566, -0.9390455, 0.34373868), (0.0060999575, -0.93904555, 0.34373868), (0.0060999575, -0.93904555, 0.34373868), (-0.0060999566, -0.9390455, 0.34373868), (-0.0066590505, -0.9196213, 0.3927498), (0.0066590505, -0.9196213, 0.3927498), (0.0066590505, -0.9196213, 0.3927498), (-0.0066590505, -0.9196213, 0.3927498), (-0.00713417, -0.89740604, 0.44114786), (0.00713417, -0.89740604, 0.44114786), (0.00713417, -0.89740604, 0.44114786), (-0.00713417, -0.89740604, 0.44114786), (-0.007438229, -0.87241817, 0.4887037), (0.007438229, -0.87241817, 0.4887037), (0.007438229, -0.87241817, 0.4887037), (-0.007438229, -0.87241817, 0.4887037), (-0.0075182356, -0.8446983, 0.5351898), (0.0075182356, -0.8446983, 0.53518987), (0.0075182356, -0.8446983, 0.53518987), (-0.0075182356, -0.8446983, 0.5351898), (-0.0074880645, -0.81431526, 0.5803746), (0.0074880635, -0.81431526, 0.58037454), (0.0074880635, -0.81431526, 0.58037454), (-0.0074880645, -0.81431526, 0.5803746), (-0.0073147523, -0.7813627, 0.6240343), (0.0073147523, -0.7813627, 0.6240343), (0.0073147523, -0.7813627, 0.6240343), (-0.0073147523, -0.7813627, 0.6240343), (-0.0071167527, -0.74595433, 0.6659592), (0.0071167527, -0.74595433, 0.6659592), (0.0071167527, -0.74595433, 0.6659592), (-0.0071167527, -0.74595433, 0.6659592), (-0.0069439006, -0.7070887, 0.7070908), (0.0069439006, -0.7070887, 0.7070908), (0.012576563, -0.99984187, 0.012576595), (0.0023652446, -0.9988316, 0.048268914), (0.04158221, -0.99826944, 0.041582573), (0.04826888, -0.99883157, 0.0023734923), (0.0023652446, -0.9988316, 0.048268914), (0.0021851566, -0.9952972, 0.096844494), (0.035897262, -0.99423677, 0.10101857), (0.04158221, -0.99826944, 0.041582573), (0.0021851566, -0.9952972, 0.096844494), (0.0028540993, -0.9893019, 0.14585479), (0.035291687, -0.9880625, 0.14995651), (0.035897262, -0.99423677, 0.10101857), (0.0028540993, -0.9893019, 0.14585479), (0.0036715316, -0.98075575, 0.19520439), (0.037705537, -0.9792666, 0.19903603), (0.035291687, -0.9880625, 0.14995651), (0.0036715316, -0.98075575, 0.19520439), (0.004606209, -0.96957237, 0.24476162), (0.0406713, -0.96785545, 0.24819635), (0.037705537, -0.9792666, 0.19903603), (0.004606209, -0.96957237, 0.24476162), (0.0054443483, -0.95568573, 0.29433855), (0.04351612, -0.9538396, 0.29714692), (0.0406713, -0.96785545, 0.24819635), (0.0054443483, -0.95568573, 0.29433855), (0.0060999575, -0.93904555, 0.34373868), (0.045943443, -0.9371337, 0.34593287), (0.04351612, -0.9538396, 0.29714692), (0.0060999575, -0.93904555, 0.34373868), (0.0066590505, -0.9196213, 0.3927498), (0.048064332, -0.9176825, 0.3943964), (0.045943443, -0.9371337, 0.34593287), (0.0066590505, -0.9196213, 0.3927498), (0.00713417, -0.89740604, 0.44114786), (0.049834535, -0.89553875, 0.44218424), (0.048064332, -0.9176825, 0.3943964), (0.00713417, -0.89740604, 0.44114786), (0.007438229, -0.87241817, 0.4887037), (0.051004555, -0.87075615, 0.48906267), (0.049834535, -0.89553875, 0.44218424), (0.007438229, -0.87241817, 0.4887037), (0.0075182356, -0.8446983, 0.53518987), (0.051495902, -0.8432941, 0.53497976), (0.051004555, -0.87075615, 0.48906267), (0.0075182356, -0.8446983, 0.53518987), (0.0074880635, -0.81431526, 0.58037454), (0.05152295, -0.8131739, 0.57973576), (0.051495902, -0.8432941, 0.53497976), (0.0074880635, -0.81431526, 0.58037454), (0.0073147523, -0.7813627, 0.6240343), (0.051114164, -0.78045565, 0.6231182), (0.05152295, -0.8131739, 0.57973576), (0.0073147523, -0.7813627, 0.6240343), (0.0071167527, -0.74595433, 0.6659592), (0.05047224, -0.7451843, 0.6649458), (0.051114164, -0.78045565, 0.6231182), (0.0071167527, -0.74595433, 0.6659592), (0.0069439006, -0.7070887, 0.7070908), (0.050025653, -0.7062231, 0.70621973), (0.05047224, -0.7451843, 0.6649458), (0.04826888, -0.99883157, 0.0023734923), (0.04158221, -0.99826944, 0.041582573), (0.10101875, -0.99423665, 0.035897065), (0.09684501, -0.995297, 0.0022007616), (0.04158221, -0.99826944, 0.041582573), (0.035897262, -0.99423677, 0.10101857), (0.097821005, -0.9903848, 0.09782061), (0.10101875, -0.99423665, 0.035897065), (0.035897262, -0.99423677, 0.10101857), (0.035291687, -0.9880625, 0.14995651), (0.09559384, -0.9831783, 0.15563506), (0.097821005, -0.9903848, 0.09782061), (0.035291687, -0.9880625, 0.14995651), (0.037705537, -0.9792666, 0.19903603), (0.09657761, -0.9733677, 0.2079136), (0.09559384, -0.9831783, 0.15563506), (0.037705537, -0.9792666, 0.19903603), (0.0406713, -0.96785545, 0.24819635), (0.098852806, -0.9614571, 0.25657058), (0.09657761, -0.9733677, 0.2079136), (0.0406713, -0.96785545, 0.24819635), (0.04351612, -0.9538396, 0.29714692), (0.10161214, -0.94711477, 0.30438223), (0.098852806, -0.9614571, 0.25657058), (0.04351612, -0.9538396, 0.29714692), (0.045943443, -0.9371337, 0.34593287), (0.10442994, -0.9302442, 0.35176733), (0.10161214, -0.94711477, 0.30438223), (0.045943443, -0.9371337, 0.34593287), (0.048064332, -0.9176825, 0.3943964), (0.10696372, -0.9108193, 0.39870682), (0.10442994, -0.9302442, 0.35176733), (0.048064332, -0.9176825, 0.3943964), (0.049834535, -0.89553875, 0.44218424), (0.10892191, -0.8889761, 0.44481182), (0.10696372, -0.9108193, 0.39870682), (0.049834535, -0.89553875, 0.44218424), (0.051004555, -0.87075615, 0.48906267), (0.11007111, -0.8647564, 0.48998034), (0.10892191, -0.8889761, 0.44481182), (0.051004555, -0.87075615, 0.48906267), (0.051495902, -0.8432941, 0.53497976), (0.11039374, -0.8380012, 0.5343848), (0.11007111, -0.8647564, 0.48998034), (0.051495902, -0.8432941, 0.53497976), (0.05152295, -0.8131739, 0.57973576), (0.11002115, -0.80864674, 0.577915), (0.11039374, -0.8380012, 0.5343848), (0.05152295, -0.8131739, 0.57973576), (0.051114164, -0.78045565, 0.6231182), (0.10917963, -0.776677, 0.62036496), (0.11002115, -0.80864674, 0.577915), (0.051114164, -0.78045565, 0.6231182), (0.05047224, -0.7451843, 0.6649458), (0.10814831, -0.7419284, 0.6616995), (0.10917963, -0.776677, 0.62036496), (0.05047224, -0.7451843, 0.6649458), (0.050025653, -0.7062231, 0.70621973), (0.10758822, -0.7030009, 0.7030038), (0.10814831, -0.7419284, 0.6616995), (0.09684501, -0.995297, 0.0022007616), (0.10101875, -0.99423665, 0.035897065), (0.14995673, -0.98806244, 0.035291545), (0.14585473, -0.98930186, 0.0028763104), (0.10101875, -0.99423665, 0.035897065), (0.097821005, -0.9903848, 0.09782061), (0.15563531, -0.9831783, 0.0955934), (0.14995673, -0.98806244, 0.035291545), (0.097821005, -0.9903848, 0.09782061), (0.09559384, -0.9831783, 0.15563506), (0.15582302, -0.9754171, 0.15582283), (0.15563531, -0.9831783, 0.0955934), (0.09559384, -0.9831783, 0.15563506), (0.09657761, -0.9733677, 0.2079136), (0.15414762, -0.9653279, 0.21066709), (0.15582302, -0.9754171, 0.15582283), (0.09657761, -0.9733677, 0.2079136), (0.098852806, -0.9614571, 0.25657058), (0.15334226, -0.9530774, 0.2610168), (0.15414762, -0.9653279, 0.21066709), (0.098852806, -0.9614571, 0.25657058), (0.10161214, -0.94711477, 0.30438223), (0.1534212, -0.9384632, 0.30943274), (0.15334226, -0.9530774, 0.2610168), (0.10161214, -0.94711477, 0.30438223), (0.10442994, -0.9302442, 0.35176733), (0.15406626, -0.9215762, 0.35631597), (0.1534212, -0.9384632, 0.30943274), (0.10442994, -0.9302442, 0.35176733), (0.10696372, -0.9108193, 0.39870682), (0.15463072, -0.9025242, 0.40191978), (0.15406626, -0.9215762, 0.35631597), (0.10696372, -0.9108193, 0.39870682), (0.10892191, -0.8889761, 0.44481182), (0.15465702, -0.88134474, 0.44644433), (0.15463072, -0.9025242, 0.40191978), (0.10892191, -0.8889761, 0.44481182), (0.11007111, -0.8647564, 0.48998034), (0.15410492, -0.85792834, 0.49011308), (0.15465702, -0.88134474, 0.44644433), (0.11007111, -0.8647564, 0.48998034), (0.11039374, -0.8380012, 0.5343848), (0.15304117, -0.83206296, 0.5331506), (0.15410492, -0.85792834, 0.49011308), (0.11039374, -0.8380012, 0.5343848), (0.11002115, -0.80864674, 0.577915), (0.15155002, -0.80359674, 0.57555604), (0.15304117, -0.83206296, 0.5331506), (0.11002115, -0.80864674, 0.577915), (0.10917963, -0.776677, 0.62036496), (0.14995646, -0.77237195, 0.61721516), (0.15155002, -0.80359674, 0.57555604), (0.10917963, -0.776677, 0.62036496), (0.10814831, -0.7419284, 0.6616995), (0.14865047, -0.7381008, 0.6581111), (0.14995646, -0.77237195, 0.61721516), (0.10814831, -0.7419284, 0.6616995), (0.10758822, -0.7030009, 0.7030038), (0.14808105, -0.69931054, 0.6993116), (0.14865047, -0.7381008, 0.6581111), (0.14585473, -0.98930186, 0.0028763104), (0.14995673, -0.98806244, 0.035291545), (0.19903566, -0.9792666, 0.037705995), (0.19520438, -0.98075557, 0.0037003197), (0.14995673, -0.98806244, 0.035291545), (0.15563531, -0.9831783, 0.0955934), (0.20791343, -0.9733679, 0.09657695), (0.19903566, -0.9792666, 0.037705995), (0.15563531, -0.9831783, 0.0955934), (0.15582302, -0.9754171, 0.15582283), (0.21066652, -0.9653279, 0.15414777), (0.20791343, -0.9733679, 0.09657695), (0.15582302, -0.9754171, 0.15582283), (0.15414762, -0.9653279, 0.21066709), (0.20961332, -0.9550521, 0.20961368), (0.21066652, -0.9653279, 0.15414777), (0.15414762, -0.9653279, 0.21066709), (0.15334226, -0.9530774, 0.2610168), (0.20780076, -0.9424937, 0.26177162), (0.20961332, -0.9550521, 0.20961368), (0.15334226, -0.9530774, 0.2610168), (0.1534212, -0.9384632, 0.30943274), (0.20579153, -0.92783076, 0.31109458), (0.20780076, -0.9424937, 0.26177162), (0.1534212, -0.9384632, 0.30943274), (0.15406626, -0.9215762, 0.35631597), (0.2036965, -0.9113117, 0.35779685), (0.20579153, -0.92783076, 0.31109458), (0.15406626, -0.9215762, 0.35631597), (0.15463072, -0.9025242, 0.40191978), (0.20135607, -0.8930437, 0.40240374), (0.2036965, -0.9113117, 0.35779685), (0.15463072, -0.9025242, 0.40191978), (0.15465702, -0.88134474, 0.44644433), (0.1986372, -0.8728405, 0.4457497), (0.20135607, -0.8930437, 0.40240374), (0.15465702, -0.88134474, 0.44644433), (0.15410492, -0.85792834, 0.49011308), (0.19568497, -0.850403, 0.48838726), (0.1986372, -0.8728405, 0.4457497), (0.15410492, -0.85792834, 0.49011308), (0.15304117, -0.83206296, 0.5331506), (0.19267894, -0.8254923, 0.5305066), (0.19568497, -0.850403, 0.48838726), (0.15304117, -0.83206296, 0.5331506), (0.15155002, -0.80359674, 0.57555604), (0.18979007, -0.7978814, 0.5721581), (0.19267894, -0.8254923, 0.5305066), (0.15155002, -0.80359674, 0.57555604), (0.14995646, -0.77237195, 0.61721516), (0.18732949, -0.76730746, 0.6133081), (0.18979007, -0.7978814, 0.5721581), (0.14995646, -0.77237195, 0.61721516), (0.14865047, -0.7381008, 0.6581111), (0.1856536, -0.73345923, 0.6538885), (0.18732949, -0.76730746, 0.6133081), (0.14865047, -0.7381008, 0.6581111), (0.14808105, -0.69931054, 0.6993116), (0.18502805, -0.6948987, 0.69489604), (0.1856536, -0.73345923, 0.6538885), (0.19520438, -0.98075557, 0.0037003197), (0.19903566, -0.9792666, 0.037705995), (0.24819565, -0.9678557, 0.040671214), (0.24476223, -0.96957195, 0.004639091), (0.19903566, -0.9792666, 0.037705995), (0.20791343, -0.9733679, 0.09657695), (0.25657067, -0.96145713, 0.09885219), (0.24819565, -0.9678557, 0.040671214), (0.20791343, -0.9733679, 0.09657695), (0.21066652, -0.9653279, 0.15414777), (0.26101735, -0.9530772, 0.15334234), (0.25657067, -0.96145713, 0.09885219), (0.21066652, -0.9653279, 0.15414777), (0.20961332, -0.9550521, 0.20961368), (0.26177147, -0.9424937, 0.20780145), (0.26101735, -0.9530772, 0.15334234), (0.20961332, -0.9550521, 0.20961368), (0.20780076, -0.9424937, 0.26177162), (0.2600588, -0.9299135, 0.2600579), (0.26177147, -0.9424937, 0.20780145), (0.20780076, -0.9424937, 0.26177162), (0.20579153, -0.92783076, 0.31109458), (0.25662985, -0.9157079, 0.3092252), (0.2600588, -0.9299135, 0.2600579), (0.20579153, -0.92783076, 0.31109458), (0.2036965, -0.9113117, 0.35779685), (0.25210238, -0.9000542, 0.35545298), (0.25662985, -0.9157079, 0.3092252), (0.2036965, -0.9113117, 0.35779685), (0.20135607, -0.8930437, 0.40240374), (0.24700555, -0.8828814, 0.39938515), (0.25210238, -0.9000542, 0.35545298), (0.20135607, -0.8930437, 0.40240374), (0.1986372, -0.8728405, 0.4457497), (0.24172458, -0.8637731, 0.44211444), (0.24700555, -0.8828814, 0.39938515), (0.1986372, -0.8728405, 0.4457497), (0.19568497, -0.850403, 0.48838726), (0.2365278, -0.84233284, 0.484283), (0.24172458, -0.8637731, 0.44211444), (0.19568497, -0.850403, 0.48838726), (0.19267894, -0.8254923, 0.5305066), (0.23169492, -0.81829566, 0.52603215), (0.2365278, -0.84233284, 0.484283), (0.19267894, -0.8254923, 0.5305066), (0.18979007, -0.7978814, 0.5721581), (0.22749743, -0.7913924, 0.56740034), (0.23169492, -0.81829566, 0.52603215), (0.18979007, -0.7978814, 0.5721581), (0.18732949, -0.76730746, 0.6133081), (0.22423537, -0.7613332, 0.60835046), (0.22749743, -0.7913924, 0.56740034), (0.18732949, -0.76730746, 0.6133081), (0.1856536, -0.73345923, 0.6538885), (0.2221678, -0.72783816, 0.64876276), (0.22423537, -0.7613332, 0.60835046), (0.1856536, -0.73345923, 0.6538885), (0.18502805, -0.6948987, 0.69489604), (0.22145858, -0.6895494, 0.6895491), (0.2221678, -0.72783816, 0.64876276), (0.24476223, -0.96957195, 0.004639091), (0.24819565, -0.9678557, 0.040671214), (0.29714718, -0.95383954, 0.04351658), (0.29433826, -0.95568556, 0.0054804226), (0.24819565, -0.9678557, 0.040671214), (0.25657067, -0.96145713, 0.09885219), (0.30438298, -0.9471145, 0.10161275), (0.29714718, -0.95383954, 0.04351658), (0.25657067, -0.96145713, 0.09885219), (0.26101735, -0.9530772, 0.15334234), (0.30943367, -0.93846303, 0.1534207), (0.30438298, -0.9471145, 0.10161275), (0.26101735, -0.9530772, 0.15334234), (0.26177147, -0.9424937, 0.20780145), (0.31109586, -0.9278303, 0.2057921), (0.30943367, -0.93846303, 0.1534207), (0.26177147, -0.9424937, 0.20780145), (0.2600588, -0.9299135, 0.2600579), (0.30922496, -0.915708, 0.2566299), (0.31109586, -0.9278303, 0.2057921), (0.2600588, -0.9299135, 0.2600579), (0.25662985, -0.9157079, 0.3092252), (0.30469078, -0.902401, 0.30469), (0.30922496, -0.915708, 0.2566299), (0.25662985, -0.9157079, 0.3092252), (0.25210238, -0.9000542, 0.35545298), (0.29841107, -0.887884, 0.35016096), (0.30469078, -0.902401, 0.30469), (0.25210238, -0.9000542, 0.35545298), (0.24700555, -0.8828814, 0.39938515), (0.29140562, -0.87184286, 0.39366576), (0.29841107, -0.887884, 0.35016096), (0.24700555, -0.8828814, 0.39938515), (0.24172458, -0.8637731, 0.44211444), (0.28437772, -0.8537423, 0.4361805), (0.29140562, -0.87184286, 0.39366576), (0.24172458, -0.8637731, 0.44211444), (0.2365278, -0.84233284, 0.484283), (0.27766052, -0.83318275, 0.47823763), (0.28437772, -0.8537423, 0.4361805), (0.2365278, -0.84233284, 0.484283), (0.23169492, -0.81829566, 0.52603215), (0.2716022, -0.809877, 0.51993406), (0.27766052, -0.83318275, 0.47823763), (0.23169492, -0.81829566, 0.52603215), (0.22749743, -0.7913924, 0.56740034), (0.26651827, -0.7835429, 0.56127405), (0.2716022, -0.809877, 0.51993406), (0.22749743, -0.7913924, 0.56740034), (0.22423537, -0.7613332, 0.60835046), (0.2627023, -0.7539141, 0.6021636), (0.26651827, -0.7835429, 0.56127405), (0.22423537, -0.7613332, 0.60835046), (0.2221678, -0.72783816, 0.64876276), (0.2603628, -0.72077465, 0.64241344), (0.2627023, -0.7539141, 0.6021636), (0.2221678, -0.72783816, 0.64876276), (0.22145858, -0.6895494, 0.6895491), (0.25959432, -0.68286794, 0.68286324), (0.2603628, -0.72077465, 0.64241344), (0.29433826, -0.95568556, 0.0054804226), (0.29714718, -0.95383954, 0.04351658), (0.34593296, -0.93713367, 0.045944598), (0.343739, -0.9390452, 0.006139337), (0.29714718, -0.95383954, 0.04351658), (0.30438298, -0.9471145, 0.10161275), (0.35176733, -0.9302442, 0.1044297), (0.34593296, -0.93713367, 0.045944598), (0.30438298, -0.9471145, 0.10161275), (0.30943367, -0.93846303, 0.1534207), (0.3563155, -0.92157626, 0.15406667), (0.35176733, -0.9302442, 0.1044297), (0.30943367, -0.93846303, 0.1534207), (0.31109586, -0.9278303, 0.2057921), (0.35779586, -0.9113123, 0.20369582), (0.3563155, -0.92157626, 0.15406667), (0.31109586, -0.9278303, 0.2057921), (0.30922496, -0.915708, 0.2566299), (0.35545176, -0.90005505, 0.25210106), (0.35779586, -0.9113123, 0.20369582), (0.30922496, -0.915708, 0.2566299), (0.30469078, -0.902401, 0.30469), (0.35016194, -0.8878836, 0.29841137), (0.35545176, -0.90005505, 0.25210106), (0.30469078, -0.902401, 0.30469), (0.29841107, -0.887884, 0.35016096), (0.34294197, -0.87451786, 0.34294203), (0.35016194, -0.8878836, 0.29841137), (0.29841107, -0.887884, 0.35016096), (0.29140562, -0.87184286, 0.39366576), (0.33499333, -0.8594444, 0.3861799), (0.34294197, -0.87451786, 0.34294203), (0.29140562, -0.87184286, 0.39366576), (0.28437772, -0.8537423, 0.4361805), (0.32712862, -0.8421444, 0.4286953), (0.33499333, -0.8594444, 0.3861799), (0.28437772, -0.8537423, 0.4361805), (0.27766052, -0.83318275, 0.47823763), (0.31972203, -0.8222674, 0.47080156), (0.32712862, -0.8421444, 0.4286953), (0.27766052, -0.83318275, 0.47823763), (0.2716022, -0.809877, 0.51993406), (0.31313193, -0.79952663, 0.5125481), (0.31972203, -0.8222674, 0.47080156), (0.2716022, -0.809877, 0.51993406), (0.26651827, -0.7835429, 0.56127405), (0.30768275, -0.773662, 0.55387586), (0.31313193, -0.79952663, 0.5125481), (0.26651827, -0.7835429, 0.56127405), (0.2627023, -0.7539141, 0.6021636), (0.30365086, -0.7444502, 0.5946345), (0.30768275, -0.773662, 0.55387586), (0.2627023, -0.7539141, 0.6021636), (0.2603628, -0.72077465, 0.64241344), (0.3012239, -0.71174514, 0.634573), (0.30365086, -0.7444502, 0.5946345), (0.2603628, -0.72077465, 0.64241344), (0.25959432, -0.68286794, 0.68286324), (0.3004386, -0.6744371, 0.67444146), (0.3012239, -0.71174514, 0.634573), (0.343739, -0.9390452, 0.006139337), (0.34593296, -0.93713367, 0.045944598), (0.39439633, -0.91768265, 0.048064172), (0.3927506, -0.91962063, 0.006697902), (0.34593296, -0.93713367, 0.045944598), (0.35176733, -0.9302442, 0.1044297), (0.3987064, -0.9108194, 0.10696349), (0.39439633, -0.91768265, 0.048064172), (0.35176733, -0.9302442, 0.1044297), (0.3563155, -0.92157626, 0.15406667), (0.4019202, -0.90252423, 0.15462951), (0.3987064, -0.9108194, 0.10696349), (0.3563155, -0.92157626, 0.15406667), (0.35779586, -0.9113123, 0.20369582), (0.4024033, -0.89304394, 0.201356), (0.4019202, -0.90252423, 0.15462951), (0.35779586, -0.9113123, 0.20369582), (0.35545176, -0.90005505, 0.25210106), (0.39938572, -0.8828807, 0.24700767), (0.4024033, -0.89304394, 0.201356), (0.35545176, -0.90005505, 0.25210106), (0.35016194, -0.8878836, 0.29841137), (0.39366624, -0.87184256, 0.2914062), (0.39938572, -0.8828807, 0.24700767), (0.35016194, -0.8878836, 0.29841137), (0.34294197, -0.87451786, 0.34294203), (0.38618, -0.85944474, 0.33499223), (0.39366624, -0.87184256, 0.2914062), (0.34294197, -0.87451786, 0.34294203), (0.33499333, -0.8594444, 0.3861799), (0.37803903, -0.84508735, 0.3780396), (0.38618, -0.85944474, 0.33499223), (0.33499333, -0.8594444, 0.3861799), (0.32712862, -0.8421444, 0.4286953), (0.37005484, -0.8283379, 0.42061356), (0.37803903, -0.84508735, 0.3780396), (0.32712862, -0.8421444, 0.4286953), (0.31972203, -0.8222674, 0.47080156), (0.36256668, -0.8089572, 0.4627459), (0.37005484, -0.8283379, 0.42061356), (0.31972203, -0.8222674, 0.47080156), (0.31313193, -0.79952663, 0.5125481), (0.35590586, -0.78668797, 0.5044334), (0.36256668, -0.8089572, 0.4627459), (0.31313193, -0.79952663, 0.5125481), (0.30768275, -0.773662, 0.55387586), (0.3503927, -0.7612961, 0.5455761), (0.35590586, -0.78668797, 0.5044334), (0.30768275, -0.773662, 0.55387586), (0.30365086, -0.7444502, 0.5946345), (0.34632015, -0.7326048, 0.58596295), (0.3503927, -0.7612961, 0.5455761), (0.30365086, -0.7444502, 0.5946345), (0.3012239, -0.71174514, 0.634573), (0.34388337, -0.7005541, 0.62527454), (0.34632015, -0.7326048, 0.58596295), (0.3012239, -0.71174514, 0.634573), (0.3004386, -0.6744371, 0.67444146), (0.34308884, -0.6641862, 0.6641889), (0.34388337, -0.7005541, 0.62527454), (0.3927506, -0.91962063, 0.006697902), (0.39439633, -0.91768265, 0.048064172), (0.44218367, -0.895539, 0.049834516), (0.44114712, -0.8974062, 0.007172541), (0.39439633, -0.91768265, 0.048064172), (0.3987064, -0.9108194, 0.10696349), (0.44481096, -0.8889766, 0.108922556), (0.44218367, -0.895539, 0.049834516), (0.3987064, -0.9108194, 0.10696349), (0.4019202, -0.90252423, 0.15462951), (0.44644448, -0.8813447, 0.1546573), (0.44481096, -0.8889766, 0.108922556), (0.4019202, -0.90252423, 0.15462951), (0.4024033, -0.89304394, 0.201356), (0.4457512, -0.8728398, 0.19863662), (0.44644448, -0.8813447, 0.1546573), (0.4024033, -0.89304394, 0.201356), (0.39938572, -0.8828807, 0.24700767), (0.44211587, -0.8637726, 0.24172415), (0.4457512, -0.8728398, 0.19863662), (0.39938572, -0.8828807, 0.24700767), (0.39366624, -0.87184256, 0.2914062), (0.4361783, -0.85374343, 0.28437757), (0.44211587, -0.8637726, 0.24172415), (0.39366624, -0.87184256, 0.2914062), (0.38618, -0.85944474, 0.33499223), (0.4286939, -0.8421456, 0.32712725), (0.4361783, -0.85374343, 0.28437757), (0.38618, -0.85944474, 0.33499223), (0.37803903, -0.84508735, 0.3780396), (0.42061436, -0.82833743, 0.37005478), (0.4286939, -0.8421456, 0.32712725), (0.37803903, -0.84508735, 0.3780396), (0.37005484, -0.8283379, 0.42061356), (0.41266003, -0.8120479, 0.412662), (0.42061436, -0.82833743, 0.37005478), (0.37005484, -0.8283379, 0.42061356), (0.36256668, -0.8089572, 0.4627459), (0.40512243, -0.7931879, 0.45467436), (0.41266003, -0.8120479, 0.412662), (0.36256668, -0.8089572, 0.4627459), (0.35590586, -0.78668797, 0.5044334), (0.39828932, -0.7715208, 0.49610603), (0.40512243, -0.7931879, 0.45467436), (0.35590586, -0.78668797, 0.5044334), (0.3503927, -0.7612961, 0.5455761), (0.39249626, -0.746823, 0.5368446), (0.39828932, -0.7715208, 0.49610603), (0.3503927, -0.7612961, 0.5455761), (0.34632015, -0.7326048, 0.58596295), (0.3881258, -0.71892107, 0.5766376), (0.39249626, -0.746823, 0.5368446), (0.34632015, -0.7326048, 0.58596295), (0.34388337, -0.7005541, 0.62527454), (0.38547015, -0.68781835, 0.6150761), (0.3881258, -0.71892107, 0.5766376), (0.34388337, -0.7005541, 0.62527454), (0.34308884, -0.6641862, 0.6641889), (0.38459948, -0.6527187, 0.6527184), (0.38547015, -0.68781835, 0.6150761), (0.44114712, -0.8974062, 0.007172541), (0.44218367, -0.895539, 0.049834516), (0.48906156, -0.87075675, 0.05100429), (0.48870397, -0.8724176, 0.0074743163), (0.44218367, -0.895539, 0.049834516), (0.44481096, -0.8889766, 0.108922556), (0.48997977, -0.8647566, 0.110071994), (0.48906156, -0.87075675, 0.05100429), (0.44481096, -0.8889766, 0.108922556), (0.44644448, -0.8813447, 0.1546573), (0.49011207, -0.85792863, 0.15410665), (0.48997977, -0.8647566, 0.110071994), (0.44644448, -0.8813447, 0.1546573), (0.4457512, -0.8728398, 0.19863662), (0.488386, -0.85040337, 0.19568612), (0.49011207, -0.85792863, 0.15410665), (0.4457512, -0.8728398, 0.19863662), (0.44211587, -0.8637726, 0.24172415), (0.48428383, -0.8423331, 0.23652565), (0.488386, -0.85040337, 0.19568612), (0.44211587, -0.8637726, 0.24172415), (0.4361783, -0.85374343, 0.28437757), (0.4782392, -0.8331827, 0.27765787), (0.48428383, -0.8423331, 0.23652565), (0.4361783, -0.85374343, 0.28437757), (0.4286939, -0.8421456, 0.32712725), (0.47080147, -0.82226664, 0.31972408), (0.4782392, -0.8331827, 0.27765787), (0.4286939, -0.8421456, 0.32712725), (0.42061436, -0.82833743, 0.37005478), (0.4627468, -0.8089563, 0.36256722), (0.47080147, -0.82226664, 0.31972408), (0.42061436, -0.82833743, 0.37005478), (0.41266003, -0.8120479, 0.412662), (0.45467377, -0.7931886, 0.4051217), (0.4627468, -0.8089563, 0.36256722), (0.41266003, -0.8120479, 0.412662), (0.40512243, -0.7931879, 0.45467436), (0.44684365, -0.77502304, 0.44684443), (0.45467377, -0.7931886, 0.4051217), (0.40512243, -0.7931879, 0.45467436), (0.39828932, -0.7715208, 0.49610603), (0.43951347, -0.7542448, 0.48779377), (0.44684365, -0.77502304, 0.44684443), (0.39828932, -0.7715208, 0.49610603), (0.39249626, -0.746823, 0.5368446), (0.43306503, -0.73058707, 0.52791786), (0.43951347, -0.7542448, 0.48779377), (0.39249626, -0.746823, 0.5368446), (0.3881258, -0.71892107, 0.5766376), (0.42804343, -0.7038201, 0.5669357), (0.43306503, -0.73058707, 0.52791786), (0.3881258, -0.71892107, 0.5766376), (0.38547015, -0.68781835, 0.6150761), (0.42492625, -0.6739702, 0.60431933), (0.42804343, -0.7038201, 0.5669357), (0.38547015, -0.68781835, 0.6150761), (0.38459948, -0.6527187, 0.6527184), (0.4239057, -0.6404318, 0.64043033), (0.42492625, -0.6739702, 0.60431933), (0.48870397, -0.8724176, 0.0074743163), (0.48906156, -0.87075675, 0.05100429), (0.53497946, -0.8432943, 0.05149412), (0.5351901, -0.844698, 0.007548165), (0.48906156, -0.87075675, 0.05100429), (0.48997977, -0.8647566, 0.110071994), (0.53438514, -0.8380009, 0.11039454), (0.53497946, -0.8432943, 0.05149412), (0.48997977, -0.8647566, 0.110071994), (0.49011207, -0.85792863, 0.15410665), (0.5331505, -0.832063, 0.15304099), (0.53438514, -0.8380009, 0.11039454), (0.49011207, -0.85792863, 0.15410665), (0.488386, -0.85040337, 0.19568612), (0.5305062, -0.8254922, 0.19268046), (0.5331505, -0.832063, 0.15304099), (0.488386, -0.85040337, 0.19568612), (0.48428383, -0.8423331, 0.23652565), (0.52603066, -0.8182958, 0.23169737), (0.5305062, -0.8254922, 0.19268046), (0.48428383, -0.8423331, 0.23652565), (0.4782392, -0.8331827, 0.27765787), (0.5199341, -0.8098775, 0.2716007), (0.52603066, -0.8182958, 0.23169737), (0.4782392, -0.8331827, 0.27765787), (0.47080147, -0.82226664, 0.31972408), (0.5125496, -0.79952645, 0.31313), (0.5199341, -0.8098775, 0.2716007), (0.47080147, -0.82226664, 0.31972408), (0.4627468, -0.8089563, 0.36256722), (0.50443256, -0.78668904, 0.3559051), (0.5125496, -0.79952645, 0.31313), (0.4627468, -0.8089563, 0.36256722), (0.45467377, -0.7931886, 0.4051217), (0.4961069, -0.7715204, 0.39828917), (0.50443256, -0.78668904, 0.3559051), (0.45467377, -0.7931886, 0.4051217), (0.44684365, -0.77502304, 0.44684443), (0.48779377, -0.7542444, 0.43951407), (0.4961069, -0.7715204, 0.39828917), (0.44684365, -0.77502304, 0.44684443), (0.43951347, -0.7542448, 0.48779377), (0.47975677, -0.7346191, 0.4797585), (0.48779377, -0.7542444, 0.43951407), (0.43951347, -0.7542448, 0.48779377), (0.43306503, -0.73058707, 0.52791786), (0.47248438, -0.7122897, 0.51903945), (0.47975677, -0.7346191, 0.4797585), (0.43306503, -0.73058707, 0.52791786), (0.42804343, -0.7038201, 0.5669357), (0.46671772, -0.6869444, 0.5570295), (0.47248438, -0.7122897, 0.51903945), (0.42804343, -0.7038201, 0.5669357), (0.42492625, -0.6739702, 0.60431933), (0.4631378, -0.65864635, 0.593033), (0.46671772, -0.6869444, 0.5570295), (0.42492625, -0.6739702, 0.60431933), (0.4239057, -0.6404318, 0.64043033), (0.46198642, -0.6271233, 0.62712437), (0.4631378, -0.65864635, 0.593033), (0.5351901, -0.844698, 0.007548165), (0.53497946, -0.8432943, 0.05149412), (0.57973576, -0.81317395, 0.05152253), (0.58037287, -0.81431615, 0.0075134723), (0.53497946, -0.8432943, 0.05149412), (0.53438514, -0.8380009, 0.11039454), (0.577916, -0.8086459, 0.11002262), (0.57973576, -0.81317395, 0.05152253), (0.53438514, -0.8380009, 0.11039454), (0.5331505, -0.832063, 0.15304099), (0.5755571, -0.80359584, 0.15155093), (0.577916, -0.8086459, 0.11002262), (0.5331505, -0.832063, 0.15304099), (0.5305062, -0.8254922, 0.19268046), (0.5721591, -0.79788077, 0.18979), (0.5755571, -0.80359584, 0.15155093), (0.5305062, -0.8254922, 0.19268046), (0.52603066, -0.8182958, 0.23169737), (0.5673998, -0.79139316, 0.22749577), (0.5721591, -0.79788077, 0.18979), (0.52603066, -0.8182958, 0.23169737), (0.5199341, -0.8098775, 0.2716007), (0.5612723, -0.78354406, 0.26651865), (0.5673998, -0.79139316, 0.22749577), (0.5199341, -0.8098775, 0.2716007), (0.5125496, -0.79952645, 0.31313), (0.5538759, -0.77366155, 0.30768377), (0.5612723, -0.78354406, 0.26651865), (0.5125496, -0.79952645, 0.31313), (0.50443256, -0.78668904, 0.3559051), (0.54557604, -0.761296, 0.35039306), (0.5538759, -0.77366155, 0.30768377), (0.50443256, -0.78668904, 0.3559051), (0.4961069, -0.7715204, 0.39828917), (0.53684384, -0.7468233, 0.3924968), (0.54557604, -0.761296, 0.35039306), (0.4961069, -0.7715204, 0.39828917), (0.48779377, -0.7542444, 0.43951407), (0.5279194, -0.73058724, 0.4330629), (0.53684384, -0.7468233, 0.3924968), (0.48779377, -0.7542444, 0.43951407), (0.47975677, -0.7346191, 0.4797585), (0.5190386, -0.7122902, 0.47248462), (0.5279194, -0.73058724, 0.4330629), (0.47975677, -0.7346191, 0.4797585), (0.47248438, -0.7122897, 0.51903945), (0.51079416, -0.69150424, 0.5107947), (0.5190386, -0.7122902, 0.47248462), (0.47248438, -0.7122897, 0.51903945), (0.46671772, -0.6869444, 0.5570295), (0.5039565, -0.668009, 0.5475325), (0.51079416, -0.69150424, 0.5107947), (0.46671772, -0.6869444, 0.5570295), (0.4631378, -0.65864635, 0.593033), (0.4994254, -0.64192563, 0.5818126), (0.5039565, -0.668009, 0.5475325), (0.4631378, -0.65864635, 0.593033), (0.46198642, -0.6271233, 0.62712437), (0.49793237, -0.61321425, 0.61321414), (0.4994254, -0.64192563, 0.5818126), (0.58037287, -0.81431615, 0.0075134723), (0.57973576, -0.81317395, 0.05152253), (0.62311816, -0.7804555, 0.05111625), (0.6240348, -0.7813621, 0.007333976), (0.57973576, -0.81317395, 0.05152253), (0.577916, -0.8086459, 0.11002262), (0.6203657, -0.77667594, 0.10918259), (0.62311816, -0.7804555, 0.05111625), (0.577916, -0.8086459, 0.11002262), (0.5755571, -0.80359584, 0.15155093), (0.61721486, -0.7723723, 0.14995623), (0.6203657, -0.77667594, 0.10918259), (0.5755571, -0.80359584, 0.15155093), (0.5721591, -0.79788077, 0.18979), (0.6133074, -0.76730824, 0.18732876), (0.61721486, -0.7723723, 0.14995623), (0.5721591, -0.79788077, 0.18979), (0.5673998, -0.79139316, 0.22749577), (0.6083509, -0.76133317, 0.22423431), (0.6133074, -0.76730824, 0.18732876), (0.5673998, -0.79139316, 0.22749577), (0.5612723, -0.78354406, 0.26651865), (0.6021636, -0.75391436, 0.2627016), (0.6083509, -0.76133317, 0.22423431), (0.5612723, -0.78354406, 0.26651865), (0.5538759, -0.77366155, 0.30768377), (0.59463596, -0.7444489, 0.3036509), (0.6021636, -0.75391436, 0.2627016), (0.5538759, -0.77366155, 0.30768377), (0.54557604, -0.761296, 0.35039306), (0.5859652, -0.7326038, 0.34631836), (0.59463596, -0.7444489, 0.3036509), (0.54557604, -0.761296, 0.35039306), (0.53684384, -0.7468233, 0.3924968), (0.57663834, -0.7189198, 0.38812694), (0.5859652, -0.7326038, 0.34631836), (0.53684384, -0.7468233, 0.3924968), (0.5279194, -0.73058724, 0.4330629), (0.5669348, -0.7038204, 0.42804396), (0.57663834, -0.7189198, 0.38812694), (0.5279194, -0.73058724, 0.4330629), (0.5190386, -0.7122902, 0.47248462), (0.55703104, -0.68694293, 0.46671808), (0.5669348, -0.7038204, 0.42804396), (0.5190386, -0.7122902, 0.47248462), (0.51079416, -0.69150424, 0.5107947), (0.5475326, -0.6680081, 0.50395745), (0.55703104, -0.68694293, 0.46671808), (0.51079416, -0.69150424, 0.5107947), (0.5039565, -0.668009, 0.5475325), (0.53900915, -0.6472553, 0.539008), (0.5475326, -0.6680081, 0.50395745), (0.5039565, -0.668009, 0.5475325), (0.4994254, -0.64192563, 0.5818126), (0.53270674, -0.62446946, 0.571193), (0.53900915, -0.6472553, 0.539008), (0.4994254, -0.64192563, 0.5818126), (0.49793237, -0.61321425, 0.61321414), (0.5305579, -0.5993801, 0.59937626), (0.53270674, -0.62446946, 0.571193), (0.6240348, -0.7813621, 0.007333976), (0.62311816, -0.7804555, 0.05111625), (0.6649458, -0.74518424, 0.050472587), (0.6659592, -0.7459541, 0.0071248105), (0.62311816, -0.7804555, 0.05111625), (0.6203657, -0.77667594, 0.10918259), (0.6616978, -0.7419297, 0.108149745), (0.6649458, -0.74518424, 0.050472587), (0.6203657, -0.77667594, 0.10918259), (0.61721486, -0.7723723, 0.14995623), (0.6581095, -0.73810256, 0.14864871), (0.6616978, -0.7419297, 0.108149745), (0.61721486, -0.7723723, 0.14995623), (0.6133074, -0.76730824, 0.18732876), (0.6538873, -0.7334602, 0.18565436), (0.6581095, -0.73810256, 0.14864871), (0.6133074, -0.76730824, 0.18732876), (0.6083509, -0.76133317, 0.22423431), (0.6487621, -0.72783905, 0.22216667), (0.6538873, -0.7334602, 0.18565436), (0.6083509, -0.76133317, 0.22423431), (0.6021636, -0.75391436, 0.2627016), (0.64241236, -0.72077507, 0.2603644), (0.6487621, -0.72783905, 0.22216667), (0.6021636, -0.75391436, 0.2627016), (0.59463596, -0.7444489, 0.3036509), (0.6345729, -0.71174353, 0.30122778), (0.64241236, -0.72077507, 0.2603644), (0.59463596, -0.7444489, 0.3036509), (0.5859652, -0.7326038, 0.34631836), (0.6252758, -0.70055324, 0.34388268), (0.6345729, -0.71174353, 0.30122778), (0.5859652, -0.7326038, 0.34631836), (0.57663834, -0.7189198, 0.38812694), (0.6150763, -0.68781984, 0.3854673), (0.6252758, -0.70055324, 0.34388268), (0.57663834, -0.7189198, 0.38812694), (0.5669348, -0.7038204, 0.42804396), (0.60431975, -0.67397046, 0.42492512), (0.6150763, -0.68781984, 0.3854673), (0.5669348, -0.7038204, 0.42804396), (0.55703104, -0.68694293, 0.46671808), (0.59303373, -0.6586447, 0.4631394), (0.60431975, -0.67397046, 0.42492512), (0.55703104, -0.68694293, 0.46671808), (0.5475326, -0.6680081, 0.50395745), (0.5818121, -0.64192665, 0.4994246), (0.59303373, -0.6586447, 0.4631394), (0.5475326, -0.6680081, 0.50395745), (0.53900915, -0.6472553, 0.539008), (0.57119465, -0.6244688, 0.53270566), (0.5818121, -0.64192665, 0.4994246), (0.53900915, -0.6472553, 0.539008), (0.53270674, -0.62446946, 0.571193), (0.5623897, -0.6061642, 0.56239027), (0.57119465, -0.6244688, 0.53270566), (0.53270674, -0.62446946, 0.571193), (0.5305579, -0.5993801, 0.59937626), (0.5591633, -0.586232, 0.5862324), (0.5623897, -0.6061642, 0.56239027), (0.6659592, -0.7459541, 0.0071248105), (0.6649458, -0.74518424, 0.050472587), (0.7062214, -0.7062215, 0.050025653), (0.7070898, -0.7070897, 0.006943389), (0.6649458, -0.74518424, 0.050472587), (0.6616978, -0.7419297, 0.108149745), (0.7030024, -0.7030024, 0.10758859), (0.7062214, -0.7062215, 0.050025653), (0.6616978, -0.7419297, 0.108149745), (0.6581095, -0.73810256, 0.14864871), (0.6993111, -0.6993111, 0.14808099), (0.7030024, -0.7030024, 0.10758859), (0.6581095, -0.73810256, 0.14864871), (0.6538873, -0.7334602, 0.18565436), (0.69489723, -0.6948972, 0.1850289), (0.6993111, -0.6993111, 0.14808099), (0.6538873, -0.7334602, 0.18565436), (0.6487621, -0.72783905, 0.22216667), (0.6895493, -0.6895492, 0.22145806), (0.69489723, -0.6948972, 0.1850289), (0.6487621, -0.72783905, 0.22216667), (0.64241236, -0.72077507, 0.2603644), (0.6828653, -0.68286526, 0.25959593), (0.6895493, -0.6895492, 0.22145806), (0.64241236, -0.72077507, 0.2603644), (0.6345729, -0.71174353, 0.30122778), (0.6744386, -0.6744386, 0.30044165), (0.6828653, -0.68286526, 0.25959593), (0.6345729, -0.71174353, 0.30122778), (0.6252758, -0.70055324, 0.34388268), (0.66418844, -0.66418844, 0.34308523), (0.6744386, -0.6744386, 0.30044165), (0.6252758, -0.70055324, 0.34388268), (0.6150763, -0.68781984, 0.3854673), (0.6527187, -0.65271866, 0.38459936), (0.66418844, -0.66418844, 0.34308523), (0.6150763, -0.68781984, 0.3854673), (0.60431975, -0.67397046, 0.42492512), (0.6404303, -0.6404303, 0.42390826), (0.6527187, -0.65271866, 0.38459936), (0.60431975, -0.67397046, 0.42492512), (0.59303373, -0.6586447, 0.4631394), (0.62712395, -0.62712395, 0.46198604), (0.6404303, -0.6404303, 0.42390826), (0.59303373, -0.6586447, 0.4631394), (0.5818121, -0.64192665, 0.4994246), (0.6132138, -0.6132138, 0.49793348), (0.62712395, -0.62712395, 0.46198604), (0.5818121, -0.64192665, 0.4994246), (0.57119465, -0.6244688, 0.53270566), (0.5993785, -0.59937847, 0.5305571), (0.6132138, -0.6132138, 0.49793348), (0.57119465, -0.6244688, 0.53270566), (0.5623897, -0.6061642, 0.56239027), (0.5862331, -0.5862331, 0.5591615), (0.5993785, -0.59937847, 0.5305571), (0.5623897, -0.6061642, 0.56239027), (0.5591633, -0.586232, 0.5862324), (0.57735056, -0.5773505, 0.5773497), (0.5862331, -0.5862331, 0.5591615), (0.011897105, -0.99992925, -0), (0.012576563, -0.99984187, 0.012576595), (0.04826888, -0.99883157, 0.0023734923), (0.047803316, -0.9988568, 0.000016245694), (0.047803316, -0.9988568, 0.000016245694), (0.04826888, -0.99883157, 0.0023734923), (0.09684501, -0.995297, 0.0022007616), (0.09615277, -0.99536663, 0.00003090981), (0.09615277, -0.99536663, 0.00003090981), (0.09684501, -0.995297, 0.0022007616), (0.14585473, -0.98930186, 0.0028763104), (0.14511783, -0.9894144, 0.000044281052), (0.14511783, -0.9894144, 0.000044281052), (0.14585473, -0.98930186, 0.0028763104), (0.19520438, -0.98075557, 0.0037003197), (0.19454192, -0.9808942, 0.00005580178), (0.19454192, -0.9808942, 0.00005580178), (0.19520438, -0.98075557, 0.0037003197), (0.24476223, -0.96957195, 0.004639091), (0.24422935, -0.96971756, 0.00006524094), (0.24422935, -0.96971756, 0.00006524094), (0.24476223, -0.96957195, 0.004639091), (0.29433826, -0.95568556, 0.0054804226), (0.29397228, -0.95581394, 0.00007220698), (0.29397228, -0.95581394, 0.00007220698), (0.29433826, -0.95568556, 0.0054804226), (0.343739, -0.9390452, 0.006139337), (0.34356165, -0.9391301, 0.00007661972), (0.34356165, -0.9391301, 0.00007661972), (0.343739, -0.9390452, 0.006139337), (0.3927506, -0.91962063, 0.006697902), (0.39277515, -0.9196345, 0.000078201), (0.39277515, -0.9196345, 0.000078201), (0.3927506, -0.91962063, 0.006697902), (0.44114712, -0.8974062, 0.007172541), (0.44137743, -0.8973215, 0.00007679604), (0.44137743, -0.8973215, 0.00007679604), (0.44114712, -0.8974062, 0.007172541), (0.48870397, -0.8724176, 0.0074743163), (0.48912913, -0.8722114, 0.000072152274), (0.48912913, -0.8722114, 0.000072152274), (0.48870397, -0.8724176, 0.0074743163), (0.5351901, -0.844698, 0.007548165), (0.53580076, -0.8443444, 0.000064445834), (0.53580076, -0.8443444, 0.000064445834), (0.5351901, -0.844698, 0.007548165), (0.58037287, -0.81431615, 0.0075134723), (0.58115786, -0.8137908, 0.000053273194), (0.58115786, -0.8137908, 0.000053273194), (0.58037287, -0.81431615, 0.0075134723), (0.6240348, -0.7813621, 0.007333976), (0.62497294, -0.7806464, 0.000038814705), (0.62497294, -0.7806464, 0.000038814705), (0.6240348, -0.7813621, 0.007333976), (0.6659592, -0.7459541, 0.0071248105), (0.6670218, -0.7450382, 0.000020913072), (0.6670218, -0.7450382, 0.000020913072), (0.6659592, -0.7459541, 0.0071248105), (0.7070898, -0.7070897, 0.006943389), (0.7071068, -0.7071068, -0), (0.99984175, -0.012576563, 0.012576595), (0.99992925, -0.011897105, -0), (0.9988568, -0.047803316, 0.000016245694), (0.99883157, -0.04826888, 0.0023734923), (0.99883157, -0.04826888, 0.0023734923), (0.9988568, -0.047803316, 0.000016245694), (0.99536663, -0.09615277, 0.00003090981), (0.995297, -0.096845016, 0.0022007616), (0.995297, -0.096845016, 0.0022007616), (0.99536663, -0.09615277, 0.00003090981), (0.9894144, -0.14511783, 0.000044281052), (0.98930186, -0.14585471, 0.0028763106), (0.98930186, -0.14585471, 0.0028763106), (0.9894144, -0.14511783, 0.000044281052), (0.9808942, -0.19454192, 0.00005580178), (0.98075557, -0.19520436, 0.003700319), (0.98075557, -0.19520436, 0.003700319), (0.9808942, -0.19454192, 0.00005580178), (0.96971756, -0.24422935, 0.00006524094), (0.96957195, -0.24476226, 0.004639091), (0.96957195, -0.24476226, 0.004639091), (0.96971756, -0.24422935, 0.00006524094), (0.95581394, -0.29397228, 0.00007220698), (0.95568556, -0.2943383, 0.0054804226), (0.95568556, -0.2943383, 0.0054804226), (0.95581394, -0.29397228, 0.00007220698), (0.9391301, -0.34356165, 0.00007661972), (0.9390452, -0.34373903, 0.006139337), (0.9390452, -0.34373903, 0.006139337), (0.9391301, -0.34356165, 0.00007661972), (0.9196345, -0.39277515, 0.000078201), (0.91962063, -0.39275056, 0.0066979015), (0.91962063, -0.39275056, 0.0066979015), (0.9196345, -0.39277515, 0.000078201), (0.8973215, -0.44137743, 0.00007679604), (0.8974062, -0.44114712, 0.007172541), (0.8974062, -0.44114712, 0.007172541), (0.8973215, -0.44137743, 0.00007679604), (0.8722114, -0.48912913, 0.000072152274), (0.8724177, -0.48870397, 0.0074743154), (0.8724177, -0.48870397, 0.0074743154), (0.8722114, -0.48912913, 0.000072152274), (0.8443444, -0.53580076, 0.000064445834), (0.844698, -0.5351901, 0.007548166), (0.844698, -0.5351901, 0.007548166), (0.8443444, -0.53580076, 0.000064445834), (0.8137908, -0.58115786, 0.000053273194), (0.81431615, -0.58037287, 0.007513472), (0.81431615, -0.58037287, 0.007513472), (0.8137908, -0.58115786, 0.000053273194), (0.7806464, -0.62497294, 0.000038814705), (0.7813621, -0.62403476, 0.0073339758), (0.7813621, -0.62403476, 0.0073339758), (0.7806464, -0.62497294, 0.000038814705), (0.7450382, -0.6670218, 0.000020913072), (0.7459542, -0.6659592, 0.00712481), (0.7459542, -0.6659592, 0.00712481), (0.7450382, -0.6670218, 0.000020913072), (0.7071068, -0.7071068, -0), (0.7070898, -0.7070897, 0.006943389), (0.99984175, -0.012576563, 0.012576595), (0.99883157, -0.04826888, 0.0023734923), (0.99826944, -0.04158221, 0.04158257), (0.9988316, -0.0023652446, 0.048268914), (0.99883157, -0.04826888, 0.0023734923), (0.995297, -0.096845016, 0.0022007616), (0.99423665, -0.10101874, 0.03589706), (0.99826944, -0.04158221, 0.04158257), (0.995297, -0.096845016, 0.0022007616), (0.98930186, -0.14585471, 0.0028763106), (0.98806244, -0.14995675, 0.03529155), (0.99423665, -0.10101874, 0.03589706), (0.98930186, -0.14585471, 0.0028763106), (0.98075557, -0.19520436, 0.003700319), (0.9792666, -0.19903566, 0.037705995), (0.98806244, -0.14995675, 0.03529155), (0.98075557, -0.19520436, 0.003700319), (0.96957195, -0.24476226, 0.004639091), (0.9678557, -0.24819565, 0.040671214), (0.9792666, -0.19903566, 0.037705995), (0.96957195, -0.24476226, 0.004639091), (0.95568556, -0.2943383, 0.0054804226), (0.95383954, -0.2971472, 0.04351658), (0.9678557, -0.24819565, 0.040671214), (0.95568556, -0.2943383, 0.0054804226), (0.9390452, -0.34373903, 0.006139337), (0.93713367, -0.34593296, 0.045944598), (0.95383954, -0.2971472, 0.04351658), (0.9390452, -0.34373903, 0.006139337), (0.91962063, -0.39275056, 0.0066979015), (0.91768265, -0.39439633, 0.04806417), (0.93713367, -0.34593296, 0.045944598), (0.91962063, -0.39275056, 0.0066979015), (0.8974062, -0.44114712, 0.007172541), (0.895539, -0.44218367, 0.049834516), (0.91768265, -0.39439633, 0.04806417), (0.8974062, -0.44114712, 0.007172541), (0.8724177, -0.48870397, 0.0074743154), (0.87075675, -0.48906153, 0.05100429), (0.895539, -0.44218367, 0.049834516), (0.8724177, -0.48870397, 0.0074743154), (0.844698, -0.5351901, 0.007548166), (0.8432943, -0.53497946, 0.05149412), (0.87075675, -0.48906153, 0.05100429), (0.844698, -0.5351901, 0.007548166), (0.81431615, -0.58037287, 0.007513472), (0.81317395, -0.57973576, 0.05152253), (0.8432943, -0.53497946, 0.05149412), (0.81431615, -0.58037287, 0.007513472), (0.7813621, -0.62403476, 0.0073339758), (0.7804555, -0.62311816, 0.05111625), (0.81317395, -0.57973576, 0.05152253), (0.7813621, -0.62403476, 0.0073339758), (0.7459542, -0.6659592, 0.00712481), (0.74518436, -0.66494584, 0.0504726), (0.7804555, -0.62311816, 0.05111625), (0.7459542, -0.6659592, 0.00712481), (0.7070898, -0.7070897, 0.006943389), (0.7062214, -0.7062215, 0.050025653), (0.74518436, -0.66494584, 0.0504726), (0.9988316, -0.0023652446, 0.048268914), (0.99826944, -0.04158221, 0.04158257), (0.99423677, -0.035897262, 0.10101857), (0.99529713, -0.0021851563, 0.09684448), (0.99826944, -0.04158221, 0.04158257), (0.99423665, -0.10101874, 0.03589706), (0.9903848, -0.09782099, 0.0978206), (0.99423677, -0.035897262, 0.10101857), (0.99423665, -0.10101874, 0.03589706), (0.98806244, -0.14995675, 0.03529155), (0.9831783, -0.15563531, 0.09559339), (0.9903848, -0.09782099, 0.0978206), (0.98806244, -0.14995675, 0.03529155), (0.9792666, -0.19903566, 0.037705995), (0.9733679, -0.20791343, 0.09657695), (0.9831783, -0.15563531, 0.09559339), (0.9792666, -0.19903566, 0.037705995), (0.9678557, -0.24819565, 0.040671214), (0.96145713, -0.25657067, 0.09885219), (0.9733679, -0.20791343, 0.09657695), (0.9678557, -0.24819565, 0.040671214), (0.95383954, -0.2971472, 0.04351658), (0.9471145, -0.30438298, 0.10161275), (0.96145713, -0.25657067, 0.09885219), (0.95383954, -0.2971472, 0.04351658), (0.93713367, -0.34593296, 0.045944598), (0.9302442, -0.35176733, 0.1044297), (0.9471145, -0.30438298, 0.10161275), (0.93713367, -0.34593296, 0.045944598), (0.91768265, -0.39439633, 0.04806417), (0.9108194, -0.39870644, 0.10696351), (0.9302442, -0.35176733, 0.1044297), (0.91768265, -0.39439633, 0.04806417), (0.895539, -0.44218367, 0.049834516), (0.8889766, -0.44481096, 0.108922556), (0.9108194, -0.39870644, 0.10696351), (0.895539, -0.44218367, 0.049834516), (0.87075675, -0.48906153, 0.05100429), (0.8647566, -0.48997977, 0.110071994), (0.8889766, -0.44481096, 0.108922556), (0.87075675, -0.48906153, 0.05100429), (0.8432943, -0.53497946, 0.05149412), (0.8380009, -0.53438514, 0.11039454), (0.8647566, -0.48997977, 0.110071994), (0.8432943, -0.53497946, 0.05149412), (0.81317395, -0.57973576, 0.05152253), (0.8086459, -0.577916, 0.11002262), (0.8380009, -0.53438514, 0.11039454), (0.81317395, -0.57973576, 0.05152253), (0.7804555, -0.62311816, 0.05111625), (0.77667594, -0.6203657, 0.10918259), (0.8086459, -0.577916, 0.11002262), (0.7804555, -0.62311816, 0.05111625), (0.74518436, -0.66494584, 0.0504726), (0.7419297, -0.6616978, 0.108149745), (0.77667594, -0.6203657, 0.10918259), (0.74518436, -0.66494584, 0.0504726), (0.7062214, -0.7062215, 0.050025653), (0.7030024, -0.7030024, 0.10758859), (0.7419297, -0.6616978, 0.108149745), (0.99529713, -0.0021851563, 0.09684448), (0.99423677, -0.035897262, 0.10101857), (0.9880625, -0.035291687, 0.14995651), (0.9893019, -0.0028540997, 0.14585482), (0.99423677, -0.035897262, 0.10101857), (0.9903848, -0.09782099, 0.0978206), (0.9831783, -0.09559384, 0.15563506), (0.9880625, -0.035291687, 0.14995651), (0.9903848, -0.09782099, 0.0978206), (0.9831783, -0.15563531, 0.09559339), (0.9754171, -0.155823, 0.15582281), (0.9831783, -0.09559384, 0.15563506), (0.9831783, -0.15563531, 0.09559339), (0.9733679, -0.20791343, 0.09657695), (0.9653279, -0.21066652, 0.15414777), (0.9754171, -0.155823, 0.15582281), (0.9733679, -0.20791343, 0.09657695), (0.96145713, -0.25657067, 0.09885219), (0.95307714, -0.26101735, 0.15334234), (0.9653279, -0.21066652, 0.15414777), (0.96145713, -0.25657067, 0.09885219), (0.9471145, -0.30438298, 0.10161275), (0.93846303, -0.30943367, 0.1534207), (0.95307714, -0.26101735, 0.15334234), (0.9471145, -0.30438298, 0.10161275), (0.9302442, -0.35176733, 0.1044297), (0.92157626, -0.3563155, 0.15406667), (0.93846303, -0.30943367, 0.1534207), (0.9302442, -0.35176733, 0.1044297), (0.9108194, -0.39870644, 0.10696351), (0.90252423, -0.4019202, 0.15462951), (0.92157626, -0.3563155, 0.15406667), (0.9108194, -0.39870644, 0.10696351), (0.8889766, -0.44481096, 0.108922556), (0.8813447, -0.44644445, 0.15465729), (0.90252423, -0.4019202, 0.15462951), (0.8889766, -0.44481096, 0.108922556), (0.8647566, -0.48997977, 0.110071994), (0.85792863, -0.49011207, 0.15410665), (0.8813447, -0.44644445, 0.15465729), (0.8647566, -0.48997977, 0.110071994), (0.8380009, -0.53438514, 0.11039454), (0.832063, -0.5331505, 0.15304099), (0.85792863, -0.49011207, 0.15410665), (0.8380009, -0.53438514, 0.11039454), (0.8086459, -0.577916, 0.11002262), (0.80359584, -0.5755571, 0.15155093), (0.832063, -0.5331505, 0.15304099), (0.8086459, -0.577916, 0.11002262), (0.77667594, -0.6203657, 0.10918259), (0.77237236, -0.61721486, 0.14995624), (0.80359584, -0.5755571, 0.15155093), (0.77667594, -0.6203657, 0.10918259), (0.7419297, -0.6616978, 0.108149745), (0.73810256, -0.6581095, 0.1486487), (0.77237236, -0.61721486, 0.14995624), (0.7419297, -0.6616978, 0.108149745), (0.7030024, -0.7030024, 0.10758859), (0.6993111, -0.6993111, 0.14808099), (0.73810256, -0.6581095, 0.1486487), (0.9893019, -0.0028540997, 0.14585482), (0.9880625, -0.035291687, 0.14995651), (0.9792666, -0.037705533, 0.19903602), (0.98075575, -0.0036715316, 0.19520439), (0.9880625, -0.035291687, 0.14995651), (0.9831783, -0.09559384, 0.15563506), (0.9733677, -0.09657761, 0.20791362), (0.9792666, -0.037705533, 0.19903602), (0.9831783, -0.09559384, 0.15563506), (0.9754171, -0.155823, 0.15582281), (0.9653279, -0.15414762, 0.21066712), (0.9733677, -0.09657761, 0.20791362), (0.9754171, -0.155823, 0.15582281), (0.9653279, -0.21066652, 0.15414777), (0.9550521, -0.20961332, 0.20961368), (0.9653279, -0.15414762, 0.21066712), (0.9653279, -0.21066652, 0.15414777), (0.95307714, -0.26101735, 0.15334234), (0.9424936, -0.26177147, 0.20780142), (0.9550521, -0.20961332, 0.20961368), (0.95307714, -0.26101735, 0.15334234), (0.93846303, -0.30943367, 0.1534207), (0.9278303, -0.3110959, 0.20579213), (0.9424936, -0.26177147, 0.20780142), (0.93846303, -0.30943367, 0.1534207), (0.92157626, -0.3563155, 0.15406667), (0.9113123, -0.35779586, 0.20369582), (0.9278303, -0.3110959, 0.20579213), (0.92157626, -0.3563155, 0.15406667), (0.90252423, -0.4019202, 0.15462951), (0.89304394, -0.4024033, 0.201356), (0.9113123, -0.35779586, 0.20369582), (0.90252423, -0.4019202, 0.15462951), (0.8813447, -0.44644445, 0.15465729), (0.8728398, -0.4457512, 0.19863662), (0.89304394, -0.4024033, 0.201356), (0.8813447, -0.44644445, 0.15465729), (0.85792863, -0.49011207, 0.15410665), (0.85040337, -0.488386, 0.19568612), (0.8728398, -0.4457512, 0.19863662), (0.85792863, -0.49011207, 0.15410665), (0.832063, -0.5331505, 0.15304099), (0.8254922, -0.5305062, 0.19268046), (0.85040337, -0.488386, 0.19568612), (0.832063, -0.5331505, 0.15304099), (0.80359584, -0.5755571, 0.15155093), (0.7978808, -0.5721591, 0.18979001), (0.8254922, -0.5305062, 0.19268046), (0.80359584, -0.5755571, 0.15155093), (0.77237236, -0.61721486, 0.14995624), (0.76730824, -0.61330736, 0.18732874), (0.7978808, -0.5721591, 0.18979001), (0.77237236, -0.61721486, 0.14995624), (0.73810256, -0.6581095, 0.1486487), (0.7334602, -0.6538873, 0.18565436), (0.76730824, -0.61330736, 0.18732874), (0.73810256, -0.6581095, 0.1486487), (0.6993111, -0.6993111, 0.14808099), (0.69489723, -0.6948972, 0.1850289), (0.7334602, -0.6538873, 0.18565436), (0.98075575, -0.0036715316, 0.19520439), (0.9792666, -0.037705533, 0.19903602), (0.96785545, -0.0406713, 0.24819638), (0.96957237, -0.004606209, 0.24476162), (0.9792666, -0.037705533, 0.19903602), (0.9733677, -0.09657761, 0.20791362), (0.9614571, -0.098852806, 0.25657058), (0.96785545, -0.0406713, 0.24819638), (0.9733677, -0.09657761, 0.20791362), (0.9653279, -0.15414762, 0.21066712), (0.9530774, -0.15334226, 0.26101682), (0.9614571, -0.098852806, 0.25657058), (0.9653279, -0.15414762, 0.21066712), (0.9550521, -0.20961332, 0.20961368), (0.9424937, -0.20780076, 0.26177162), (0.9530774, -0.15334226, 0.26101682), (0.9550521, -0.20961332, 0.20961368), (0.9424936, -0.26177147, 0.20780142), (0.9299136, -0.26005882, 0.26005793), (0.9424937, -0.20780076, 0.26177162), (0.9424936, -0.26177147, 0.20780142), (0.9278303, -0.3110959, 0.20579213), (0.915708, -0.30922493, 0.25662988), (0.9299136, -0.26005882, 0.26005793), (0.9278303, -0.3110959, 0.20579213), (0.9113123, -0.35779586, 0.20369582), (0.90005505, -0.35545173, 0.25210106), (0.915708, -0.30922493, 0.25662988), (0.9113123, -0.35779586, 0.20369582), (0.89304394, -0.4024033, 0.201356), (0.8828807, -0.3993857, 0.24700767), (0.90005505, -0.35545173, 0.25210106), (0.89304394, -0.4024033, 0.201356), (0.8728398, -0.4457512, 0.19863662), (0.8637726, -0.44211587, 0.24172415), (0.8828807, -0.3993857, 0.24700767), (0.8728398, -0.4457512, 0.19863662), (0.85040337, -0.488386, 0.19568612), (0.84233296, -0.48428375, 0.23652561), (0.8637726, -0.44211587, 0.24172415), (0.85040337, -0.488386, 0.19568612), (0.8254922, -0.5305062, 0.19268046), (0.81829584, -0.5260306, 0.23169738), (0.84233296, -0.48428375, 0.23652561), (0.8254922, -0.5305062, 0.19268046), (0.7978808, -0.5721591, 0.18979001), (0.79139316, -0.5673998, 0.22749576), (0.81829584, -0.5260306, 0.23169738), (0.7978808, -0.5721591, 0.18979001), (0.76730824, -0.61330736, 0.18732874), (0.76133317, -0.6083509, 0.22423431), (0.79139316, -0.5673998, 0.22749576), (0.76730824, -0.61330736, 0.18732874), (0.7334602, -0.6538873, 0.18565436), (0.72783905, -0.6487621, 0.22216667), (0.76133317, -0.6083509, 0.22423431), (0.7334602, -0.6538873, 0.18565436), (0.69489723, -0.6948972, 0.1850289), (0.6895493, -0.6895492, 0.22145806), (0.72783905, -0.6487621, 0.22216667), (0.96957237, -0.004606209, 0.24476162), (0.96785545, -0.0406713, 0.24819638), (0.9538396, -0.04351612, 0.29714695), (0.95568573, -0.005444349, 0.29433855), (0.96785545, -0.0406713, 0.24819638), (0.9614571, -0.098852806, 0.25657058), (0.94711477, -0.10161214, 0.3043823), (0.9538396, -0.04351612, 0.29714695), (0.9614571, -0.098852806, 0.25657058), (0.9530774, -0.15334226, 0.26101682), (0.9384632, -0.1534212, 0.30943274), (0.94711477, -0.10161214, 0.3043823), (0.9530774, -0.15334226, 0.26101682), (0.9424937, -0.20780076, 0.26177162), (0.92783076, -0.20579158, 0.3110946), (0.9384632, -0.1534212, 0.30943274), (0.9424937, -0.20780076, 0.26177162), (0.9299136, -0.26005882, 0.26005793), (0.9157079, -0.25662985, 0.30922523), (0.92783076, -0.20579158, 0.3110946), (0.9299136, -0.26005882, 0.26005793), (0.915708, -0.30922493, 0.25662988), (0.90240103, -0.30469075, 0.30469), (0.9157079, -0.25662985, 0.30922523), (0.915708, -0.30922493, 0.25662988), (0.90005505, -0.35545173, 0.25210106), (0.8878836, -0.35016194, 0.29841137), (0.90240103, -0.30469075, 0.30469), (0.90005505, -0.35545173, 0.25210106), (0.8828807, -0.3993857, 0.24700767), (0.87184256, -0.39366624, 0.2914062), (0.8878836, -0.35016194, 0.29841137), (0.8828807, -0.3993857, 0.24700767), (0.8637726, -0.44211587, 0.24172415), (0.85374343, -0.4361783, 0.28437757), (0.87184256, -0.39366624, 0.2914062), (0.8637726, -0.44211587, 0.24172415), (0.84233296, -0.48428375, 0.23652561), (0.8331827, -0.4782392, 0.27765787), (0.85374343, -0.4361783, 0.28437757), (0.84233296, -0.48428375, 0.23652561), (0.81829584, -0.5260306, 0.23169738), (0.8098775, -0.51993406, 0.2716007), (0.8331827, -0.4782392, 0.27765787), (0.81829584, -0.5260306, 0.23169738), (0.79139316, -0.5673998, 0.22749576), (0.78354406, -0.5612723, 0.26651865), (0.8098775, -0.51993406, 0.2716007), (0.79139316, -0.5673998, 0.22749576), (0.76133317, -0.6083509, 0.22423431), (0.75391436, -0.6021636, 0.2627016), (0.78354406, -0.5612723, 0.26651865), (0.76133317, -0.6083509, 0.22423431), (0.72783905, -0.6487621, 0.22216667), (0.720775, -0.6424124, 0.2603644), (0.75391436, -0.6021636, 0.2627016), (0.72783905, -0.6487621, 0.22216667), (0.6895493, -0.6895492, 0.22145806), (0.6828653, -0.68286526, 0.25959593), (0.720775, -0.6424124, 0.2603644), (0.95568573, -0.005444349, 0.29433855), (0.9538396, -0.04351612, 0.29714695), (0.9371337, -0.045943443, 0.34593287), (0.93904555, -0.0060999575, 0.34373868), (0.9538396, -0.04351612, 0.29714695), (0.94711477, -0.10161214, 0.3043823), (0.9302442, -0.10442994, 0.35176733), (0.9371337, -0.045943443, 0.34593287), (0.94711477, -0.10161214, 0.3043823), (0.9384632, -0.1534212, 0.30943274), (0.9215762, -0.15406626, 0.35631597), (0.9302442, -0.10442994, 0.35176733), (0.9384632, -0.1534212, 0.30943274), (0.92783076, -0.20579158, 0.3110946), (0.9113117, -0.2036965, 0.35779685), (0.9215762, -0.15406626, 0.35631597), (0.92783076, -0.20579158, 0.3110946), (0.9157079, -0.25662985, 0.30922523), (0.9000542, -0.25210238, 0.35545298), (0.9113117, -0.2036965, 0.35779685), (0.9157079, -0.25662985, 0.30922523), (0.90240103, -0.30469075, 0.30469), (0.887884, -0.2984111, 0.35016096), (0.9000542, -0.25210238, 0.35545298), (0.90240103, -0.30469075, 0.30469), (0.8878836, -0.35016194, 0.29841137), (0.87451786, -0.34294197, 0.342942), (0.887884, -0.2984111, 0.35016096), (0.8878836, -0.35016194, 0.29841137), (0.87184256, -0.39366624, 0.2914062), (0.85944474, -0.38618, 0.33499223), (0.87451786, -0.34294197, 0.342942), (0.87184256, -0.39366624, 0.2914062), (0.85374343, -0.4361783, 0.28437757), (0.8421456, -0.4286939, 0.32712725), (0.85944474, -0.38618, 0.33499223), (0.85374343, -0.4361783, 0.28437757), (0.8331827, -0.4782392, 0.27765787), (0.82226664, -0.4708014, 0.31972405), (0.8421456, -0.4286939, 0.32712725), (0.8331827, -0.4782392, 0.27765787), (0.8098775, -0.51993406, 0.2716007), (0.79952645, -0.5125496, 0.31313), (0.82226664, -0.4708014, 0.31972405), (0.8098775, -0.51993406, 0.2716007), (0.78354406, -0.5612723, 0.26651865), (0.77366155, -0.5538759, 0.30768377), (0.79952645, -0.5125496, 0.31313), (0.78354406, -0.5612723, 0.26651865), (0.75391436, -0.6021636, 0.2627016), (0.7444489, -0.59463596, 0.3036509), (0.77366155, -0.5538759, 0.30768377), (0.75391436, -0.6021636, 0.2627016), (0.720775, -0.6424124, 0.2603644), (0.71174353, -0.6345729, 0.30122778), (0.7444489, -0.59463596, 0.3036509), (0.720775, -0.6424124, 0.2603644), (0.6828653, -0.68286526, 0.25959593), (0.6744386, -0.6744386, 0.30044165), (0.71174353, -0.6345729, 0.30122778), (0.93904555, -0.0060999575, 0.34373868), (0.9371337, -0.045943443, 0.34593287), (0.9176825, -0.048064332, 0.3943964), (0.9196213, -0.0066590505, 0.39274976), (0.9371337, -0.045943443, 0.34593287), (0.9302442, -0.10442994, 0.35176733), (0.9108193, -0.10696372, 0.39870682), (0.9176825, -0.048064332, 0.3943964), (0.9302442, -0.10442994, 0.35176733), (0.9215762, -0.15406626, 0.35631597), (0.9025242, -0.15463072, 0.40191984), (0.9108193, -0.10696372, 0.39870682), (0.9215762, -0.15406626, 0.35631597), (0.9113117, -0.2036965, 0.35779685), (0.8930437, -0.20135607, 0.40240374), (0.9025242, -0.15463072, 0.40191984), (0.9113117, -0.2036965, 0.35779685), (0.9000542, -0.25210238, 0.35545298), (0.8828814, -0.24700558, 0.39938518), (0.8930437, -0.20135607, 0.40240374), (0.9000542, -0.25210238, 0.35545298), (0.887884, -0.2984111, 0.35016096), (0.87184286, -0.29140562, 0.39366576), (0.8828814, -0.24700558, 0.39938518), (0.887884, -0.2984111, 0.35016096), (0.87451786, -0.34294197, 0.342942), (0.8594444, -0.33499333, 0.3861799), (0.87184286, -0.29140562, 0.39366576), (0.87451786, -0.34294197, 0.342942), (0.85944474, -0.38618, 0.33499223), (0.84508735, -0.37803903, 0.3780396), (0.8594444, -0.33499333, 0.3861799), (0.85944474, -0.38618, 0.33499223), (0.8421456, -0.4286939, 0.32712725), (0.82833743, -0.42061433, 0.37005478), (0.84508735, -0.37803903, 0.3780396), (0.8421456, -0.4286939, 0.32712725), (0.82226664, -0.4708014, 0.31972405), (0.8089563, -0.4627468, 0.36256728), (0.82833743, -0.42061433, 0.37005478), (0.82226664, -0.4708014, 0.31972405), (0.79952645, -0.5125496, 0.31313), (0.78668904, -0.50443256, 0.35590512), (0.8089563, -0.4627468, 0.36256728), (0.79952645, -0.5125496, 0.31313), (0.77366155, -0.5538759, 0.30768377), (0.761296, -0.54557604, 0.35039306), (0.78668904, -0.50443256, 0.35590512), (0.77366155, -0.5538759, 0.30768377), (0.7444489, -0.59463596, 0.3036509), (0.7326038, -0.5859652, 0.34631836), (0.761296, -0.54557604, 0.35039306), (0.7444489, -0.59463596, 0.3036509), (0.71174353, -0.6345729, 0.30122778), (0.70055324, -0.62527573, 0.34388265), (0.7326038, -0.5859652, 0.34631836), (0.71174353, -0.6345729, 0.30122778), (0.6744386, -0.6744386, 0.30044165), (0.66418844, -0.66418844, 0.34308523), (0.70055324, -0.62527573, 0.34388265), (0.9196213, -0.0066590505, 0.39274976), (0.9176825, -0.048064332, 0.3943964), (0.89553875, -0.049834535, 0.44218424), (0.89740604, -0.00713417, 0.44114783), (0.9176825, -0.048064332, 0.3943964), (0.9108193, -0.10696372, 0.39870682), (0.8889761, -0.10892191, 0.44481182), (0.89553875, -0.049834535, 0.44218424), (0.9108193, -0.10696372, 0.39870682), (0.9025242, -0.15463072, 0.40191984), (0.88134474, -0.15465702, 0.44644433), (0.8889761, -0.10892191, 0.44481182), (0.9025242, -0.15463072, 0.40191984), (0.8930437, -0.20135607, 0.40240374), (0.8728405, -0.19863717, 0.44574976), (0.88134474, -0.15465702, 0.44644433), (0.8930437, -0.20135607, 0.40240374), (0.8828814, -0.24700558, 0.39938518), (0.8637731, -0.24172458, 0.4421144), (0.8728405, -0.19863717, 0.44574976), (0.8828814, -0.24700558, 0.39938518), (0.87184286, -0.29140562, 0.39366576), (0.8537423, -0.28437772, 0.4361805), (0.8637731, -0.24172458, 0.4421144), (0.87184286, -0.29140562, 0.39366576), (0.8594444, -0.33499333, 0.3861799), (0.8421444, -0.32712862, 0.4286953), (0.8537423, -0.28437772, 0.4361805), (0.8594444, -0.33499333, 0.3861799), (0.84508735, -0.37803903, 0.3780396), (0.8283379, -0.37005484, 0.42061356), (0.8421444, -0.32712862, 0.4286953), (0.84508735, -0.37803903, 0.3780396), (0.82833743, -0.42061433, 0.37005478), (0.8120479, -0.41266, 0.41266197), (0.8283379, -0.37005484, 0.42061356), (0.82833743, -0.42061433, 0.37005478), (0.8089563, -0.4627468, 0.36256728), (0.7931886, -0.45467377, 0.4051217), (0.8120479, -0.41266, 0.41266197), (0.8089563, -0.4627468, 0.36256728), (0.78668904, -0.50443256, 0.35590512), (0.7715204, -0.4961069, 0.39828917), (0.7931886, -0.45467377, 0.4051217), (0.78668904, -0.50443256, 0.35590512), (0.761296, -0.54557604, 0.35039306), (0.7468233, -0.5368438, 0.39249673), (0.7715204, -0.4961069, 0.39828917), (0.761296, -0.54557604, 0.35039306), (0.7326038, -0.5859652, 0.34631836), (0.7189198, -0.57663834, 0.38812697), (0.7468233, -0.5368438, 0.39249673), (0.7326038, -0.5859652, 0.34631836), (0.70055324, -0.62527573, 0.34388265), (0.68781984, -0.6150763, 0.3854673), (0.7189198, -0.57663834, 0.38812697), (0.70055324, -0.62527573, 0.34388265), (0.66418844, -0.66418844, 0.34308523), (0.6527187, -0.65271866, 0.38459936), (0.68781984, -0.6150763, 0.3854673), (0.89740604, -0.00713417, 0.44114783), (0.89553875, -0.049834535, 0.44218424), (0.87075615, -0.051004555, 0.48906267), (0.87241817, -0.007438229, 0.4887037), (0.89553875, -0.049834535, 0.44218424), (0.8889761, -0.10892191, 0.44481182), (0.8647564, -0.11007111, 0.48998025), (0.87075615, -0.051004555, 0.48906267), (0.8889761, -0.10892191, 0.44481182), (0.88134474, -0.15465702, 0.44644433), (0.8579282, -0.1541049, 0.49011308), (0.8647564, -0.11007111, 0.48998025), (0.88134474, -0.15465702, 0.44644433), (0.8728405, -0.19863717, 0.44574976), (0.850403, -0.19568497, 0.48838726), (0.8579282, -0.1541049, 0.49011308), (0.8728405, -0.19863717, 0.44574976), (0.8637731, -0.24172458, 0.4421144), (0.84233284, -0.23652782, 0.484283), (0.850403, -0.19568497, 0.48838726), (0.8637731, -0.24172458, 0.4421144), (0.8537423, -0.28437772, 0.4361805), (0.8331827, -0.27766052, 0.47823763), (0.84233284, -0.23652782, 0.484283), (0.8537423, -0.28437772, 0.4361805), (0.8421444, -0.32712862, 0.4286953), (0.8222674, -0.31972203, 0.47080156), (0.8331827, -0.27766052, 0.47823763), (0.8421444, -0.32712862, 0.4286953), (0.8283379, -0.37005484, 0.42061356), (0.8089572, -0.36256668, 0.46274588), (0.8222674, -0.31972203, 0.47080156), (0.8283379, -0.37005484, 0.42061356), (0.8120479, -0.41266, 0.41266197), (0.7931879, -0.40512243, 0.45467436), (0.8089572, -0.36256668, 0.46274588), (0.8120479, -0.41266, 0.41266197), (0.7931886, -0.45467377, 0.4051217), (0.77502304, -0.44684365, 0.4468444), (0.7931879, -0.40512243, 0.45467436), (0.7931886, -0.45467377, 0.4051217), (0.7715204, -0.4961069, 0.39828917), (0.7542444, -0.4877938, 0.4395141), (0.77502304, -0.44684365, 0.4468444), (0.7715204, -0.4961069, 0.39828917), (0.7468233, -0.5368438, 0.39249673), (0.73058724, -0.5279194, 0.43306294), (0.7542444, -0.4877938, 0.4395141), (0.7468233, -0.5368438, 0.39249673), (0.7189198, -0.57663834, 0.38812697), (0.7038204, -0.5669348, 0.428044), (0.73058724, -0.5279194, 0.43306294), (0.7189198, -0.57663834, 0.38812697), (0.68781984, -0.6150763, 0.3854673), (0.67397046, -0.60431975, 0.4249251), (0.7038204, -0.5669348, 0.428044), (0.68781984, -0.6150763, 0.3854673), (0.6527187, -0.65271866, 0.38459936), (0.6404303, -0.6404303, 0.42390826), (0.67397046, -0.60431975, 0.4249251), (0.87241817, -0.007438229, 0.4887037), (0.87075615, -0.051004555, 0.48906267), (0.8432941, -0.051495902, 0.53497976), (0.8446983, -0.0075182356, 0.5351898), (0.87075615, -0.051004555, 0.48906267), (0.8647564, -0.11007111, 0.48998025), (0.8380012, -0.11039374, 0.5343848), (0.8432941, -0.051495902, 0.53497976), (0.8647564, -0.11007111, 0.48998025), (0.8579282, -0.1541049, 0.49011308), (0.83206296, -0.15304115, 0.5331506), (0.8380012, -0.11039374, 0.5343848), (0.8579282, -0.1541049, 0.49011308), (0.850403, -0.19568497, 0.48838726), (0.8254923, -0.19267894, 0.5305066), (0.83206296, -0.15304115, 0.5331506), (0.850403, -0.19568497, 0.48838726), (0.84233284, -0.23652782, 0.484283), (0.8182957, -0.23169492, 0.5260321), (0.8254923, -0.19267894, 0.5305066), (0.84233284, -0.23652782, 0.484283), (0.8331827, -0.27766052, 0.47823763), (0.809877, -0.2716022, 0.51993406), (0.8182957, -0.23169492, 0.5260321), (0.8331827, -0.27766052, 0.47823763), (0.8222674, -0.31972203, 0.47080156), (0.79952663, -0.31313193, 0.51254815), (0.809877, -0.2716022, 0.51993406), (0.8222674, -0.31972203, 0.47080156), (0.8089572, -0.36256668, 0.46274588), (0.78668797, -0.3559058, 0.5044334), (0.79952663, -0.31313193, 0.51254815), (0.8089572, -0.36256668, 0.46274588), (0.7931879, -0.40512243, 0.45467436), (0.7715208, -0.39828932, 0.49610603), (0.78668797, -0.3559058, 0.5044334), (0.7931879, -0.40512243, 0.45467436), (0.77502304, -0.44684365, 0.4468444), (0.7542448, -0.43951347, 0.48779377), (0.7715208, -0.39828932, 0.49610603), (0.77502304, -0.44684365, 0.4468444), (0.7542444, -0.4877938, 0.4395141), (0.734619, -0.47975677, 0.4797585), (0.7542448, -0.43951347, 0.48779377), (0.7542444, -0.4877938, 0.4395141), (0.73058724, -0.5279194, 0.43306294), (0.7122902, -0.5190386, 0.4724846), (0.734619, -0.47975677, 0.4797585), (0.73058724, -0.5279194, 0.43306294), (0.7038204, -0.5669348, 0.428044), (0.68694293, -0.55703104, 0.46671808), (0.7122902, -0.5190386, 0.4724846), (0.7038204, -0.5669348, 0.428044), (0.67397046, -0.60431975, 0.4249251), (0.6586447, -0.59303373, 0.4631394), (0.68694293, -0.55703104, 0.46671808), (0.67397046, -0.60431975, 0.4249251), (0.6404303, -0.6404303, 0.42390826), (0.62712395, -0.62712395, 0.46198604), (0.6586447, -0.59303373, 0.4631394), (0.8446983, -0.0075182356, 0.5351898), (0.8432941, -0.051495902, 0.53497976), (0.81317395, -0.05152296, 0.57973576), (0.81431526, -0.0074880645, 0.5803746), (0.8432941, -0.051495902, 0.53497976), (0.8380012, -0.11039374, 0.5343848), (0.80864674, -0.11002114, 0.577915), (0.81317395, -0.05152296, 0.57973576), (0.8380012, -0.11039374, 0.5343848), (0.83206296, -0.15304115, 0.5331506), (0.80359674, -0.15155002, 0.57555604), (0.80864674, -0.11002114, 0.577915), (0.83206296, -0.15304115, 0.5331506), (0.8254923, -0.19267894, 0.5305066), (0.79788154, -0.18979007, 0.5721581), (0.80359674, -0.15155002, 0.57555604), (0.8254923, -0.19267894, 0.5305066), (0.8182957, -0.23169492, 0.5260321), (0.7913923, -0.22749738, 0.5674002), (0.79788154, -0.18979007, 0.5721581), (0.8182957, -0.23169492, 0.5260321), (0.809877, -0.2716022, 0.51993406), (0.7835429, -0.26651827, 0.561274), (0.7913923, -0.22749738, 0.5674002), (0.809877, -0.2716022, 0.51993406), (0.79952663, -0.31313193, 0.51254815), (0.773662, -0.30768275, 0.55387586), (0.7835429, -0.26651827, 0.561274), (0.79952663, -0.31313193, 0.51254815), (0.78668797, -0.3559058, 0.5044334), (0.7612961, -0.3503927, 0.5455761), (0.773662, -0.30768275, 0.55387586), (0.78668797, -0.3559058, 0.5044334), (0.7715208, -0.39828932, 0.49610603), (0.746823, -0.39249626, 0.5368446), (0.7612961, -0.3503927, 0.5455761), (0.7715208, -0.39828932, 0.49610603), (0.7542448, -0.43951347, 0.48779377), (0.73058707, -0.43306503, 0.52791786), (0.746823, -0.39249626, 0.5368446), (0.7542448, -0.43951347, 0.48779377), (0.734619, -0.47975677, 0.4797585), (0.7122897, -0.47248438, 0.51903945), (0.73058707, -0.43306503, 0.52791786), (0.734619, -0.47975677, 0.4797585), (0.7122902, -0.5190386, 0.4724846), (0.69150424, -0.51079416, 0.5107947), (0.7122897, -0.47248438, 0.51903945), (0.7122902, -0.5190386, 0.4724846), (0.68694293, -0.55703104, 0.46671808), (0.6680081, -0.5475327, 0.50395745), (0.69150424, -0.51079416, 0.5107947), (0.68694293, -0.55703104, 0.46671808), (0.6586447, -0.59303373, 0.4631394), (0.6419267, -0.5818121, 0.4994246), (0.6680081, -0.5475327, 0.50395745), (0.6586447, -0.59303373, 0.4631394), (0.62712395, -0.62712395, 0.46198604), (0.6132138, -0.6132138, 0.49793348), (0.6419267, -0.5818121, 0.4994246), (0.81431526, -0.0074880645, 0.5803746), (0.81317395, -0.05152296, 0.57973576), (0.78045565, -0.051114164, 0.6231182), (0.7813627, -0.0073147523, 0.6240343), (0.81317395, -0.05152296, 0.57973576), (0.80864674, -0.11002114, 0.577915), (0.776677, -0.10917963, 0.62036496), (0.78045565, -0.051114164, 0.6231182), (0.80864674, -0.11002114, 0.577915), (0.80359674, -0.15155002, 0.57555604), (0.77237195, -0.14995646, 0.6172151), (0.776677, -0.10917963, 0.62036496), (0.80359674, -0.15155002, 0.57555604), (0.79788154, -0.18979007, 0.5721581), (0.7673075, -0.1873295, 0.61330813), (0.77237195, -0.14995646, 0.6172151), (0.79788154, -0.18979007, 0.5721581), (0.7913923, -0.22749738, 0.5674002), (0.7613332, -0.22423537, 0.60835046), (0.7673075, -0.1873295, 0.61330813), (0.7913923, -0.22749738, 0.5674002), (0.7835429, -0.26651827, 0.561274), (0.7539141, -0.2627023, 0.6021636), (0.7613332, -0.22423537, 0.60835046), (0.7835429, -0.26651827, 0.561274), (0.773662, -0.30768275, 0.55387586), (0.7444502, -0.30365086, 0.5946344), (0.7539141, -0.2627023, 0.6021636), (0.773662, -0.30768275, 0.55387586), (0.7612961, -0.3503927, 0.5455761), (0.7326048, -0.34632015, 0.58596295), (0.7444502, -0.30365086, 0.5946344), (0.7612961, -0.3503927, 0.5455761), (0.746823, -0.39249626, 0.5368446), (0.71892107, -0.3881258, 0.5766376), (0.7326048, -0.34632015, 0.58596295), (0.746823, -0.39249626, 0.5368446), (0.73058707, -0.43306503, 0.52791786), (0.7038201, -0.42804348, 0.5669357), (0.71892107, -0.3881258, 0.5766376), (0.73058707, -0.43306503, 0.52791786), (0.7122897, -0.47248438, 0.51903945), (0.6869444, -0.46671772, 0.5570295), (0.7038201, -0.42804348, 0.5669357), (0.7122897, -0.47248438, 0.51903945), (0.69150424, -0.51079416, 0.5107947), (0.668009, -0.5039565, 0.54753256), (0.6869444, -0.46671772, 0.5570295), (0.69150424, -0.51079416, 0.5107947), (0.6680081, -0.5475327, 0.50395745), (0.6472553, -0.53900915, 0.539008), (0.668009, -0.5039565, 0.54753256), (0.6680081, -0.5475327, 0.50395745), (0.6419267, -0.5818121, 0.4994246), (0.62446886, -0.57119465, 0.53270566), (0.6472553, -0.53900915, 0.539008), (0.6419267, -0.5818121, 0.4994246), (0.6132138, -0.6132138, 0.49793348), (0.5993785, -0.59937847, 0.5305571), (0.62446886, -0.57119465, 0.53270566), (0.7813627, -0.0073147523, 0.6240343), (0.78045565, -0.051114164, 0.6231182), (0.7451843, -0.05047224, 0.6649458), (0.74595433, -0.0071167527, 0.6659592), (0.78045565, -0.051114164, 0.6231182), (0.776677, -0.10917963, 0.62036496), (0.7419284, -0.10814831, 0.6616995), (0.7451843, -0.05047224, 0.6649458), (0.776677, -0.10917963, 0.62036496), (0.77237195, -0.14995646, 0.6172151), (0.73810077, -0.14865047, 0.6581111), (0.7419284, -0.10814831, 0.6616995), (0.77237195, -0.14995646, 0.6172151), (0.7673075, -0.1873295, 0.61330813), (0.73345923, -0.18565361, 0.6538886), (0.73810077, -0.14865047, 0.6581111), (0.7673075, -0.1873295, 0.61330813), (0.7613332, -0.22423537, 0.60835046), (0.72783816, -0.22216782, 0.64876276), (0.73345923, -0.18565361, 0.6538886), (0.7613332, -0.22423537, 0.60835046), (0.7539141, -0.2627023, 0.6021636), (0.72077465, -0.2603628, 0.64241344), (0.72783816, -0.22216782, 0.64876276), (0.7539141, -0.2627023, 0.6021636), (0.7444502, -0.30365086, 0.5946344), (0.7117452, -0.30122393, 0.63457304), (0.72077465, -0.2603628, 0.64241344), (0.7444502, -0.30365086, 0.5946344), (0.7326048, -0.34632015, 0.58596295), (0.7005541, -0.34388337, 0.6252746), (0.7117452, -0.30122393, 0.63457304), (0.7326048, -0.34632015, 0.58596295), (0.71892107, -0.3881258, 0.5766376), (0.68781835, -0.38547012, 0.61507607), (0.7005541, -0.34388337, 0.6252746), (0.71892107, -0.3881258, 0.5766376), (0.7038201, -0.42804348, 0.5669357), (0.6739702, -0.42492625, 0.6043193), (0.68781835, -0.38547012, 0.61507607), (0.7038201, -0.42804348, 0.5669357), (0.6869444, -0.46671772, 0.5570295), (0.65864635, -0.4631378, 0.593033), (0.6739702, -0.42492625, 0.6043193), (0.6869444, -0.46671772, 0.5570295), (0.668009, -0.5039565, 0.54753256), (0.64192563, -0.4994254, 0.5818126), (0.65864635, -0.4631378, 0.593033), (0.668009, -0.5039565, 0.54753256), (0.6472553, -0.53900915, 0.539008), (0.62446946, -0.53270674, 0.571193), (0.64192563, -0.4994254, 0.5818126), (0.6472553, -0.53900915, 0.539008), (0.62446886, -0.57119465, 0.53270566), (0.6061642, -0.5623897, 0.56239027), (0.62446946, -0.53270674, 0.571193), (0.62446886, -0.57119465, 0.53270566), (0.5993785, -0.59937847, 0.5305571), (0.5862331, -0.5862331, 0.5591615), (0.6061642, -0.5623897, 0.56239027), (0.74595433, -0.0071167527, 0.6659592), (0.7451843, -0.05047224, 0.6649458), (0.7062231, -0.050025653, 0.70621973), (0.7070887, -0.0069439006, 0.7070908), (0.7451843, -0.05047224, 0.6649458), (0.7419284, -0.10814831, 0.6616995), (0.7030009, -0.10758822, 0.7030038), (0.7062231, -0.050025653, 0.70621973), (0.7419284, -0.10814831, 0.6616995), (0.73810077, -0.14865047, 0.6581111), (0.69931054, -0.14808105, 0.6993116), (0.7030009, -0.10758822, 0.7030038), (0.73810077, -0.14865047, 0.6581111), (0.73345923, -0.18565361, 0.6538886), (0.6948987, -0.18502805, 0.69489604), (0.69931054, -0.14808105, 0.6993116), (0.73345923, -0.18565361, 0.6538886), (0.72783816, -0.22216782, 0.64876276), (0.6895494, -0.22145858, 0.6895491), (0.6948987, -0.18502805, 0.69489604), (0.72783816, -0.22216782, 0.64876276), (0.72077465, -0.2603628, 0.64241344), (0.68286794, -0.25959432, 0.68286324), (0.6895494, -0.22145858, 0.6895491), (0.72077465, -0.2603628, 0.64241344), (0.7117452, -0.30122393, 0.63457304), (0.6744371, -0.3004386, 0.67444146), (0.68286794, -0.25959432, 0.68286324), (0.7117452, -0.30122393, 0.63457304), (0.7005541, -0.34388337, 0.6252746), (0.6641862, -0.34308884, 0.6641889), (0.6744371, -0.3004386, 0.67444146), (0.7005541, -0.34388337, 0.6252746), (0.68781835, -0.38547012, 0.61507607), (0.6527187, -0.38459948, 0.6527184), (0.6641862, -0.34308884, 0.6641889), (0.68781835, -0.38547012, 0.61507607), (0.6739702, -0.42492625, 0.6043193), (0.6404318, -0.4239057, 0.64043033), (0.6527187, -0.38459948, 0.6527184), (0.6739702, -0.42492625, 0.6043193), (0.65864635, -0.4631378, 0.593033), (0.6271233, -0.46198642, 0.62712437), (0.6404318, -0.4239057, 0.64043033), (0.65864635, -0.4631378, 0.593033), (0.64192563, -0.4994254, 0.5818126), (0.61321425, -0.49793237, 0.61321414), (0.6271233, -0.46198642, 0.62712437), (0.64192563, -0.4994254, 0.5818126), (0.62446946, -0.53270674, 0.571193), (0.5993801, -0.5305579, 0.59937626), (0.61321425, -0.49793237, 0.61321414), (0.62446946, -0.53270674, 0.571193), (0.6061642, -0.5623897, 0.56239027), (0.586232, -0.5591633, 0.5862324), (0.5993801, -0.5305579, 0.59937626), (0.6061642, -0.5623897, 0.56239027), (0.5862331, -0.5862331, 0.5591615), (0.57735056, -0.5773505, 0.5773497), (0.586232, -0.5591633, 0.5862324), (0.99984187, 0.012576563, 0.012576595), (0.99984175, -0.012576563, 0.012576595), (0.9988316, -0.0023652446, 0.048268914), (0.9988316, 0.0023652446, 0.048268914), (0.9988316, 0.0023652446, 0.048268914), (0.9988316, -0.0023652446, 0.048268914), (0.99529713, -0.0021851563, 0.09684448), (0.9952972, 0.0021851566, 0.096844494), (0.9952972, 0.0021851566, 0.096844494), (0.99529713, -0.0021851563, 0.09684448), (0.9893019, -0.0028540997, 0.14585482), (0.9893019, 0.0028540993, 0.14585479), (0.9893019, 0.0028540993, 0.14585479), (0.9893019, -0.0028540997, 0.14585482), (0.98075575, -0.0036715316, 0.19520439), (0.98075575, 0.0036715316, 0.19520439), (0.98075575, 0.0036715316, 0.19520439), (0.98075575, -0.0036715316, 0.19520439), (0.96957237, -0.004606209, 0.24476162), (0.96957237, 0.004606209, 0.24476162), (0.96957237, 0.004606209, 0.24476162), (0.96957237, -0.004606209, 0.24476162), (0.95568573, -0.005444349, 0.29433855), (0.95568573, 0.0054443483, 0.29433855), (0.95568573, 0.0054443483, 0.29433855), (0.95568573, -0.005444349, 0.29433855), (0.93904555, -0.0060999575, 0.34373868), (0.93904555, 0.0060999575, 0.34373868), (0.93904555, 0.0060999575, 0.34373868), (0.93904555, -0.0060999575, 0.34373868), (0.9196213, -0.0066590505, 0.39274976), (0.9196213, 0.0066590505, 0.39274976), (0.9196213, 0.0066590505, 0.39274976), (0.9196213, -0.0066590505, 0.39274976), (0.89740604, -0.00713417, 0.44114783), (0.89740604, 0.00713417, 0.44114786), (0.89740604, 0.00713417, 0.44114786), (0.89740604, -0.00713417, 0.44114783), (0.87241817, -0.007438229, 0.4887037), (0.87241817, 0.007438229, 0.4887037), (0.87241817, 0.007438229, 0.4887037), (0.87241817, -0.007438229, 0.4887037), (0.8446983, -0.0075182356, 0.5351898), (0.8446983, 0.0075182356, 0.53518987), (0.8446983, 0.0075182356, 0.53518987), (0.8446983, -0.0075182356, 0.5351898), (0.81431526, -0.0074880645, 0.5803746), (0.81431526, 0.0074880635, 0.58037454), (0.81431526, 0.0074880635, 0.58037454), (0.81431526, -0.0074880645, 0.5803746), (0.7813627, -0.0073147523, 0.6240343), (0.7813627, 0.0073147523, 0.6240343), (0.7813627, 0.0073147523, 0.6240343), (0.7813627, -0.0073147523, 0.6240343), (0.74595433, -0.0071167527, 0.6659592), (0.74595433, 0.0071167527, 0.6659592), (0.74595433, 0.0071167527, 0.6659592), (0.74595433, -0.0071167527, 0.6659592), (0.7070887, -0.0069439006, 0.7070908), (0.7070887, 0.0069439006, 0.7070907), (0.99984187, 0.012576563, 0.012576595), (0.9988316, 0.0023652446, 0.048268914), (0.99826944, 0.04158221, 0.041582573), (0.99883157, 0.04826888, 0.0023734923), (0.9988316, 0.0023652446, 0.048268914), (0.9952972, 0.0021851566, 0.096844494), (0.99423677, 0.035897262, 0.10101857), (0.99826944, 0.04158221, 0.041582573), (0.9952972, 0.0021851566, 0.096844494), (0.9893019, 0.0028540993, 0.14585479), (0.9880625, 0.035291687, 0.14995651), (0.99423677, 0.035897262, 0.10101857), (0.9893019, 0.0028540993, 0.14585479), (0.98075575, 0.0036715316, 0.19520439), (0.9792666, 0.037705537, 0.19903603), (0.9880625, 0.035291687, 0.14995651), (0.98075575, 0.0036715316, 0.19520439), (0.96957237, 0.004606209, 0.24476162), (0.96785545, 0.0406713, 0.24819635), (0.9792666, 0.037705537, 0.19903603), (0.96957237, 0.004606209, 0.24476162), (0.95568573, 0.0054443483, 0.29433855), (0.9538396, 0.04351612, 0.29714692), (0.96785545, 0.0406713, 0.24819635), (0.95568573, 0.0054443483, 0.29433855), (0.93904555, 0.0060999575, 0.34373868), (0.9371337, 0.045943443, 0.34593287), (0.9538396, 0.04351612, 0.29714692), (0.93904555, 0.0060999575, 0.34373868), (0.9196213, 0.0066590505, 0.39274976), (0.9176825, 0.048064332, 0.3943964), (0.9371337, 0.045943443, 0.34593287), (0.9196213, 0.0066590505, 0.39274976), (0.89740604, 0.00713417, 0.44114786), (0.89553875, 0.049834535, 0.44218424), (0.9176825, 0.048064332, 0.3943964), (0.89740604, 0.00713417, 0.44114786), (0.87241817, 0.007438229, 0.4887037), (0.87075615, 0.051004555, 0.48906267), (0.89553875, 0.049834535, 0.44218424), (0.87241817, 0.007438229, 0.4887037), (0.8446983, 0.0075182356, 0.53518987), (0.8432941, 0.051495902, 0.53497976), (0.87075615, 0.051004555, 0.48906267), (0.8446983, 0.0075182356, 0.53518987), (0.81431526, 0.0074880635, 0.58037454), (0.8131739, 0.05152295, 0.57973576), (0.8432941, 0.051495902, 0.53497976), (0.81431526, 0.0074880635, 0.58037454), (0.7813627, 0.0073147523, 0.6240343), (0.78045565, 0.051114164, 0.6231182), (0.8131739, 0.05152295, 0.57973576), (0.7813627, 0.0073147523, 0.6240343), (0.74595433, 0.0071167527, 0.6659592), (0.7451843, 0.05047224, 0.6649458), (0.78045565, 0.051114164, 0.6231182), (0.74595433, 0.0071167527, 0.6659592), (0.7070887, 0.0069439006, 0.7070907), (0.7062231, 0.050025653, 0.70621973), (0.7451843, 0.05047224, 0.6649458), (0.99883157, 0.04826888, 0.0023734923), (0.99826944, 0.04158221, 0.041582573), (0.99423665, 0.10101875, 0.035897065), (0.995297, 0.09684501, 0.0022007616), (0.99826944, 0.04158221, 0.041582573), (0.99423677, 0.035897262, 0.10101857), (0.9903848, 0.097821005, 0.09782061), (0.99423665, 0.10101875, 0.035897065), (0.99423677, 0.035897262, 0.10101857), (0.9880625, 0.035291687, 0.14995651), (0.9831783, 0.09559384, 0.15563506), (0.9903848, 0.097821005, 0.09782061), (0.9880625, 0.035291687, 0.14995651), (0.9792666, 0.037705537, 0.19903603), (0.9733677, 0.09657761, 0.2079136), (0.9831783, 0.09559384, 0.15563506), (0.9792666, 0.037705537, 0.19903603), (0.96785545, 0.0406713, 0.24819635), (0.9614571, 0.098852806, 0.25657058), (0.9733677, 0.09657761, 0.2079136), (0.96785545, 0.0406713, 0.24819635), (0.9538396, 0.04351612, 0.29714692), (0.94711477, 0.10161214, 0.30438223), (0.9614571, 0.098852806, 0.25657058), (0.9538396, 0.04351612, 0.29714692), (0.9371337, 0.045943443, 0.34593287), (0.9302442, 0.10442994, 0.35176733), (0.94711477, 0.10161214, 0.30438223), (0.9371337, 0.045943443, 0.34593287), (0.9176825, 0.048064332, 0.3943964), (0.9108193, 0.10696372, 0.39870682), (0.9302442, 0.10442994, 0.35176733), (0.9176825, 0.048064332, 0.3943964), (0.89553875, 0.049834535, 0.44218424), (0.8889761, 0.10892191, 0.44481182), (0.9108193, 0.10696372, 0.39870682), (0.89553875, 0.049834535, 0.44218424), (0.87075615, 0.051004555, 0.48906267), (0.8647564, 0.11007111, 0.48998034), (0.8889761, 0.10892191, 0.44481182), (0.87075615, 0.051004555, 0.48906267), (0.8432941, 0.051495902, 0.53497976), (0.8380012, 0.11039374, 0.5343848), (0.8647564, 0.11007111, 0.48998034), (0.8432941, 0.051495902, 0.53497976), (0.8131739, 0.05152295, 0.57973576), (0.80864674, 0.11002115, 0.577915), (0.8380012, 0.11039374, 0.5343848), (0.8131739, 0.05152295, 0.57973576), (0.78045565, 0.051114164, 0.6231182), (0.776677, 0.10917963, 0.62036496), (0.80864674, 0.11002115, 0.577915), (0.78045565, 0.051114164, 0.6231182), (0.7451843, 0.05047224, 0.6649458), (0.7419284, 0.10814831, 0.6616995), (0.776677, 0.10917963, 0.62036496), (0.7451843, 0.05047224, 0.6649458), (0.7062231, 0.050025653, 0.70621973), (0.7030009, 0.10758822, 0.7030038), (0.7419284, 0.10814831, 0.6616995), (0.995297, 0.09684501, 0.0022007616), (0.99423665, 0.10101875, 0.035897065), (0.98806244, 0.14995673, 0.035291545), (0.98930186, 0.14585473, 0.0028763104), (0.99423665, 0.10101875, 0.035897065), (0.9903848, 0.097821005, 0.09782061), (0.9831783, 0.15563531, 0.0955934), (0.98806244, 0.14995673, 0.035291545), (0.9903848, 0.097821005, 0.09782061), (0.9831783, 0.09559384, 0.15563506), (0.9754171, 0.15582302, 0.15582283), (0.9831783, 0.15563531, 0.0955934), (0.9831783, 0.09559384, 0.15563506), (0.9733677, 0.09657761, 0.2079136), (0.9653279, 0.15414762, 0.21066709), (0.9754171, 0.15582302, 0.15582283), (0.9733677, 0.09657761, 0.2079136), (0.9614571, 0.098852806, 0.25657058), (0.9530774, 0.15334226, 0.2610168), (0.9653279, 0.15414762, 0.21066709), (0.9614571, 0.098852806, 0.25657058), (0.94711477, 0.10161214, 0.30438223), (0.9384632, 0.1534212, 0.30943274), (0.9530774, 0.15334226, 0.2610168), (0.94711477, 0.10161214, 0.30438223), (0.9302442, 0.10442994, 0.35176733), (0.9215762, 0.15406626, 0.35631597), (0.9384632, 0.1534212, 0.30943274), (0.9302442, 0.10442994, 0.35176733), (0.9108193, 0.10696372, 0.39870682), (0.9025242, 0.15463072, 0.40191978), (0.9215762, 0.15406626, 0.35631597), (0.9108193, 0.10696372, 0.39870682), (0.8889761, 0.10892191, 0.44481182), (0.88134474, 0.15465702, 0.44644433), (0.9025242, 0.15463072, 0.40191978), (0.8889761, 0.10892191, 0.44481182), (0.8647564, 0.11007111, 0.48998034), (0.85792834, 0.15410492, 0.49011308), (0.88134474, 0.15465702, 0.44644433), (0.8647564, 0.11007111, 0.48998034), (0.8380012, 0.11039374, 0.5343848), (0.83206296, 0.15304117, 0.5331506), (0.85792834, 0.15410492, 0.49011308), (0.8380012, 0.11039374, 0.5343848), (0.80864674, 0.11002115, 0.577915), (0.80359674, 0.15155002, 0.57555604), (0.83206296, 0.15304117, 0.5331506), (0.80864674, 0.11002115, 0.577915), (0.776677, 0.10917963, 0.62036496), (0.77237195, 0.14995646, 0.61721516), (0.80359674, 0.15155002, 0.57555604), (0.776677, 0.10917963, 0.62036496), (0.7419284, 0.10814831, 0.6616995), (0.7381008, 0.14865047, 0.6581111), (0.77237195, 0.14995646, 0.61721516), (0.7419284, 0.10814831, 0.6616995), (0.7030009, 0.10758822, 0.7030038), (0.69931054, 0.14808105, 0.6993116), (0.7381008, 0.14865047, 0.6581111), (0.98930186, 0.14585473, 0.0028763104), (0.98806244, 0.14995673, 0.035291545), (0.9792666, 0.19903566, 0.037705995), (0.98075557, 0.19520438, 0.0037003197), (0.98806244, 0.14995673, 0.035291545), (0.9831783, 0.15563531, 0.0955934), (0.9733679, 0.20791343, 0.09657695), (0.9792666, 0.19903566, 0.037705995), (0.9831783, 0.15563531, 0.0955934), (0.9754171, 0.15582302, 0.15582283), (0.9653279, 0.21066652, 0.15414777), (0.9733679, 0.20791343, 0.09657695), (0.9754171, 0.15582302, 0.15582283), (0.9653279, 0.15414762, 0.21066709), (0.9550521, 0.20961332, 0.20961368), (0.9653279, 0.21066652, 0.15414777), (0.9653279, 0.15414762, 0.21066709), (0.9530774, 0.15334226, 0.2610168), (0.9424937, 0.20780076, 0.26177162), (0.9550521, 0.20961332, 0.20961368), (0.9530774, 0.15334226, 0.2610168), (0.9384632, 0.1534212, 0.30943274), (0.92783076, 0.20579153, 0.31109458), (0.9424937, 0.20780076, 0.26177162), (0.9384632, 0.1534212, 0.30943274), (0.9215762, 0.15406626, 0.35631597), (0.9113117, 0.2036965, 0.35779685), (0.92783076, 0.20579153, 0.31109458), (0.9215762, 0.15406626, 0.35631597), (0.9025242, 0.15463072, 0.40191978), (0.8930437, 0.20135607, 0.40240374), (0.9113117, 0.2036965, 0.35779685), (0.9025242, 0.15463072, 0.40191978), (0.88134474, 0.15465702, 0.44644433), (0.8728405, 0.1986372, 0.4457497), (0.8930437, 0.20135607, 0.40240374), (0.88134474, 0.15465702, 0.44644433), (0.85792834, 0.15410492, 0.49011308), (0.850403, 0.19568497, 0.48838726), (0.8728405, 0.1986372, 0.4457497), (0.85792834, 0.15410492, 0.49011308), (0.83206296, 0.15304117, 0.5331506), (0.8254923, 0.19267894, 0.5305066), (0.850403, 0.19568497, 0.48838726), (0.83206296, 0.15304117, 0.5331506), (0.80359674, 0.15155002, 0.57555604), (0.7978814, 0.18979007, 0.5721581), (0.8254923, 0.19267894, 0.5305066), (0.80359674, 0.15155002, 0.57555604), (0.77237195, 0.14995646, 0.61721516), (0.76730746, 0.18732949, 0.6133081), (0.7978814, 0.18979007, 0.5721581), (0.77237195, 0.14995646, 0.61721516), (0.7381008, 0.14865047, 0.6581111), (0.73345923, 0.1856536, 0.6538885), (0.76730746, 0.18732949, 0.6133081), (0.7381008, 0.14865047, 0.6581111), (0.69931054, 0.14808105, 0.6993116), (0.6948987, 0.18502805, 0.69489604), (0.73345923, 0.1856536, 0.6538885), (0.98075557, 0.19520438, 0.0037003197), (0.9792666, 0.19903566, 0.037705995), (0.9678557, 0.24819565, 0.040671214), (0.96957195, 0.24476223, 0.004639091), (0.9792666, 0.19903566, 0.037705995), (0.9733679, 0.20791343, 0.09657695), (0.96145713, 0.25657067, 0.09885219), (0.9678557, 0.24819565, 0.040671214), (0.9733679, 0.20791343, 0.09657695), (0.9653279, 0.21066652, 0.15414777), (0.9530772, 0.26101735, 0.15334234), (0.96145713, 0.25657067, 0.09885219), (0.9653279, 0.21066652, 0.15414777), (0.9550521, 0.20961332, 0.20961368), (0.9424937, 0.26177147, 0.20780145), (0.9530772, 0.26101735, 0.15334234), (0.9550521, 0.20961332, 0.20961368), (0.9424937, 0.20780076, 0.26177162), (0.9299135, 0.2600588, 0.2600579), (0.9424937, 0.26177147, 0.20780145), (0.9424937, 0.20780076, 0.26177162), (0.92783076, 0.20579153, 0.31109458), (0.9157079, 0.25662985, 0.3092252), (0.9299135, 0.2600588, 0.2600579), (0.92783076, 0.20579153, 0.31109458), (0.9113117, 0.2036965, 0.35779685), (0.9000542, 0.25210238, 0.35545298), (0.9157079, 0.25662985, 0.3092252), (0.9113117, 0.2036965, 0.35779685), (0.8930437, 0.20135607, 0.40240374), (0.8828814, 0.24700555, 0.39938515), (0.9000542, 0.25210238, 0.35545298), (0.8930437, 0.20135607, 0.40240374), (0.8728405, 0.1986372, 0.4457497), (0.8637731, 0.24172458, 0.44211444), (0.8828814, 0.24700555, 0.39938515), (0.8728405, 0.1986372, 0.4457497), (0.850403, 0.19568497, 0.48838726), (0.84233284, 0.2365278, 0.484283), (0.8637731, 0.24172458, 0.44211444), (0.850403, 0.19568497, 0.48838726), (0.8254923, 0.19267894, 0.5305066), (0.81829566, 0.23169492, 0.52603215), (0.84233284, 0.2365278, 0.484283), (0.8254923, 0.19267894, 0.5305066), (0.7978814, 0.18979007, 0.5721581), (0.7913924, 0.22749743, 0.56740034), (0.81829566, 0.23169492, 0.52603215), (0.7978814, 0.18979007, 0.5721581), (0.76730746, 0.18732949, 0.6133081), (0.7613332, 0.22423537, 0.60835046), (0.7913924, 0.22749743, 0.56740034), (0.76730746, 0.18732949, 0.6133081), (0.73345923, 0.1856536, 0.6538885), (0.72783816, 0.2221678, 0.64876276), (0.7613332, 0.22423537, 0.60835046), (0.73345923, 0.1856536, 0.6538885), (0.6948987, 0.18502805, 0.69489604), (0.6895494, 0.22145858, 0.6895491), (0.72783816, 0.2221678, 0.64876276), (0.96957195, 0.24476223, 0.004639091), (0.9678557, 0.24819565, 0.040671214), (0.95383954, 0.29714718, 0.04351658), (0.95568556, 0.29433826, 0.0054804226), (0.9678557, 0.24819565, 0.040671214), (0.96145713, 0.25657067, 0.09885219), (0.9471145, 0.30438298, 0.10161275), (0.95383954, 0.29714718, 0.04351658), (0.96145713, 0.25657067, 0.09885219), (0.9530772, 0.26101735, 0.15334234), (0.93846303, 0.30943367, 0.1534207), (0.9471145, 0.30438298, 0.10161275), (0.9530772, 0.26101735, 0.15334234), (0.9424937, 0.26177147, 0.20780145), (0.9278303, 0.31109586, 0.2057921), (0.93846303, 0.30943367, 0.1534207), (0.9424937, 0.26177147, 0.20780145), (0.9299135, 0.2600588, 0.2600579), (0.915708, 0.30922496, 0.2566299), (0.9278303, 0.31109586, 0.2057921), (0.9299135, 0.2600588, 0.2600579), (0.9157079, 0.25662985, 0.3092252), (0.902401, 0.30469078, 0.30469), (0.915708, 0.30922496, 0.2566299), (0.9157079, 0.25662985, 0.3092252), (0.9000542, 0.25210238, 0.35545298), (0.887884, 0.29841107, 0.35016096), (0.902401, 0.30469078, 0.30469), (0.9000542, 0.25210238, 0.35545298), (0.8828814, 0.24700555, 0.39938515), (0.87184286, 0.29140562, 0.39366576), (0.887884, 0.29841107, 0.35016096), (0.8828814, 0.24700555, 0.39938515), (0.8637731, 0.24172458, 0.44211444), (0.8537423, 0.28437772, 0.4361805), (0.87184286, 0.29140562, 0.39366576), (0.8637731, 0.24172458, 0.44211444), (0.84233284, 0.2365278, 0.484283), (0.83318275, 0.27766052, 0.47823763), (0.8537423, 0.28437772, 0.4361805), (0.84233284, 0.2365278, 0.484283), (0.81829566, 0.23169492, 0.52603215), (0.809877, 0.2716022, 0.51993406), (0.83318275, 0.27766052, 0.47823763), (0.81829566, 0.23169492, 0.52603215), (0.7913924, 0.22749743, 0.56740034), (0.7835429, 0.26651827, 0.56127405), (0.809877, 0.2716022, 0.51993406), (0.7913924, 0.22749743, 0.56740034), (0.7613332, 0.22423537, 0.60835046), (0.7539141, 0.2627023, 0.6021636), (0.7835429, 0.26651827, 0.56127405), (0.7613332, 0.22423537, 0.60835046), (0.72783816, 0.2221678, 0.64876276), (0.72077465, 0.2603628, 0.64241344), (0.7539141, 0.2627023, 0.6021636), (0.72783816, 0.2221678, 0.64876276), (0.6895494, 0.22145858, 0.6895491), (0.68286794, 0.25959432, 0.68286324), (0.72077465, 0.2603628, 0.64241344), (0.95568556, 0.29433826, 0.0054804226), (0.95383954, 0.29714718, 0.04351658), (0.93713367, 0.34593296, 0.045944598), (0.9390452, 0.343739, 0.006139337), (0.95383954, 0.29714718, 0.04351658), (0.9471145, 0.30438298, 0.10161275), (0.9302442, 0.35176733, 0.1044297), (0.93713367, 0.34593296, 0.045944598), (0.9471145, 0.30438298, 0.10161275), (0.93846303, 0.30943367, 0.1534207), (0.92157626, 0.3563155, 0.15406667), (0.9302442, 0.35176733, 0.1044297), (0.93846303, 0.30943367, 0.1534207), (0.9278303, 0.31109586, 0.2057921), (0.9113123, 0.35779586, 0.20369582), (0.92157626, 0.3563155, 0.15406667), (0.9278303, 0.31109586, 0.2057921), (0.915708, 0.30922496, 0.2566299), (0.90005505, 0.35545176, 0.25210106), (0.9113123, 0.35779586, 0.20369582), (0.915708, 0.30922496, 0.2566299), (0.902401, 0.30469078, 0.30469), (0.8878836, 0.35016194, 0.29841137), (0.90005505, 0.35545176, 0.25210106), (0.902401, 0.30469078, 0.30469), (0.887884, 0.29841107, 0.35016096), (0.87451786, 0.34294197, 0.34294203), (0.8878836, 0.35016194, 0.29841137), (0.887884, 0.29841107, 0.35016096), (0.87184286, 0.29140562, 0.39366576), (0.8594444, 0.33499333, 0.3861799), (0.87451786, 0.34294197, 0.34294203), (0.87184286, 0.29140562, 0.39366576), (0.8537423, 0.28437772, 0.4361805), (0.8421444, 0.32712862, 0.4286953), (0.8594444, 0.33499333, 0.3861799), (0.8537423, 0.28437772, 0.4361805), (0.83318275, 0.27766052, 0.47823763), (0.8222674, 0.31972203, 0.47080156), (0.8421444, 0.32712862, 0.4286953), (0.83318275, 0.27766052, 0.47823763), (0.809877, 0.2716022, 0.51993406), (0.79952663, 0.31313193, 0.5125481), (0.8222674, 0.31972203, 0.47080156), (0.809877, 0.2716022, 0.51993406), (0.7835429, 0.26651827, 0.56127405), (0.773662, 0.30768275, 0.55387586), (0.79952663, 0.31313193, 0.5125481), (0.7835429, 0.26651827, 0.56127405), (0.7539141, 0.2627023, 0.6021636), (0.7444502, 0.30365086, 0.5946345), (0.773662, 0.30768275, 0.55387586), (0.7539141, 0.2627023, 0.6021636), (0.72077465, 0.2603628, 0.64241344), (0.71174514, 0.3012239, 0.634573), (0.7444502, 0.30365086, 0.5946345), (0.72077465, 0.2603628, 0.64241344), (0.68286794, 0.25959432, 0.68286324), (0.6744371, 0.3004386, 0.67444146), (0.71174514, 0.3012239, 0.634573), (0.9390452, 0.343739, 0.006139337), (0.93713367, 0.34593296, 0.045944598), (0.91768265, 0.39439633, 0.048064172), (0.91962063, 0.3927506, 0.006697902), (0.93713367, 0.34593296, 0.045944598), (0.9302442, 0.35176733, 0.1044297), (0.9108194, 0.3987064, 0.10696349), (0.91768265, 0.39439633, 0.048064172), (0.9302442, 0.35176733, 0.1044297), (0.92157626, 0.3563155, 0.15406667), (0.90252423, 0.4019202, 0.15462951), (0.9108194, 0.3987064, 0.10696349), (0.92157626, 0.3563155, 0.15406667), (0.9113123, 0.35779586, 0.20369582), (0.89304394, 0.4024033, 0.201356), (0.90252423, 0.4019202, 0.15462951), (0.9113123, 0.35779586, 0.20369582), (0.90005505, 0.35545176, 0.25210106), (0.8828807, 0.39938572, 0.24700767), (0.89304394, 0.4024033, 0.201356), (0.90005505, 0.35545176, 0.25210106), (0.8878836, 0.35016194, 0.29841137), (0.87184256, 0.39366624, 0.2914062), (0.8828807, 0.39938572, 0.24700767), (0.8878836, 0.35016194, 0.29841137), (0.87451786, 0.34294197, 0.34294203), (0.85944474, 0.38618, 0.33499223), (0.87184256, 0.39366624, 0.2914062), (0.87451786, 0.34294197, 0.34294203), (0.8594444, 0.33499333, 0.3861799), (0.84508735, 0.37803903, 0.3780396), (0.85944474, 0.38618, 0.33499223), (0.8594444, 0.33499333, 0.3861799), (0.8421444, 0.32712862, 0.4286953), (0.8283379, 0.37005484, 0.42061356), (0.84508735, 0.37803903, 0.3780396), (0.8421444, 0.32712862, 0.4286953), (0.8222674, 0.31972203, 0.47080156), (0.8089572, 0.36256668, 0.4627459), (0.8283379, 0.37005484, 0.42061356), (0.8222674, 0.31972203, 0.47080156), (0.79952663, 0.31313193, 0.5125481), (0.78668797, 0.35590586, 0.5044334), (0.8089572, 0.36256668, 0.4627459), (0.79952663, 0.31313193, 0.5125481), (0.773662, 0.30768275, 0.55387586), (0.7612961, 0.3503927, 0.5455761), (0.78668797, 0.35590586, 0.5044334), (0.773662, 0.30768275, 0.55387586), (0.7444502, 0.30365086, 0.5946345), (0.7326048, 0.34632015, 0.58596295), (0.7612961, 0.3503927, 0.5455761), (0.7444502, 0.30365086, 0.5946345), (0.71174514, 0.3012239, 0.634573), (0.7005541, 0.34388337, 0.62527454), (0.7326048, 0.34632015, 0.58596295), (0.71174514, 0.3012239, 0.634573), (0.6744371, 0.3004386, 0.67444146), (0.6641862, 0.34308884, 0.6641889), (0.7005541, 0.34388337, 0.62527454), (0.91962063, 0.3927506, 0.006697902), (0.91768265, 0.39439633, 0.048064172), (0.895539, 0.44218367, 0.049834516), (0.8974062, 0.44114712, 0.007172541), (0.91768265, 0.39439633, 0.048064172), (0.9108194, 0.3987064, 0.10696349), (0.8889766, 0.44481096, 0.108922556), (0.895539, 0.44218367, 0.049834516), (0.9108194, 0.3987064, 0.10696349), (0.90252423, 0.4019202, 0.15462951), (0.8813447, 0.44644448, 0.1546573), (0.8889766, 0.44481096, 0.108922556), (0.90252423, 0.4019202, 0.15462951), (0.89304394, 0.4024033, 0.201356), (0.8728398, 0.4457512, 0.19863662), (0.8813447, 0.44644448, 0.1546573), (0.89304394, 0.4024033, 0.201356), (0.8828807, 0.39938572, 0.24700767), (0.8637726, 0.44211587, 0.24172415), (0.8728398, 0.4457512, 0.19863662), (0.8828807, 0.39938572, 0.24700767), (0.87184256, 0.39366624, 0.2914062), (0.85374343, 0.4361783, 0.28437757), (0.8637726, 0.44211587, 0.24172415), (0.87184256, 0.39366624, 0.2914062), (0.85944474, 0.38618, 0.33499223), (0.8421456, 0.4286939, 0.32712725), (0.85374343, 0.4361783, 0.28437757), (0.85944474, 0.38618, 0.33499223), (0.84508735, 0.37803903, 0.3780396), (0.82833743, 0.42061436, 0.37005478), (0.8421456, 0.4286939, 0.32712725), (0.84508735, 0.37803903, 0.3780396), (0.8283379, 0.37005484, 0.42061356), (0.8120479, 0.41266003, 0.412662), (0.82833743, 0.42061436, 0.37005478), (0.8283379, 0.37005484, 0.42061356), (0.8089572, 0.36256668, 0.4627459), (0.7931879, 0.40512243, 0.45467436), (0.8120479, 0.41266003, 0.412662), (0.8089572, 0.36256668, 0.4627459), (0.78668797, 0.35590586, 0.5044334), (0.7715208, 0.39828932, 0.49610603), (0.7931879, 0.40512243, 0.45467436), (0.78668797, 0.35590586, 0.5044334), (0.7612961, 0.3503927, 0.5455761), (0.746823, 0.39249626, 0.5368446), (0.7715208, 0.39828932, 0.49610603), (0.7612961, 0.3503927, 0.5455761), (0.7326048, 0.34632015, 0.58596295), (0.71892107, 0.3881258, 0.5766376), (0.746823, 0.39249626, 0.5368446), (0.7326048, 0.34632015, 0.58596295), (0.7005541, 0.34388337, 0.62527454), (0.68781835, 0.38547015, 0.6150761), (0.71892107, 0.3881258, 0.5766376), (0.7005541, 0.34388337, 0.62527454), (0.6641862, 0.34308884, 0.6641889), (0.6527187, 0.38459948, 0.6527184), (0.68781835, 0.38547015, 0.6150761), (0.8974062, 0.44114712, 0.007172541), (0.895539, 0.44218367, 0.049834516), (0.87075675, 0.48906156, 0.05100429), (0.8724176, 0.48870397, 0.0074743163), (0.895539, 0.44218367, 0.049834516), (0.8889766, 0.44481096, 0.108922556), (0.8647566, 0.48997977, 0.110071994), (0.87075675, 0.48906156, 0.05100429), (0.8889766, 0.44481096, 0.108922556), (0.8813447, 0.44644448, 0.1546573), (0.85792863, 0.49011207, 0.15410665), (0.8647566, 0.48997977, 0.110071994), (0.8813447, 0.44644448, 0.1546573), (0.8728398, 0.4457512, 0.19863662), (0.85040337, 0.488386, 0.19568612), (0.85792863, 0.49011207, 0.15410665), (0.8728398, 0.4457512, 0.19863662), (0.8637726, 0.44211587, 0.24172415), (0.8423331, 0.48428383, 0.23652565), (0.85040337, 0.488386, 0.19568612), (0.8637726, 0.44211587, 0.24172415), (0.85374343, 0.4361783, 0.28437757), (0.8331827, 0.4782392, 0.27765787), (0.8423331, 0.48428383, 0.23652565), (0.85374343, 0.4361783, 0.28437757), (0.8421456, 0.4286939, 0.32712725), (0.82226664, 0.47080147, 0.31972408), (0.8331827, 0.4782392, 0.27765787), (0.8421456, 0.4286939, 0.32712725), (0.82833743, 0.42061436, 0.37005478), (0.8089563, 0.4627468, 0.36256722), (0.82226664, 0.47080147, 0.31972408), (0.82833743, 0.42061436, 0.37005478), (0.8120479, 0.41266003, 0.412662), (0.7931886, 0.45467377, 0.4051217), (0.8089563, 0.4627468, 0.36256722), (0.8120479, 0.41266003, 0.412662), (0.7931879, 0.40512243, 0.45467436), (0.77502304, 0.44684365, 0.44684443), (0.7931886, 0.45467377, 0.4051217), (0.7931879, 0.40512243, 0.45467436), (0.7715208, 0.39828932, 0.49610603), (0.7542448, 0.43951347, 0.48779377), (0.77502304, 0.44684365, 0.44684443), (0.7715208, 0.39828932, 0.49610603), (0.746823, 0.39249626, 0.5368446), (0.73058707, 0.43306503, 0.52791786), (0.7542448, 0.43951347, 0.48779377), (0.746823, 0.39249626, 0.5368446), (0.71892107, 0.3881258, 0.5766376), (0.7038201, 0.42804343, 0.5669357), (0.73058707, 0.43306503, 0.52791786), (0.71892107, 0.3881258, 0.5766376), (0.68781835, 0.38547015, 0.6150761), (0.6739702, 0.42492625, 0.60431933), (0.7038201, 0.42804343, 0.5669357), (0.68781835, 0.38547015, 0.6150761), (0.6527187, 0.38459948, 0.6527184), (0.6404318, 0.4239057, 0.64043033), (0.6739702, 0.42492625, 0.60431933), (0.8724176, 0.48870397, 0.0074743163), (0.87075675, 0.48906156, 0.05100429), (0.8432943, 0.53497946, 0.05149412), (0.844698, 0.5351901, 0.007548165), (0.87075675, 0.48906156, 0.05100429), (0.8647566, 0.48997977, 0.110071994), (0.8380009, 0.53438514, 0.11039454), (0.8432943, 0.53497946, 0.05149412), (0.8647566, 0.48997977, 0.110071994), (0.85792863, 0.49011207, 0.15410665), (0.832063, 0.5331505, 0.15304099), (0.8380009, 0.53438514, 0.11039454), (0.85792863, 0.49011207, 0.15410665), (0.85040337, 0.488386, 0.19568612), (0.8254922, 0.5305062, 0.19268046), (0.832063, 0.5331505, 0.15304099), (0.85040337, 0.488386, 0.19568612), (0.8423331, 0.48428383, 0.23652565), (0.8182958, 0.52603066, 0.23169737), (0.8254922, 0.5305062, 0.19268046), (0.8423331, 0.48428383, 0.23652565), (0.8331827, 0.4782392, 0.27765787), (0.8098775, 0.5199341, 0.2716007), (0.8182958, 0.52603066, 0.23169737), (0.8331827, 0.4782392, 0.27765787), (0.82226664, 0.47080147, 0.31972408), (0.79952645, 0.5125496, 0.31313), (0.8098775, 0.5199341, 0.2716007), (0.82226664, 0.47080147, 0.31972408), (0.8089563, 0.4627468, 0.36256722), (0.78668904, 0.50443256, 0.3559051), (0.79952645, 0.5125496, 0.31313), (0.8089563, 0.4627468, 0.36256722), (0.7931886, 0.45467377, 0.4051217), (0.7715204, 0.4961069, 0.39828917), (0.78668904, 0.50443256, 0.3559051), (0.7931886, 0.45467377, 0.4051217), (0.77502304, 0.44684365, 0.44684443), (0.7542444, 0.48779377, 0.43951407), (0.7715204, 0.4961069, 0.39828917), (0.77502304, 0.44684365, 0.44684443), (0.7542448, 0.43951347, 0.48779377), (0.7346191, 0.47975677, 0.4797585), (0.7542444, 0.48779377, 0.43951407), (0.7542448, 0.43951347, 0.48779377), (0.73058707, 0.43306503, 0.52791786), (0.7122897, 0.47248438, 0.51903945), (0.7346191, 0.47975677, 0.4797585), (0.73058707, 0.43306503, 0.52791786), (0.7038201, 0.42804343, 0.5669357), (0.6869444, 0.46671772, 0.5570295), (0.7122897, 0.47248438, 0.51903945), (0.7038201, 0.42804343, 0.5669357), (0.6739702, 0.42492625, 0.60431933), (0.65864635, 0.4631378, 0.593033), (0.6869444, 0.46671772, 0.5570295), (0.6739702, 0.42492625, 0.60431933), (0.6404318, 0.4239057, 0.64043033), (0.6271233, 0.46198642, 0.62712437), (0.65864635, 0.4631378, 0.593033), (0.844698, 0.5351901, 0.007548165), (0.8432943, 0.53497946, 0.05149412), (0.81317395, 0.57973576, 0.05152253), (0.81431615, 0.58037287, 0.0075134723), (0.8432943, 0.53497946, 0.05149412), (0.8380009, 0.53438514, 0.11039454), (0.8086459, 0.577916, 0.11002262), (0.81317395, 0.57973576, 0.05152253), (0.8380009, 0.53438514, 0.11039454), (0.832063, 0.5331505, 0.15304099), (0.80359584, 0.5755571, 0.15155093), (0.8086459, 0.577916, 0.11002262), (0.832063, 0.5331505, 0.15304099), (0.8254922, 0.5305062, 0.19268046), (0.79788077, 0.5721591, 0.18979), (0.80359584, 0.5755571, 0.15155093), (0.8254922, 0.5305062, 0.19268046), (0.8182958, 0.52603066, 0.23169737), (0.79139316, 0.5673998, 0.22749577), (0.79788077, 0.5721591, 0.18979), (0.8182958, 0.52603066, 0.23169737), (0.8098775, 0.5199341, 0.2716007), (0.78354406, 0.5612723, 0.26651865), (0.79139316, 0.5673998, 0.22749577), (0.8098775, 0.5199341, 0.2716007), (0.79952645, 0.5125496, 0.31313), (0.77366155, 0.5538759, 0.30768377), (0.78354406, 0.5612723, 0.26651865), (0.79952645, 0.5125496, 0.31313), (0.78668904, 0.50443256, 0.3559051), (0.761296, 0.54557604, 0.35039306), (0.77366155, 0.5538759, 0.30768377), (0.78668904, 0.50443256, 0.3559051), (0.7715204, 0.4961069, 0.39828917), (0.7468233, 0.53684384, 0.3924968), (0.761296, 0.54557604, 0.35039306), (0.7715204, 0.4961069, 0.39828917), (0.7542444, 0.48779377, 0.43951407), (0.73058724, 0.5279194, 0.4330629), (0.7468233, 0.53684384, 0.3924968), (0.7542444, 0.48779377, 0.43951407), (0.7346191, 0.47975677, 0.4797585), (0.7122902, 0.5190386, 0.47248462), (0.73058724, 0.5279194, 0.4330629), (0.7346191, 0.47975677, 0.4797585), (0.7122897, 0.47248438, 0.51903945), (0.69150424, 0.51079416, 0.5107947), (0.7122902, 0.5190386, 0.47248462), (0.7122897, 0.47248438, 0.51903945), (0.6869444, 0.46671772, 0.5570295), (0.668009, 0.5039565, 0.5475325), (0.69150424, 0.51079416, 0.5107947), (0.6869444, 0.46671772, 0.5570295), (0.65864635, 0.4631378, 0.593033), (0.64192563, 0.4994254, 0.5818126), (0.668009, 0.5039565, 0.5475325), (0.65864635, 0.4631378, 0.593033), (0.6271233, 0.46198642, 0.62712437), (0.61321425, 0.49793237, 0.61321414), (0.64192563, 0.4994254, 0.5818126), (0.81431615, 0.58037287, 0.0075134723), (0.81317395, 0.57973576, 0.05152253), (0.7804555, 0.62311816, 0.05111625), (0.7813621, 0.6240348, 0.007333976), (0.81317395, 0.57973576, 0.05152253), (0.8086459, 0.577916, 0.11002262), (0.77667594, 0.6203657, 0.10918259), (0.7804555, 0.62311816, 0.05111625), (0.8086459, 0.577916, 0.11002262), (0.80359584, 0.5755571, 0.15155093), (0.7723723, 0.61721486, 0.14995623), (0.77667594, 0.6203657, 0.10918259), (0.80359584, 0.5755571, 0.15155093), (0.79788077, 0.5721591, 0.18979), (0.76730824, 0.6133074, 0.18732876), (0.7723723, 0.61721486, 0.14995623), (0.79788077, 0.5721591, 0.18979), (0.79139316, 0.5673998, 0.22749577), (0.76133317, 0.6083509, 0.22423431), (0.76730824, 0.6133074, 0.18732876), (0.79139316, 0.5673998, 0.22749577), (0.78354406, 0.5612723, 0.26651865), (0.75391436, 0.6021636, 0.2627016), (0.76133317, 0.6083509, 0.22423431), (0.78354406, 0.5612723, 0.26651865), (0.77366155, 0.5538759, 0.30768377), (0.7444489, 0.59463596, 0.3036509), (0.75391436, 0.6021636, 0.2627016), (0.77366155, 0.5538759, 0.30768377), (0.761296, 0.54557604, 0.35039306), (0.7326038, 0.5859652, 0.34631836), (0.7444489, 0.59463596, 0.3036509), (0.761296, 0.54557604, 0.35039306), (0.7468233, 0.53684384, 0.3924968), (0.7189198, 0.57663834, 0.38812694), (0.7326038, 0.5859652, 0.34631836), (0.7468233, 0.53684384, 0.3924968), (0.73058724, 0.5279194, 0.4330629), (0.7038204, 0.5669348, 0.42804396), (0.7189198, 0.57663834, 0.38812694), (0.73058724, 0.5279194, 0.4330629), (0.7122902, 0.5190386, 0.47248462), (0.68694293, 0.55703104, 0.46671808), (0.7038204, 0.5669348, 0.42804396), (0.7122902, 0.5190386, 0.47248462), (0.69150424, 0.51079416, 0.5107947), (0.6680081, 0.5475326, 0.50395745), (0.68694293, 0.55703104, 0.46671808), (0.69150424, 0.51079416, 0.5107947), (0.668009, 0.5039565, 0.5475325), (0.6472553, 0.53900915, 0.539008), (0.6680081, 0.5475326, 0.50395745), (0.668009, 0.5039565, 0.5475325), (0.64192563, 0.4994254, 0.5818126), (0.62446946, 0.53270674, 0.571193), (0.6472553, 0.53900915, 0.539008), (0.64192563, 0.4994254, 0.5818126), (0.61321425, 0.49793237, 0.61321414), (0.5993801, 0.5305579, 0.59937626), (0.62446946, 0.53270674, 0.571193), (0.7813621, 0.6240348, 0.007333976), (0.7804555, 0.62311816, 0.05111625), (0.74518424, 0.6649458, 0.050472587), (0.7459541, 0.6659592, 0.0071248105), (0.7804555, 0.62311816, 0.05111625), (0.77667594, 0.6203657, 0.10918259), (0.7419297, 0.6616978, 0.108149745), (0.74518424, 0.6649458, 0.050472587), (0.77667594, 0.6203657, 0.10918259), (0.7723723, 0.61721486, 0.14995623), (0.73810256, 0.6581095, 0.14864871), (0.7419297, 0.6616978, 0.108149745), (0.7723723, 0.61721486, 0.14995623), (0.76730824, 0.6133074, 0.18732876), (0.7334602, 0.6538873, 0.18565436), (0.73810256, 0.6581095, 0.14864871), (0.76730824, 0.6133074, 0.18732876), (0.76133317, 0.6083509, 0.22423431), (0.72783905, 0.6487621, 0.22216667), (0.7334602, 0.6538873, 0.18565436), (0.76133317, 0.6083509, 0.22423431), (0.75391436, 0.6021636, 0.2627016), (0.72077507, 0.64241236, 0.2603644), (0.72783905, 0.6487621, 0.22216667), (0.75391436, 0.6021636, 0.2627016), (0.7444489, 0.59463596, 0.3036509), (0.71174353, 0.6345729, 0.30122778), (0.72077507, 0.64241236, 0.2603644), (0.7444489, 0.59463596, 0.3036509), (0.7326038, 0.5859652, 0.34631836), (0.70055324, 0.6252758, 0.34388268), (0.71174353, 0.6345729, 0.30122778), (0.7326038, 0.5859652, 0.34631836), (0.7189198, 0.57663834, 0.38812694), (0.68781984, 0.6150763, 0.3854673), (0.70055324, 0.6252758, 0.34388268), (0.7189198, 0.57663834, 0.38812694), (0.7038204, 0.5669348, 0.42804396), (0.67397046, 0.60431975, 0.42492512), (0.68781984, 0.6150763, 0.3854673), (0.7038204, 0.5669348, 0.42804396), (0.68694293, 0.55703104, 0.46671808), (0.6586447, 0.59303373, 0.4631394), (0.67397046, 0.60431975, 0.42492512), (0.68694293, 0.55703104, 0.46671808), (0.6680081, 0.5475326, 0.50395745), (0.64192665, 0.5818121, 0.4994246), (0.6586447, 0.59303373, 0.4631394), (0.6680081, 0.5475326, 0.50395745), (0.6472553, 0.53900915, 0.539008), (0.6244688, 0.57119465, 0.53270566), (0.64192665, 0.5818121, 0.4994246), (0.6472553, 0.53900915, 0.539008), (0.62446946, 0.53270674, 0.571193), (0.6061642, 0.5623897, 0.56239027), (0.6244688, 0.57119465, 0.53270566), (0.62446946, 0.53270674, 0.571193), (0.5993801, 0.5305579, 0.59937626), (0.586232, 0.5591633, 0.5862324), (0.6061642, 0.5623897, 0.56239027), (0.7459541, 0.6659592, 0.0071248105), (0.74518424, 0.6649458, 0.050472587), (0.7062215, 0.7062214, 0.050025653), (0.7070897, 0.7070898, 0.006943389), (0.74518424, 0.6649458, 0.050472587), (0.7419297, 0.6616978, 0.108149745), (0.7030024, 0.7030024, 0.10758859), (0.7062215, 0.7062214, 0.050025653), (0.7419297, 0.6616978, 0.108149745), (0.73810256, 0.6581095, 0.14864871), (0.6993111, 0.6993111, 0.14808099), (0.7030024, 0.7030024, 0.10758859), (0.73810256, 0.6581095, 0.14864871), (0.7334602, 0.6538873, 0.18565436), (0.6948972, 0.69489723, 0.1850289), (0.6993111, 0.6993111, 0.14808099), (0.7334602, 0.6538873, 0.18565436), (0.72783905, 0.6487621, 0.22216667), (0.6895492, 0.6895493, 0.22145806), (0.6948972, 0.69489723, 0.1850289), (0.72783905, 0.6487621, 0.22216667), (0.72077507, 0.64241236, 0.2603644), (0.68286526, 0.6828653, 0.25959593), (0.6895492, 0.6895493, 0.22145806), (0.72077507, 0.64241236, 0.2603644), (0.71174353, 0.6345729, 0.30122778), (0.6744386, 0.6744386, 0.30044165), (0.68286526, 0.6828653, 0.25959593), (0.71174353, 0.6345729, 0.30122778), (0.70055324, 0.6252758, 0.34388268), (0.66418844, 0.66418844, 0.34308523), (0.6744386, 0.6744386, 0.30044165), (0.70055324, 0.6252758, 0.34388268), (0.68781984, 0.6150763, 0.3854673), (0.65271866, 0.6527187, 0.38459936), (0.66418844, 0.66418844, 0.34308523), (0.68781984, 0.6150763, 0.3854673), (0.67397046, 0.60431975, 0.42492512), (0.6404303, 0.6404303, 0.42390826), (0.65271866, 0.6527187, 0.38459936), (0.67397046, 0.60431975, 0.42492512), (0.6586447, 0.59303373, 0.4631394), (0.62712395, 0.62712395, 0.46198604), (0.6404303, 0.6404303, 0.42390826), (0.6586447, 0.59303373, 0.4631394), (0.64192665, 0.5818121, 0.4994246), (0.6132138, 0.6132138, 0.49793348), (0.62712395, 0.62712395, 0.46198604), (0.64192665, 0.5818121, 0.4994246), (0.6244688, 0.57119465, 0.53270566), (0.59937847, 0.5993785, 0.5305571), (0.6132138, 0.6132138, 0.49793348), (0.6244688, 0.57119465, 0.53270566), (0.6061642, 0.5623897, 0.56239027), (0.5862331, 0.5862331, 0.5591615), (0.59937847, 0.5993785, 0.5305571), (0.6061642, 0.5623897, 0.56239027), (0.586232, 0.5591633, 0.5862324), (0.5773505, 0.57735056, 0.5773497), (0.5862331, 0.5862331, 0.5591615), (0.99992925, 0.011897105, 0), (0.99984187, 0.012576563, 0.012576595), (0.99883157, 0.04826888, 0.0023734923), (0.9988568, 0.047803316, 0.000016245694), (0.9988568, 0.047803316, 0.000016245694), (0.99883157, 0.04826888, 0.0023734923), (0.995297, 0.09684501, 0.0022007616), (0.99536663, 0.09615277, 0.00003090981), (0.99536663, 0.09615277, 0.00003090981), (0.995297, 0.09684501, 0.0022007616), (0.98930186, 0.14585473, 0.0028763104), (0.9894144, 0.14511783, 0.000044281052), (0.9894144, 0.14511783, 0.000044281052), (0.98930186, 0.14585473, 0.0028763104), (0.98075557, 0.19520438, 0.0037003197), (0.9808942, 0.19454192, 0.00005580178), (0.9808942, 0.19454192, 0.00005580178), (0.98075557, 0.19520438, 0.0037003197), (0.96957195, 0.24476223, 0.004639091), (0.96971756, 0.24422935, 0.00006524094), (0.96971756, 0.24422935, 0.00006524094), (0.96957195, 0.24476223, 0.004639091), (0.95568556, 0.29433826, 0.0054804226), (0.95581394, 0.29397228, 0.00007220698), (0.95581394, 0.29397228, 0.00007220698), (0.95568556, 0.29433826, 0.0054804226), (0.9390452, 0.343739, 0.006139337), (0.9391301, 0.34356165, 0.00007661972), (0.9391301, 0.34356165, 0.00007661972), (0.9390452, 0.343739, 0.006139337), (0.91962063, 0.3927506, 0.006697902), (0.9196345, 0.39277515, 0.000078201), (0.9196345, 0.39277515, 0.000078201), (0.91962063, 0.3927506, 0.006697902), (0.8974062, 0.44114712, 0.007172541), (0.8973215, 0.44137743, 0.00007679604), (0.8973215, 0.44137743, 0.00007679604), (0.8974062, 0.44114712, 0.007172541), (0.8724176, 0.48870397, 0.0074743163), (0.8722114, 0.48912913, 0.000072152274), (0.8722114, 0.48912913, 0.000072152274), (0.8724176, 0.48870397, 0.0074743163), (0.844698, 0.5351901, 0.007548165), (0.8443444, 0.53580076, 0.000064445834), (0.8443444, 0.53580076, 0.000064445834), (0.844698, 0.5351901, 0.007548165), (0.81431615, 0.58037287, 0.0075134723), (0.8137908, 0.58115786, 0.000053273194), (0.8137908, 0.58115786, 0.000053273194), (0.81431615, 0.58037287, 0.0075134723), (0.7813621, 0.6240348, 0.007333976), (0.7806464, 0.62497294, 0.000038814705), (0.7806464, 0.62497294, 0.000038814705), (0.7813621, 0.6240348, 0.007333976), (0.7459541, 0.6659592, 0.0071248105), (0.7450382, 0.6670218, 0.000020913072), (0.7450382, 0.6670218, 0.000020913072), (0.7459541, 0.6659592, 0.0071248105), (0.7070897, 0.7070898, 0.006943389), (0.7071068, 0.7071068, 0), (0.012576563, 0.99984175, 0.012576595), (0.011897105, 0.99992925, 0), (0.047803316, 0.9988568, 0.000016245694), (0.04826888, 0.99883157, 0.0023734923), (0.04826888, 0.99883157, 0.0023734923), (0.047803316, 0.9988568, 0.000016245694), (0.09615277, 0.99536663, 0.00003090981), (0.096845016, 0.995297, 0.0022007616), (0.096845016, 0.995297, 0.0022007616), (0.09615277, 0.99536663, 0.00003090981), (0.14511783, 0.9894144, 0.000044281052), (0.14585471, 0.98930186, 0.0028763106), (0.14585471, 0.98930186, 0.0028763106), (0.14511783, 0.9894144, 0.000044281052), (0.19454192, 0.9808942, 0.00005580178), (0.19520436, 0.98075557, 0.003700319), (0.19520436, 0.98075557, 0.003700319), (0.19454192, 0.9808942, 0.00005580178), (0.24422935, 0.96971756, 0.00006524094), (0.24476226, 0.96957195, 0.004639091), (0.24476226, 0.96957195, 0.004639091), (0.24422935, 0.96971756, 0.00006524094), (0.29397228, 0.95581394, 0.00007220698), (0.2943383, 0.95568556, 0.0054804226), (0.2943383, 0.95568556, 0.0054804226), (0.29397228, 0.95581394, 0.00007220698), (0.34356165, 0.9391301, 0.00007661972), (0.34373903, 0.9390452, 0.006139337), (0.34373903, 0.9390452, 0.006139337), (0.34356165, 0.9391301, 0.00007661972), (0.39277515, 0.9196345, 0.000078201), (0.39275056, 0.91962063, 0.0066979015), (0.39275056, 0.91962063, 0.0066979015), (0.39277515, 0.9196345, 0.000078201), (0.44137743, 0.8973215, 0.00007679604), (0.44114712, 0.8974062, 0.007172541), (0.44114712, 0.8974062, 0.007172541), (0.44137743, 0.8973215, 0.00007679604), (0.48912913, 0.8722114, 0.000072152274), (0.48870397, 0.8724177, 0.0074743154), (0.48870397, 0.8724177, 0.0074743154), (0.48912913, 0.8722114, 0.000072152274), (0.53580076, 0.8443444, 0.000064445834), (0.5351901, 0.844698, 0.007548166), (0.5351901, 0.844698, 0.007548166), (0.53580076, 0.8443444, 0.000064445834), (0.58115786, 0.8137908, 0.000053273194), (0.58037287, 0.81431615, 0.007513472), (0.58037287, 0.81431615, 0.007513472), (0.58115786, 0.8137908, 0.000053273194), (0.62497294, 0.7806464, 0.000038814705), (0.62403476, 0.7813621, 0.0073339758), (0.62403476, 0.7813621, 0.0073339758), (0.62497294, 0.7806464, 0.000038814705), (0.6670218, 0.7450382, 0.000020913072), (0.6659592, 0.7459542, 0.00712481), (0.6659592, 0.7459542, 0.00712481), (0.6670218, 0.7450382, 0.000020913072), (0.7071068, 0.7071068, 0), (0.7070897, 0.7070898, 0.006943389), (0.012576563, 0.99984175, 0.012576595), (0.04826888, 0.99883157, 0.0023734923), (0.04158221, 0.99826944, 0.04158257), (0.0023652446, 0.9988316, 0.048268914), (0.04826888, 0.99883157, 0.0023734923), (0.096845016, 0.995297, 0.0022007616), (0.10101874, 0.99423665, 0.03589706), (0.04158221, 0.99826944, 0.04158257), (0.096845016, 0.995297, 0.0022007616), (0.14585471, 0.98930186, 0.0028763106), (0.14995675, 0.98806244, 0.03529155), (0.10101874, 0.99423665, 0.03589706), (0.14585471, 0.98930186, 0.0028763106), (0.19520436, 0.98075557, 0.003700319), (0.19903566, 0.9792666, 0.037705995), (0.14995675, 0.98806244, 0.03529155), (0.19520436, 0.98075557, 0.003700319), (0.24476226, 0.96957195, 0.004639091), (0.24819565, 0.9678557, 0.040671214), (0.19903566, 0.9792666, 0.037705995), (0.24476226, 0.96957195, 0.004639091), (0.2943383, 0.95568556, 0.0054804226), (0.2971472, 0.95383954, 0.04351658), (0.24819565, 0.9678557, 0.040671214), (0.2943383, 0.95568556, 0.0054804226), (0.34373903, 0.9390452, 0.006139337), (0.34593296, 0.93713367, 0.045944598), (0.2971472, 0.95383954, 0.04351658), (0.34373903, 0.9390452, 0.006139337), (0.39275056, 0.91962063, 0.0066979015), (0.39439633, 0.91768265, 0.04806417), (0.34593296, 0.93713367, 0.045944598), (0.39275056, 0.91962063, 0.0066979015), (0.44114712, 0.8974062, 0.007172541), (0.44218367, 0.895539, 0.049834516), (0.39439633, 0.91768265, 0.04806417), (0.44114712, 0.8974062, 0.007172541), (0.48870397, 0.8724177, 0.0074743154), (0.48906153, 0.87075675, 0.05100429), (0.44218367, 0.895539, 0.049834516), (0.48870397, 0.8724177, 0.0074743154), (0.5351901, 0.844698, 0.007548166), (0.53497946, 0.8432943, 0.05149412), (0.48906153, 0.87075675, 0.05100429), (0.5351901, 0.844698, 0.007548166), (0.58037287, 0.81431615, 0.007513472), (0.57973576, 0.81317395, 0.05152253), (0.53497946, 0.8432943, 0.05149412), (0.58037287, 0.81431615, 0.007513472), (0.62403476, 0.7813621, 0.0073339758), (0.62311816, 0.7804555, 0.05111625), (0.57973576, 0.81317395, 0.05152253), (0.62403476, 0.7813621, 0.0073339758), (0.6659592, 0.7459542, 0.00712481), (0.66494584, 0.74518436, 0.0504726), (0.62311816, 0.7804555, 0.05111625), (0.6659592, 0.7459542, 0.00712481), (0.7070897, 0.7070898, 0.006943389), (0.7062215, 0.7062214, 0.050025653), (0.66494584, 0.74518436, 0.0504726), (0.0023652446, 0.9988316, 0.048268914), (0.04158221, 0.99826944, 0.04158257), (0.035897262, 0.99423677, 0.10101857), (0.0021851563, 0.99529713, 0.09684448), (0.04158221, 0.99826944, 0.04158257), (0.10101874, 0.99423665, 0.03589706), (0.09782099, 0.9903848, 0.0978206), (0.035897262, 0.99423677, 0.10101857), (0.10101874, 0.99423665, 0.03589706), (0.14995675, 0.98806244, 0.03529155), (0.15563531, 0.9831783, 0.09559339), (0.09782099, 0.9903848, 0.0978206), (0.14995675, 0.98806244, 0.03529155), (0.19903566, 0.9792666, 0.037705995), (0.20791343, 0.9733679, 0.09657695), (0.15563531, 0.9831783, 0.09559339), (0.19903566, 0.9792666, 0.037705995), (0.24819565, 0.9678557, 0.040671214), (0.25657067, 0.96145713, 0.09885219), (0.20791343, 0.9733679, 0.09657695), (0.24819565, 0.9678557, 0.040671214), (0.2971472, 0.95383954, 0.04351658), (0.30438298, 0.9471145, 0.10161275), (0.25657067, 0.96145713, 0.09885219), (0.2971472, 0.95383954, 0.04351658), (0.34593296, 0.93713367, 0.045944598), (0.35176733, 0.9302442, 0.1044297), (0.30438298, 0.9471145, 0.10161275), (0.34593296, 0.93713367, 0.045944598), (0.39439633, 0.91768265, 0.04806417), (0.39870644, 0.9108194, 0.10696351), (0.35176733, 0.9302442, 0.1044297), (0.39439633, 0.91768265, 0.04806417), (0.44218367, 0.895539, 0.049834516), (0.44481096, 0.8889766, 0.108922556), (0.39870644, 0.9108194, 0.10696351), (0.44218367, 0.895539, 0.049834516), (0.48906153, 0.87075675, 0.05100429), (0.48997977, 0.8647566, 0.110071994), (0.44481096, 0.8889766, 0.108922556), (0.48906153, 0.87075675, 0.05100429), (0.53497946, 0.8432943, 0.05149412), (0.53438514, 0.8380009, 0.11039454), (0.48997977, 0.8647566, 0.110071994), (0.53497946, 0.8432943, 0.05149412), (0.57973576, 0.81317395, 0.05152253), (0.577916, 0.8086459, 0.11002262), (0.53438514, 0.8380009, 0.11039454), (0.57973576, 0.81317395, 0.05152253), (0.62311816, 0.7804555, 0.05111625), (0.6203657, 0.77667594, 0.10918259), (0.577916, 0.8086459, 0.11002262), (0.62311816, 0.7804555, 0.05111625), (0.66494584, 0.74518436, 0.0504726), (0.6616978, 0.7419297, 0.108149745), (0.6203657, 0.77667594, 0.10918259), (0.66494584, 0.74518436, 0.0504726), (0.7062215, 0.7062214, 0.050025653), (0.7030024, 0.7030024, 0.10758859), (0.6616978, 0.7419297, 0.108149745), (0.0021851563, 0.99529713, 0.09684448), (0.035897262, 0.99423677, 0.10101857), (0.035291687, 0.9880625, 0.14995651), (0.0028540993, 0.9893019, 0.1458548), (0.035897262, 0.99423677, 0.10101857), (0.09782099, 0.9903848, 0.0978206), (0.09559384, 0.9831783, 0.15563506), (0.035291687, 0.9880625, 0.14995651), (0.09782099, 0.9903848, 0.0978206), (0.15563531, 0.9831783, 0.09559339), (0.155823, 0.9754171, 0.15582281), (0.09559384, 0.9831783, 0.15563506), (0.15563531, 0.9831783, 0.09559339), (0.20791343, 0.9733679, 0.09657695), (0.21066652, 0.9653279, 0.15414777), (0.155823, 0.9754171, 0.15582281), (0.20791343, 0.9733679, 0.09657695), (0.25657067, 0.96145713, 0.09885219), (0.26101735, 0.95307714, 0.15334234), (0.21066652, 0.9653279, 0.15414777), (0.25657067, 0.96145713, 0.09885219), (0.30438298, 0.9471145, 0.10161275), (0.30943367, 0.93846303, 0.1534207), (0.26101735, 0.95307714, 0.15334234), (0.30438298, 0.9471145, 0.10161275), (0.35176733, 0.9302442, 0.1044297), (0.3563155, 0.92157626, 0.15406667), (0.30943367, 0.93846303, 0.1534207), (0.35176733, 0.9302442, 0.1044297), (0.39870644, 0.9108194, 0.10696351), (0.4019202, 0.90252423, 0.15462951), (0.3563155, 0.92157626, 0.15406667), (0.39870644, 0.9108194, 0.10696351), (0.44481096, 0.8889766, 0.108922556), (0.44644445, 0.8813447, 0.15465729), (0.4019202, 0.90252423, 0.15462951), (0.44481096, 0.8889766, 0.108922556), (0.48997977, 0.8647566, 0.110071994), (0.49011207, 0.85792863, 0.15410665), (0.44644445, 0.8813447, 0.15465729), (0.48997977, 0.8647566, 0.110071994), (0.53438514, 0.8380009, 0.11039454), (0.5331505, 0.832063, 0.15304099), (0.49011207, 0.85792863, 0.15410665), (0.53438514, 0.8380009, 0.11039454), (0.577916, 0.8086459, 0.11002262), (0.5755571, 0.80359584, 0.15155093), (0.5331505, 0.832063, 0.15304099), (0.577916, 0.8086459, 0.11002262), (0.6203657, 0.77667594, 0.10918259), (0.61721486, 0.77237236, 0.14995624), (0.5755571, 0.80359584, 0.15155093), (0.6203657, 0.77667594, 0.10918259), (0.6616978, 0.7419297, 0.108149745), (0.6581095, 0.73810256, 0.1486487), (0.61721486, 0.77237236, 0.14995624), (0.6616978, 0.7419297, 0.108149745), (0.7030024, 0.7030024, 0.10758859), (0.6993111, 0.6993111, 0.14808099), (0.6581095, 0.73810256, 0.1486487), (0.0028540993, 0.9893019, 0.1458548), (0.035291687, 0.9880625, 0.14995651), (0.037705533, 0.9792666, 0.19903602), (0.003671532, 0.98075575, 0.1952044), (0.035291687, 0.9880625, 0.14995651), (0.09559384, 0.9831783, 0.15563506), (0.09657761, 0.9733677, 0.20791362), (0.037705533, 0.9792666, 0.19903602), (0.09559384, 0.9831783, 0.15563506), (0.155823, 0.9754171, 0.15582281), (0.15414762, 0.9653279, 0.21066712), (0.09657761, 0.9733677, 0.20791362), (0.155823, 0.9754171, 0.15582281), (0.21066652, 0.9653279, 0.15414777), (0.20961332, 0.9550521, 0.20961368), (0.15414762, 0.9653279, 0.21066712), (0.21066652, 0.9653279, 0.15414777), (0.26101735, 0.95307714, 0.15334234), (0.26177147, 0.9424936, 0.20780142), (0.20961332, 0.9550521, 0.20961368), (0.26101735, 0.95307714, 0.15334234), (0.30943367, 0.93846303, 0.1534207), (0.3110959, 0.9278303, 0.20579213), (0.26177147, 0.9424936, 0.20780142), (0.30943367, 0.93846303, 0.1534207), (0.3563155, 0.92157626, 0.15406667), (0.35779586, 0.9113123, 0.20369582), (0.3110959, 0.9278303, 0.20579213), (0.3563155, 0.92157626, 0.15406667), (0.4019202, 0.90252423, 0.15462951), (0.4024033, 0.89304394, 0.201356), (0.35779586, 0.9113123, 0.20369582), (0.4019202, 0.90252423, 0.15462951), (0.44644445, 0.8813447, 0.15465729), (0.4457512, 0.8728398, 0.19863662), (0.4024033, 0.89304394, 0.201356), (0.44644445, 0.8813447, 0.15465729), (0.49011207, 0.85792863, 0.15410665), (0.488386, 0.85040337, 0.19568612), (0.4457512, 0.8728398, 0.19863662), (0.49011207, 0.85792863, 0.15410665), (0.5331505, 0.832063, 0.15304099), (0.5305062, 0.8254922, 0.19268046), (0.488386, 0.85040337, 0.19568612), (0.5331505, 0.832063, 0.15304099), (0.5755571, 0.80359584, 0.15155093), (0.5721591, 0.7978808, 0.18979001), (0.5305062, 0.8254922, 0.19268046), (0.5755571, 0.80359584, 0.15155093), (0.61721486, 0.77237236, 0.14995624), (0.61330736, 0.76730824, 0.18732874), (0.5721591, 0.7978808, 0.18979001), (0.61721486, 0.77237236, 0.14995624), (0.6581095, 0.73810256, 0.1486487), (0.6538873, 0.7334602, 0.18565436), (0.61330736, 0.76730824, 0.18732874), (0.6581095, 0.73810256, 0.1486487), (0.6993111, 0.6993111, 0.14808099), (0.6948972, 0.69489723, 0.1850289), (0.6538873, 0.7334602, 0.18565436), (0.003671532, 0.98075575, 0.1952044), (0.037705533, 0.9792666, 0.19903602), (0.0406713, 0.96785545, 0.24819638), (0.004606209, 0.96957237, 0.2447616), (0.037705533, 0.9792666, 0.19903602), (0.09657761, 0.9733677, 0.20791362), (0.098852806, 0.9614571, 0.25657058), (0.0406713, 0.96785545, 0.24819638), (0.09657761, 0.9733677, 0.20791362), (0.15414762, 0.9653279, 0.21066712), (0.15334226, 0.9530774, 0.26101682), (0.098852806, 0.9614571, 0.25657058), (0.15414762, 0.9653279, 0.21066712), (0.20961332, 0.9550521, 0.20961368), (0.20780076, 0.9424937, 0.26177162), (0.15334226, 0.9530774, 0.26101682), (0.20961332, 0.9550521, 0.20961368), (0.26177147, 0.9424936, 0.20780142), (0.26005882, 0.9299136, 0.26005793), (0.20780076, 0.9424937, 0.26177162), (0.26177147, 0.9424936, 0.20780142), (0.3110959, 0.9278303, 0.20579213), (0.30922493, 0.915708, 0.25662988), (0.26005882, 0.9299136, 0.26005793), (0.3110959, 0.9278303, 0.20579213), (0.35779586, 0.9113123, 0.20369582), (0.35545173, 0.90005505, 0.25210106), (0.30922493, 0.915708, 0.25662988), (0.35779586, 0.9113123, 0.20369582), (0.4024033, 0.89304394, 0.201356), (0.3993857, 0.8828807, 0.24700767), (0.35545173, 0.90005505, 0.25210106), (0.4024033, 0.89304394, 0.201356), (0.4457512, 0.8728398, 0.19863662), (0.44211587, 0.8637726, 0.24172415), (0.3993857, 0.8828807, 0.24700767), (0.4457512, 0.8728398, 0.19863662), (0.488386, 0.85040337, 0.19568612), (0.48428375, 0.84233296, 0.23652561), (0.44211587, 0.8637726, 0.24172415), (0.488386, 0.85040337, 0.19568612), (0.5305062, 0.8254922, 0.19268046), (0.5260306, 0.81829584, 0.23169738), (0.48428375, 0.84233296, 0.23652561), (0.5305062, 0.8254922, 0.19268046), (0.5721591, 0.7978808, 0.18979001), (0.5673998, 0.79139316, 0.22749576), (0.5260306, 0.81829584, 0.23169738), (0.5721591, 0.7978808, 0.18979001), (0.61330736, 0.76730824, 0.18732874), (0.6083509, 0.76133317, 0.22423431), (0.5673998, 0.79139316, 0.22749576), (0.61330736, 0.76730824, 0.18732874), (0.6538873, 0.7334602, 0.18565436), (0.6487621, 0.72783905, 0.22216667), (0.6083509, 0.76133317, 0.22423431), (0.6538873, 0.7334602, 0.18565436), (0.6948972, 0.69489723, 0.1850289), (0.6895492, 0.6895493, 0.22145806), (0.6487621, 0.72783905, 0.22216667), (0.004606209, 0.96957237, 0.2447616), (0.0406713, 0.96785545, 0.24819638), (0.04351612, 0.9538396, 0.29714695), (0.0054443483, 0.95568573, 0.29433855), (0.0406713, 0.96785545, 0.24819638), (0.098852806, 0.9614571, 0.25657058), (0.10161214, 0.94711477, 0.3043823), (0.04351612, 0.9538396, 0.29714695), (0.098852806, 0.9614571, 0.25657058), (0.15334226, 0.9530774, 0.26101682), (0.1534212, 0.9384632, 0.30943274), (0.10161214, 0.94711477, 0.3043823), (0.15334226, 0.9530774, 0.26101682), (0.20780076, 0.9424937, 0.26177162), (0.20579158, 0.92783076, 0.3110946), (0.1534212, 0.9384632, 0.30943274), (0.20780076, 0.9424937, 0.26177162), (0.26005882, 0.9299136, 0.26005793), (0.25662985, 0.9157079, 0.30922523), (0.20579158, 0.92783076, 0.3110946), (0.26005882, 0.9299136, 0.26005793), (0.30922493, 0.915708, 0.25662988), (0.30469075, 0.90240103, 0.30469), (0.25662985, 0.9157079, 0.30922523), (0.30922493, 0.915708, 0.25662988), (0.35545173, 0.90005505, 0.25210106), (0.35016194, 0.8878836, 0.29841137), (0.30469075, 0.90240103, 0.30469), (0.35545173, 0.90005505, 0.25210106), (0.3993857, 0.8828807, 0.24700767), (0.39366624, 0.87184256, 0.2914062), (0.35016194, 0.8878836, 0.29841137), (0.3993857, 0.8828807, 0.24700767), (0.44211587, 0.8637726, 0.24172415), (0.4361783, 0.85374343, 0.28437757), (0.39366624, 0.87184256, 0.2914062), (0.44211587, 0.8637726, 0.24172415), (0.48428375, 0.84233296, 0.23652561), (0.4782392, 0.8331827, 0.27765787), (0.4361783, 0.85374343, 0.28437757), (0.48428375, 0.84233296, 0.23652561), (0.5260306, 0.81829584, 0.23169738), (0.51993406, 0.8098775, 0.2716007), (0.4782392, 0.8331827, 0.27765787), (0.5260306, 0.81829584, 0.23169738), (0.5673998, 0.79139316, 0.22749576), (0.5612723, 0.78354406, 0.26651865), (0.51993406, 0.8098775, 0.2716007), (0.5673998, 0.79139316, 0.22749576), (0.6083509, 0.76133317, 0.22423431), (0.6021636, 0.75391436, 0.2627016), (0.5612723, 0.78354406, 0.26651865), (0.6083509, 0.76133317, 0.22423431), (0.6487621, 0.72783905, 0.22216667), (0.6424124, 0.720775, 0.2603644), (0.6021636, 0.75391436, 0.2627016), (0.6487621, 0.72783905, 0.22216667), (0.6895492, 0.6895493, 0.22145806), (0.68286526, 0.6828653, 0.25959593), (0.6424124, 0.720775, 0.2603644), (0.0054443483, 0.95568573, 0.29433855), (0.04351612, 0.9538396, 0.29714695), (0.045943443, 0.9371337, 0.34593287), (0.0060999566, 0.9390455, 0.34373868), (0.04351612, 0.9538396, 0.29714695), (0.10161214, 0.94711477, 0.3043823), (0.10442994, 0.9302442, 0.35176733), (0.045943443, 0.9371337, 0.34593287), (0.10161214, 0.94711477, 0.3043823), (0.1534212, 0.9384632, 0.30943274), (0.15406626, 0.9215762, 0.35631597), (0.10442994, 0.9302442, 0.35176733), (0.1534212, 0.9384632, 0.30943274), (0.20579158, 0.92783076, 0.3110946), (0.2036965, 0.9113117, 0.35779685), (0.15406626, 0.9215762, 0.35631597), (0.20579158, 0.92783076, 0.3110946), (0.25662985, 0.9157079, 0.30922523), (0.25210238, 0.9000542, 0.35545298), (0.2036965, 0.9113117, 0.35779685), (0.25662985, 0.9157079, 0.30922523), (0.30469075, 0.90240103, 0.30469), (0.2984111, 0.887884, 0.35016096), (0.25210238, 0.9000542, 0.35545298), (0.30469075, 0.90240103, 0.30469), (0.35016194, 0.8878836, 0.29841137), (0.34294197, 0.87451786, 0.342942), (0.2984111, 0.887884, 0.35016096), (0.35016194, 0.8878836, 0.29841137), (0.39366624, 0.87184256, 0.2914062), (0.38618, 0.85944474, 0.33499223), (0.34294197, 0.87451786, 0.342942), (0.39366624, 0.87184256, 0.2914062), (0.4361783, 0.85374343, 0.28437757), (0.4286939, 0.8421456, 0.32712725), (0.38618, 0.85944474, 0.33499223), (0.4361783, 0.85374343, 0.28437757), (0.4782392, 0.8331827, 0.27765787), (0.4708014, 0.82226664, 0.31972405), (0.4286939, 0.8421456, 0.32712725), (0.4782392, 0.8331827, 0.27765787), (0.51993406, 0.8098775, 0.2716007), (0.5125496, 0.79952645, 0.31313), (0.4708014, 0.82226664, 0.31972405), (0.51993406, 0.8098775, 0.2716007), (0.5612723, 0.78354406, 0.26651865), (0.5538759, 0.77366155, 0.30768377), (0.5125496, 0.79952645, 0.31313), (0.5612723, 0.78354406, 0.26651865), (0.6021636, 0.75391436, 0.2627016), (0.59463596, 0.7444489, 0.3036509), (0.5538759, 0.77366155, 0.30768377), (0.6021636, 0.75391436, 0.2627016), (0.6424124, 0.720775, 0.2603644), (0.6345729, 0.71174353, 0.30122778), (0.59463596, 0.7444489, 0.3036509), (0.6424124, 0.720775, 0.2603644), (0.68286526, 0.6828653, 0.25959593), (0.6744386, 0.6744386, 0.30044165), (0.6345729, 0.71174353, 0.30122778), (0.0060999566, 0.9390455, 0.34373868), (0.045943443, 0.9371337, 0.34593287), (0.048064332, 0.9176825, 0.3943964), (0.0066590505, 0.9196213, 0.3927498), (0.045943443, 0.9371337, 0.34593287), (0.10442994, 0.9302442, 0.35176733), (0.10696372, 0.9108193, 0.39870682), (0.048064332, 0.9176825, 0.3943964), (0.10442994, 0.9302442, 0.35176733), (0.15406626, 0.9215762, 0.35631597), (0.15463072, 0.9025242, 0.40191984), (0.10696372, 0.9108193, 0.39870682), (0.15406626, 0.9215762, 0.35631597), (0.2036965, 0.9113117, 0.35779685), (0.20135607, 0.8930437, 0.40240374), (0.15463072, 0.9025242, 0.40191984), (0.2036965, 0.9113117, 0.35779685), (0.25210238, 0.9000542, 0.35545298), (0.24700558, 0.8828814, 0.39938518), (0.20135607, 0.8930437, 0.40240374), (0.25210238, 0.9000542, 0.35545298), (0.2984111, 0.887884, 0.35016096), (0.29140562, 0.87184286, 0.39366576), (0.24700558, 0.8828814, 0.39938518), (0.2984111, 0.887884, 0.35016096), (0.34294197, 0.87451786, 0.342942), (0.33499333, 0.8594444, 0.3861799), (0.29140562, 0.87184286, 0.39366576), (0.34294197, 0.87451786, 0.342942), (0.38618, 0.85944474, 0.33499223), (0.37803903, 0.84508735, 0.3780396), (0.33499333, 0.8594444, 0.3861799), (0.38618, 0.85944474, 0.33499223), (0.4286939, 0.8421456, 0.32712725), (0.42061433, 0.82833743, 0.37005478), (0.37803903, 0.84508735, 0.3780396), (0.4286939, 0.8421456, 0.32712725), (0.4708014, 0.82226664, 0.31972405), (0.4627468, 0.8089563, 0.36256728), (0.42061433, 0.82833743, 0.37005478), (0.4708014, 0.82226664, 0.31972405), (0.5125496, 0.79952645, 0.31313), (0.50443256, 0.78668904, 0.35590512), (0.4627468, 0.8089563, 0.36256728), (0.5125496, 0.79952645, 0.31313), (0.5538759, 0.77366155, 0.30768377), (0.54557604, 0.761296, 0.35039306), (0.50443256, 0.78668904, 0.35590512), (0.5538759, 0.77366155, 0.30768377), (0.59463596, 0.7444489, 0.3036509), (0.5859652, 0.7326038, 0.34631836), (0.54557604, 0.761296, 0.35039306), (0.59463596, 0.7444489, 0.3036509), (0.6345729, 0.71174353, 0.30122778), (0.62527573, 0.70055324, 0.34388265), (0.5859652, 0.7326038, 0.34631836), (0.6345729, 0.71174353, 0.30122778), (0.6744386, 0.6744386, 0.30044165), (0.66418844, 0.66418844, 0.34308523), (0.62527573, 0.70055324, 0.34388265), (0.0066590505, 0.9196213, 0.3927498), (0.048064332, 0.9176825, 0.3943964), (0.049834535, 0.89553875, 0.44218424), (0.00713417, 0.89740604, 0.44114786), (0.048064332, 0.9176825, 0.3943964), (0.10696372, 0.9108193, 0.39870682), (0.10892191, 0.8889761, 0.44481182), (0.049834535, 0.89553875, 0.44218424), (0.10696372, 0.9108193, 0.39870682), (0.15463072, 0.9025242, 0.40191984), (0.15465702, 0.88134474, 0.44644433), (0.10892191, 0.8889761, 0.44481182), (0.15463072, 0.9025242, 0.40191984), (0.20135607, 0.8930437, 0.40240374), (0.19863717, 0.8728405, 0.44574976), (0.15465702, 0.88134474, 0.44644433), (0.20135607, 0.8930437, 0.40240374), (0.24700558, 0.8828814, 0.39938518), (0.24172458, 0.8637731, 0.4421144), (0.19863717, 0.8728405, 0.44574976), (0.24700558, 0.8828814, 0.39938518), (0.29140562, 0.87184286, 0.39366576), (0.28437772, 0.8537423, 0.4361805), (0.24172458, 0.8637731, 0.4421144), (0.29140562, 0.87184286, 0.39366576), (0.33499333, 0.8594444, 0.3861799), (0.32712862, 0.8421444, 0.4286953), (0.28437772, 0.8537423, 0.4361805), (0.33499333, 0.8594444, 0.3861799), (0.37803903, 0.84508735, 0.3780396), (0.37005484, 0.8283379, 0.42061356), (0.32712862, 0.8421444, 0.4286953), (0.37803903, 0.84508735, 0.3780396), (0.42061433, 0.82833743, 0.37005478), (0.41266, 0.8120479, 0.41266197), (0.37005484, 0.8283379, 0.42061356), (0.42061433, 0.82833743, 0.37005478), (0.4627468, 0.8089563, 0.36256728), (0.45467377, 0.7931886, 0.4051217), (0.41266, 0.8120479, 0.41266197), (0.4627468, 0.8089563, 0.36256728), (0.50443256, 0.78668904, 0.35590512), (0.4961069, 0.7715204, 0.39828917), (0.45467377, 0.7931886, 0.4051217), (0.50443256, 0.78668904, 0.35590512), (0.54557604, 0.761296, 0.35039306), (0.5368438, 0.7468233, 0.39249673), (0.4961069, 0.7715204, 0.39828917), (0.54557604, 0.761296, 0.35039306), (0.5859652, 0.7326038, 0.34631836), (0.57663834, 0.7189198, 0.38812697), (0.5368438, 0.7468233, 0.39249673), (0.5859652, 0.7326038, 0.34631836), (0.62527573, 0.70055324, 0.34388265), (0.6150763, 0.68781984, 0.3854673), (0.57663834, 0.7189198, 0.38812697), (0.62527573, 0.70055324, 0.34388265), (0.66418844, 0.66418844, 0.34308523), (0.65271866, 0.6527187, 0.38459936), (0.6150763, 0.68781984, 0.3854673), (0.00713417, 0.89740604, 0.44114786), (0.049834535, 0.89553875, 0.44218424), (0.051004555, 0.87075615, 0.48906267), (0.007438229, 0.87241817, 0.4887037), (0.049834535, 0.89553875, 0.44218424), (0.10892191, 0.8889761, 0.44481182), (0.11007111, 0.8647564, 0.48998025), (0.051004555, 0.87075615, 0.48906267), (0.10892191, 0.8889761, 0.44481182), (0.15465702, 0.88134474, 0.44644433), (0.1541049, 0.8579282, 0.49011308), (0.11007111, 0.8647564, 0.48998025), (0.15465702, 0.88134474, 0.44644433), (0.19863717, 0.8728405, 0.44574976), (0.19568497, 0.850403, 0.48838726), (0.1541049, 0.8579282, 0.49011308), (0.19863717, 0.8728405, 0.44574976), (0.24172458, 0.8637731, 0.4421144), (0.23652782, 0.84233284, 0.484283), (0.19568497, 0.850403, 0.48838726), (0.24172458, 0.8637731, 0.4421144), (0.28437772, 0.8537423, 0.4361805), (0.27766052, 0.8331827, 0.47823763), (0.23652782, 0.84233284, 0.484283), (0.28437772, 0.8537423, 0.4361805), (0.32712862, 0.8421444, 0.4286953), (0.31972203, 0.8222674, 0.47080156), (0.27766052, 0.8331827, 0.47823763), (0.32712862, 0.8421444, 0.4286953), (0.37005484, 0.8283379, 0.42061356), (0.36256668, 0.8089572, 0.46274588), (0.31972203, 0.8222674, 0.47080156), (0.37005484, 0.8283379, 0.42061356), (0.41266, 0.8120479, 0.41266197), (0.40512243, 0.7931879, 0.45467436), (0.36256668, 0.8089572, 0.46274588), (0.41266, 0.8120479, 0.41266197), (0.45467377, 0.7931886, 0.4051217), (0.44684365, 0.77502304, 0.4468444), (0.40512243, 0.7931879, 0.45467436), (0.45467377, 0.7931886, 0.4051217), (0.4961069, 0.7715204, 0.39828917), (0.4877938, 0.7542444, 0.4395141), (0.44684365, 0.77502304, 0.4468444), (0.4961069, 0.7715204, 0.39828917), (0.5368438, 0.7468233, 0.39249673), (0.5279194, 0.73058724, 0.43306294), (0.4877938, 0.7542444, 0.4395141), (0.5368438, 0.7468233, 0.39249673), (0.57663834, 0.7189198, 0.38812697), (0.5669348, 0.7038204, 0.428044), (0.5279194, 0.73058724, 0.43306294), (0.57663834, 0.7189198, 0.38812697), (0.6150763, 0.68781984, 0.3854673), (0.60431975, 0.67397046, 0.4249251), (0.5669348, 0.7038204, 0.428044), (0.6150763, 0.68781984, 0.3854673), (0.65271866, 0.6527187, 0.38459936), (0.6404303, 0.6404303, 0.42390826), (0.60431975, 0.67397046, 0.4249251), (0.007438229, 0.87241817, 0.4887037), (0.051004555, 0.87075615, 0.48906267), (0.051495902, 0.8432941, 0.53497976), (0.0075182356, 0.8446983, 0.5351898), (0.051004555, 0.87075615, 0.48906267), (0.11007111, 0.8647564, 0.48998025), (0.11039374, 0.8380012, 0.5343848), (0.051495902, 0.8432941, 0.53497976), (0.11007111, 0.8647564, 0.48998025), (0.1541049, 0.8579282, 0.49011308), (0.15304115, 0.83206296, 0.5331506), (0.11039374, 0.8380012, 0.5343848), (0.1541049, 0.8579282, 0.49011308), (0.19568497, 0.850403, 0.48838726), (0.19267894, 0.8254923, 0.5305066), (0.15304115, 0.83206296, 0.5331506), (0.19568497, 0.850403, 0.48838726), (0.23652782, 0.84233284, 0.484283), (0.23169492, 0.8182957, 0.5260321), (0.19267894, 0.8254923, 0.5305066), (0.23652782, 0.84233284, 0.484283), (0.27766052, 0.8331827, 0.47823763), (0.2716022, 0.809877, 0.51993406), (0.23169492, 0.8182957, 0.5260321), (0.27766052, 0.8331827, 0.47823763), (0.31972203, 0.8222674, 0.47080156), (0.31313193, 0.79952663, 0.51254815), (0.2716022, 0.809877, 0.51993406), (0.31972203, 0.8222674, 0.47080156), (0.36256668, 0.8089572, 0.46274588), (0.3559058, 0.78668797, 0.5044334), (0.31313193, 0.79952663, 0.51254815), (0.36256668, 0.8089572, 0.46274588), (0.40512243, 0.7931879, 0.45467436), (0.39828932, 0.7715208, 0.49610603), (0.3559058, 0.78668797, 0.5044334), (0.40512243, 0.7931879, 0.45467436), (0.44684365, 0.77502304, 0.4468444), (0.43951347, 0.7542448, 0.48779377), (0.39828932, 0.7715208, 0.49610603), (0.44684365, 0.77502304, 0.4468444), (0.4877938, 0.7542444, 0.4395141), (0.47975677, 0.734619, 0.4797585), (0.43951347, 0.7542448, 0.48779377), (0.4877938, 0.7542444, 0.4395141), (0.5279194, 0.73058724, 0.43306294), (0.5190386, 0.7122902, 0.4724846), (0.47975677, 0.734619, 0.4797585), (0.5279194, 0.73058724, 0.43306294), (0.5669348, 0.7038204, 0.428044), (0.55703104, 0.68694293, 0.46671808), (0.5190386, 0.7122902, 0.4724846), (0.5669348, 0.7038204, 0.428044), (0.60431975, 0.67397046, 0.4249251), (0.59303373, 0.6586447, 0.4631394), (0.55703104, 0.68694293, 0.46671808), (0.60431975, 0.67397046, 0.4249251), (0.6404303, 0.6404303, 0.42390826), (0.62712395, 0.62712395, 0.46198604), (0.59303373, 0.6586447, 0.4631394), (0.0075182356, 0.8446983, 0.5351898), (0.051495902, 0.8432941, 0.53497976), (0.05152296, 0.81317395, 0.57973576), (0.0074880645, 0.81431526, 0.5803746), (0.051495902, 0.8432941, 0.53497976), (0.11039374, 0.8380012, 0.5343848), (0.11002114, 0.80864674, 0.577915), (0.05152296, 0.81317395, 0.57973576), (0.11039374, 0.8380012, 0.5343848), (0.15304115, 0.83206296, 0.5331506), (0.15155002, 0.80359674, 0.57555604), (0.11002114, 0.80864674, 0.577915), (0.15304115, 0.83206296, 0.5331506), (0.19267894, 0.8254923, 0.5305066), (0.18979007, 0.79788154, 0.5721581), (0.15155002, 0.80359674, 0.57555604), (0.19267894, 0.8254923, 0.5305066), (0.23169492, 0.8182957, 0.5260321), (0.22749738, 0.7913923, 0.5674002), (0.18979007, 0.79788154, 0.5721581), (0.23169492, 0.8182957, 0.5260321), (0.2716022, 0.809877, 0.51993406), (0.26651827, 0.7835429, 0.561274), (0.22749738, 0.7913923, 0.5674002), (0.2716022, 0.809877, 0.51993406), (0.31313193, 0.79952663, 0.51254815), (0.30768275, 0.773662, 0.55387586), (0.26651827, 0.7835429, 0.561274), (0.31313193, 0.79952663, 0.51254815), (0.3559058, 0.78668797, 0.5044334), (0.3503927, 0.7612961, 0.5455761), (0.30768275, 0.773662, 0.55387586), (0.3559058, 0.78668797, 0.5044334), (0.39828932, 0.7715208, 0.49610603), (0.39249626, 0.746823, 0.5368446), (0.3503927, 0.7612961, 0.5455761), (0.39828932, 0.7715208, 0.49610603), (0.43951347, 0.7542448, 0.48779377), (0.43306503, 0.73058707, 0.52791786), (0.39249626, 0.746823, 0.5368446), (0.43951347, 0.7542448, 0.48779377), (0.47975677, 0.734619, 0.4797585), (0.47248438, 0.7122897, 0.51903945), (0.43306503, 0.73058707, 0.52791786), (0.47975677, 0.734619, 0.4797585), (0.5190386, 0.7122902, 0.4724846), (0.51079416, 0.69150424, 0.5107947), (0.47248438, 0.7122897, 0.51903945), (0.5190386, 0.7122902, 0.4724846), (0.55703104, 0.68694293, 0.46671808), (0.5475327, 0.6680081, 0.50395745), (0.51079416, 0.69150424, 0.5107947), (0.55703104, 0.68694293, 0.46671808), (0.59303373, 0.6586447, 0.4631394), (0.5818121, 0.6419267, 0.4994246), (0.5475327, 0.6680081, 0.50395745), (0.59303373, 0.6586447, 0.4631394), (0.62712395, 0.62712395, 0.46198604), (0.6132138, 0.6132138, 0.49793348), (0.5818121, 0.6419267, 0.4994246), (0.0074880645, 0.81431526, 0.5803746), (0.05152296, 0.81317395, 0.57973576), (0.051114164, 0.78045565, 0.6231182), (0.0073147523, 0.7813627, 0.6240343), (0.05152296, 0.81317395, 0.57973576), (0.11002114, 0.80864674, 0.577915), (0.10917963, 0.776677, 0.62036496), (0.051114164, 0.78045565, 0.6231182), (0.11002114, 0.80864674, 0.577915), (0.15155002, 0.80359674, 0.57555604), (0.14995646, 0.77237195, 0.6172151), (0.10917963, 0.776677, 0.62036496), (0.15155002, 0.80359674, 0.57555604), (0.18979007, 0.79788154, 0.5721581), (0.1873295, 0.7673075, 0.61330813), (0.14995646, 0.77237195, 0.6172151), (0.18979007, 0.79788154, 0.5721581), (0.22749738, 0.7913923, 0.5674002), (0.22423537, 0.7613332, 0.60835046), (0.1873295, 0.7673075, 0.61330813), (0.22749738, 0.7913923, 0.5674002), (0.26651827, 0.7835429, 0.561274), (0.2627023, 0.7539141, 0.6021636), (0.22423537, 0.7613332, 0.60835046), (0.26651827, 0.7835429, 0.561274), (0.30768275, 0.773662, 0.55387586), (0.30365086, 0.7444502, 0.5946344), (0.2627023, 0.7539141, 0.6021636), (0.30768275, 0.773662, 0.55387586), (0.3503927, 0.7612961, 0.5455761), (0.34632015, 0.7326048, 0.58596295), (0.30365086, 0.7444502, 0.5946344), (0.3503927, 0.7612961, 0.5455761), (0.39249626, 0.746823, 0.5368446), (0.3881258, 0.71892107, 0.5766376), (0.34632015, 0.7326048, 0.58596295), (0.39249626, 0.746823, 0.5368446), (0.43306503, 0.73058707, 0.52791786), (0.42804348, 0.7038201, 0.5669357), (0.3881258, 0.71892107, 0.5766376), (0.43306503, 0.73058707, 0.52791786), (0.47248438, 0.7122897, 0.51903945), (0.46671772, 0.6869444, 0.5570295), (0.42804348, 0.7038201, 0.5669357), (0.47248438, 0.7122897, 0.51903945), (0.51079416, 0.69150424, 0.5107947), (0.5039565, 0.668009, 0.54753256), (0.46671772, 0.6869444, 0.5570295), (0.51079416, 0.69150424, 0.5107947), (0.5475327, 0.6680081, 0.50395745), (0.53900915, 0.6472553, 0.539008), (0.5039565, 0.668009, 0.54753256), (0.5475327, 0.6680081, 0.50395745), (0.5818121, 0.6419267, 0.4994246), (0.57119465, 0.62446886, 0.53270566), (0.53900915, 0.6472553, 0.539008), (0.5818121, 0.6419267, 0.4994246), (0.6132138, 0.6132138, 0.49793348), (0.59937847, 0.5993785, 0.5305571), (0.57119465, 0.62446886, 0.53270566), (0.0073147523, 0.7813627, 0.6240343), (0.051114164, 0.78045565, 0.6231182), (0.05047224, 0.7451843, 0.6649458), (0.0071167527, 0.74595433, 0.6659592), (0.051114164, 0.78045565, 0.6231182), (0.10917963, 0.776677, 0.62036496), (0.10814831, 0.7419284, 0.6616995), (0.05047224, 0.7451843, 0.6649458), (0.10917963, 0.776677, 0.62036496), (0.14995646, 0.77237195, 0.6172151), (0.14865047, 0.73810077, 0.6581111), (0.10814831, 0.7419284, 0.6616995), (0.14995646, 0.77237195, 0.6172151), (0.1873295, 0.7673075, 0.61330813), (0.18565361, 0.73345923, 0.6538886), (0.14865047, 0.73810077, 0.6581111), (0.1873295, 0.7673075, 0.61330813), (0.22423537, 0.7613332, 0.60835046), (0.22216782, 0.72783816, 0.64876276), (0.18565361, 0.73345923, 0.6538886), (0.22423537, 0.7613332, 0.60835046), (0.2627023, 0.7539141, 0.6021636), (0.2603628, 0.72077465, 0.64241344), (0.22216782, 0.72783816, 0.64876276), (0.2627023, 0.7539141, 0.6021636), (0.30365086, 0.7444502, 0.5946344), (0.30122393, 0.7117452, 0.63457304), (0.2603628, 0.72077465, 0.64241344), (0.30365086, 0.7444502, 0.5946344), (0.34632015, 0.7326048, 0.58596295), (0.34388337, 0.7005541, 0.6252746), (0.30122393, 0.7117452, 0.63457304), (0.34632015, 0.7326048, 0.58596295), (0.3881258, 0.71892107, 0.5766376), (0.38547012, 0.68781835, 0.61507607), (0.34388337, 0.7005541, 0.6252746), (0.3881258, 0.71892107, 0.5766376), (0.42804348, 0.7038201, 0.5669357), (0.42492625, 0.6739702, 0.6043193), (0.38547012, 0.68781835, 0.61507607), (0.42804348, 0.7038201, 0.5669357), (0.46671772, 0.6869444, 0.5570295), (0.4631378, 0.65864635, 0.593033), (0.42492625, 0.6739702, 0.6043193), (0.46671772, 0.6869444, 0.5570295), (0.5039565, 0.668009, 0.54753256), (0.4994254, 0.64192563, 0.5818126), (0.4631378, 0.65864635, 0.593033), (0.5039565, 0.668009, 0.54753256), (0.53900915, 0.6472553, 0.539008), (0.53270674, 0.62446946, 0.571193), (0.4994254, 0.64192563, 0.5818126), (0.53900915, 0.6472553, 0.539008), (0.57119465, 0.62446886, 0.53270566), (0.5623897, 0.6061642, 0.56239027), (0.53270674, 0.62446946, 0.571193), (0.57119465, 0.62446886, 0.53270566), (0.59937847, 0.5993785, 0.5305571), (0.5862331, 0.5862331, 0.5591615), (0.5623897, 0.6061642, 0.56239027), (0.0071167527, 0.74595433, 0.6659592), (0.05047224, 0.7451843, 0.6649458), (0.050025653, 0.7062231, 0.70621973), (0.0069439006, 0.7070887, 0.7070908), (0.05047224, 0.7451843, 0.6649458), (0.10814831, 0.7419284, 0.6616995), (0.10758822, 0.7030009, 0.7030038), (0.050025653, 0.7062231, 0.70621973), (0.10814831, 0.7419284, 0.6616995), (0.14865047, 0.73810077, 0.6581111), (0.14808105, 0.69931054, 0.6993116), (0.10758822, 0.7030009, 0.7030038), (0.14865047, 0.73810077, 0.6581111), (0.18565361, 0.73345923, 0.6538886), (0.18502805, 0.6948987, 0.69489604), (0.14808105, 0.69931054, 0.6993116), (0.18565361, 0.73345923, 0.6538886), (0.22216782, 0.72783816, 0.64876276), (0.22145858, 0.6895494, 0.6895491), (0.18502805, 0.6948987, 0.69489604), (0.22216782, 0.72783816, 0.64876276), (0.2603628, 0.72077465, 0.64241344), (0.25959432, 0.68286794, 0.68286324), (0.22145858, 0.6895494, 0.6895491), (0.2603628, 0.72077465, 0.64241344), (0.30122393, 0.7117452, 0.63457304), (0.3004386, 0.6744371, 0.67444146), (0.25959432, 0.68286794, 0.68286324), (0.30122393, 0.7117452, 0.63457304), (0.34388337, 0.7005541, 0.6252746), (0.34308884, 0.6641862, 0.6641889), (0.3004386, 0.6744371, 0.67444146), (0.34388337, 0.7005541, 0.6252746), (0.38547012, 0.68781835, 0.61507607), (0.38459948, 0.6527187, 0.6527184), (0.34308884, 0.6641862, 0.6641889), (0.38547012, 0.68781835, 0.61507607), (0.42492625, 0.6739702, 0.6043193), (0.4239057, 0.6404318, 0.64043033), (0.38459948, 0.6527187, 0.6527184), (0.42492625, 0.6739702, 0.6043193), (0.4631378, 0.65864635, 0.593033), (0.46198642, 0.6271233, 0.62712437), (0.4239057, 0.6404318, 0.64043033), (0.4631378, 0.65864635, 0.593033), (0.4994254, 0.64192563, 0.5818126), (0.49793237, 0.61321425, 0.61321414), (0.46198642, 0.6271233, 0.62712437), (0.4994254, 0.64192563, 0.5818126), (0.53270674, 0.62446946, 0.571193), (0.5305579, 0.5993801, 0.59937626), (0.49793237, 0.61321425, 0.61321414), (0.53270674, 0.62446946, 0.571193), (0.5623897, 0.6061642, 0.56239027), (0.5591633, 0.586232, 0.5862324), (0.5305579, 0.5993801, 0.59937626), (0.5623897, 0.6061642, 0.56239027), (0.5862331, 0.5862331, 0.5591615), (0.5773505, 0.57735056, 0.5773497), (0.5591633, 0.586232, 0.5862324), (-0.012576563, 0.99984187, 0.012576595), (0.012576563, 0.99984175, 0.012576595), (0.0023652446, 0.9988316, 0.048268914), (-0.0023652446, 0.9988316, 0.048268914), (-0.0023652446, 0.9988316, 0.048268914), (0.0023652446, 0.9988316, 0.048268914), (0.0021851563, 0.99529713, 0.09684448), (-0.0021851566, 0.9952972, 0.096844494), (-0.0021851566, 0.9952972, 0.096844494), (0.0021851563, 0.99529713, 0.09684448), (0.0028540993, 0.9893019, 0.1458548), (-0.0028540993, 0.9893019, 0.14585479), (-0.0028540993, 0.9893019, 0.14585479), (0.0028540993, 0.9893019, 0.1458548), (0.003671532, 0.98075575, 0.1952044), (-0.0036715316, 0.98075575, 0.19520439), (-0.0036715316, 0.98075575, 0.19520439), (0.003671532, 0.98075575, 0.1952044), (0.004606209, 0.96957237, 0.2447616), (-0.004606209, 0.96957237, 0.24476162), (-0.004606209, 0.96957237, 0.24476162), (0.004606209, 0.96957237, 0.2447616), (0.0054443483, 0.95568573, 0.29433855), (-0.0054443483, 0.95568573, 0.29433855), (-0.0054443483, 0.95568573, 0.29433855), (0.0054443483, 0.95568573, 0.29433855), (0.0060999566, 0.9390455, 0.34373868), (-0.0060999575, 0.93904555, 0.34373868), (-0.0060999575, 0.93904555, 0.34373868), (0.0060999566, 0.9390455, 0.34373868), (0.0066590505, 0.9196213, 0.3927498), (-0.0066590505, 0.9196213, 0.3927498), (-0.0066590505, 0.9196213, 0.3927498), (0.0066590505, 0.9196213, 0.3927498), (0.00713417, 0.89740604, 0.44114786), (-0.00713417, 0.89740604, 0.44114786), (-0.00713417, 0.89740604, 0.44114786), (0.00713417, 0.89740604, 0.44114786), (0.007438229, 0.87241817, 0.4887037), (-0.007438229, 0.87241817, 0.4887037), (-0.007438229, 0.87241817, 0.4887037), (0.007438229, 0.87241817, 0.4887037), (0.0075182356, 0.8446983, 0.5351898), (-0.0075182356, 0.8446983, 0.53518987), (-0.0075182356, 0.8446983, 0.53518987), (0.0075182356, 0.8446983, 0.5351898), (0.0074880645, 0.81431526, 0.5803746), (-0.0074880635, 0.81431526, 0.58037454), (-0.0074880635, 0.81431526, 0.58037454), (0.0074880645, 0.81431526, 0.5803746), (0.0073147523, 0.7813627, 0.6240343), (-0.0073147523, 0.7813627, 0.6240343), (-0.0073147523, 0.7813627, 0.6240343), (0.0073147523, 0.7813627, 0.6240343), (0.0071167527, 0.74595433, 0.6659592), (-0.0071167527, 0.74595433, 0.6659592), (-0.0071167527, 0.74595433, 0.6659592), (0.0071167527, 0.74595433, 0.6659592), (0.0069439006, 0.7070887, 0.7070908), (-0.0069439006, 0.7070887, 0.7070908), (-0.012576563, 0.99984187, 0.012576595), (-0.0023652446, 0.9988316, 0.048268914), (-0.04158221, 0.99826944, 0.041582573), (-0.04826888, 0.99883157, 0.0023734923), (-0.0023652446, 0.9988316, 0.048268914), (-0.0021851566, 0.9952972, 0.096844494), (-0.035897262, 0.99423677, 0.10101857), (-0.04158221, 0.99826944, 0.041582573), (-0.0021851566, 0.9952972, 0.096844494), (-0.0028540993, 0.9893019, 0.14585479), (-0.035291687, 0.9880625, 0.14995651), (-0.035897262, 0.99423677, 0.10101857), (-0.0028540993, 0.9893019, 0.14585479), (-0.0036715316, 0.98075575, 0.19520439), (-0.037705537, 0.9792666, 0.19903603), (-0.035291687, 0.9880625, 0.14995651), (-0.0036715316, 0.98075575, 0.19520439), (-0.004606209, 0.96957237, 0.24476162), (-0.0406713, 0.96785545, 0.24819635), (-0.037705537, 0.9792666, 0.19903603), (-0.004606209, 0.96957237, 0.24476162), (-0.0054443483, 0.95568573, 0.29433855), (-0.04351612, 0.9538396, 0.29714692), (-0.0406713, 0.96785545, 0.24819635), (-0.0054443483, 0.95568573, 0.29433855), (-0.0060999575, 0.93904555, 0.34373868), (-0.045943443, 0.9371337, 0.34593287), (-0.04351612, 0.9538396, 0.29714692), (-0.0060999575, 0.93904555, 0.34373868), (-0.0066590505, 0.9196213, 0.3927498), (-0.048064332, 0.9176825, 0.3943964), (-0.045943443, 0.9371337, 0.34593287), (-0.0066590505, 0.9196213, 0.3927498), (-0.00713417, 0.89740604, 0.44114786), (-0.049834535, 0.89553875, 0.44218424), (-0.048064332, 0.9176825, 0.3943964), (-0.00713417, 0.89740604, 0.44114786), (-0.007438229, 0.87241817, 0.4887037), (-0.051004555, 0.87075615, 0.48906267), (-0.049834535, 0.89553875, 0.44218424), (-0.007438229, 0.87241817, 0.4887037), (-0.0075182356, 0.8446983, 0.53518987), (-0.051495902, 0.8432941, 0.53497976), (-0.051004555, 0.87075615, 0.48906267), (-0.0075182356, 0.8446983, 0.53518987), (-0.0074880635, 0.81431526, 0.58037454), (-0.05152295, 0.8131739, 0.57973576), (-0.051495902, 0.8432941, 0.53497976), (-0.0074880635, 0.81431526, 0.58037454), (-0.0073147523, 0.7813627, 0.6240343), (-0.051114164, 0.78045565, 0.6231182), (-0.05152295, 0.8131739, 0.57973576), (-0.0073147523, 0.7813627, 0.6240343), (-0.0071167527, 0.74595433, 0.6659592), (-0.05047224, 0.7451843, 0.6649458), (-0.051114164, 0.78045565, 0.6231182), (-0.0071167527, 0.74595433, 0.6659592), (-0.0069439006, 0.7070887, 0.7070908), (-0.050025653, 0.7062231, 0.70621973), (-0.05047224, 0.7451843, 0.6649458), (-0.04826888, 0.99883157, 0.0023734923), (-0.04158221, 0.99826944, 0.041582573), (-0.10101875, 0.99423665, 0.035897065), (-0.09684501, 0.995297, 0.0022007616), (-0.04158221, 0.99826944, 0.041582573), (-0.035897262, 0.99423677, 0.10101857), (-0.097821005, 0.9903848, 0.09782061), (-0.10101875, 0.99423665, 0.035897065), (-0.035897262, 0.99423677, 0.10101857), (-0.035291687, 0.9880625, 0.14995651), (-0.09559384, 0.9831783, 0.15563506), (-0.097821005, 0.9903848, 0.09782061), (-0.035291687, 0.9880625, 0.14995651), (-0.037705537, 0.9792666, 0.19903603), (-0.09657761, 0.9733677, 0.2079136), (-0.09559384, 0.9831783, 0.15563506), (-0.037705537, 0.9792666, 0.19903603), (-0.0406713, 0.96785545, 0.24819635), (-0.098852806, 0.9614571, 0.25657058), (-0.09657761, 0.9733677, 0.2079136), (-0.0406713, 0.96785545, 0.24819635), (-0.04351612, 0.9538396, 0.29714692), (-0.10161214, 0.94711477, 0.30438223), (-0.098852806, 0.9614571, 0.25657058), (-0.04351612, 0.9538396, 0.29714692), (-0.045943443, 0.9371337, 0.34593287), (-0.10442994, 0.9302442, 0.35176733), (-0.10161214, 0.94711477, 0.30438223), (-0.045943443, 0.9371337, 0.34593287), (-0.048064332, 0.9176825, 0.3943964), (-0.10696372, 0.9108193, 0.39870682), (-0.10442994, 0.9302442, 0.35176733), (-0.048064332, 0.9176825, 0.3943964), (-0.049834535, 0.89553875, 0.44218424), (-0.10892191, 0.8889761, 0.44481182), (-0.10696372, 0.9108193, 0.39870682), (-0.049834535, 0.89553875, 0.44218424), (-0.051004555, 0.87075615, 0.48906267), (-0.11007111, 0.8647564, 0.48998034), (-0.10892191, 0.8889761, 0.44481182), (-0.051004555, 0.87075615, 0.48906267), (-0.051495902, 0.8432941, 0.53497976), (-0.11039374, 0.8380012, 0.5343848), (-0.11007111, 0.8647564, 0.48998034), (-0.051495902, 0.8432941, 0.53497976), (-0.05152295, 0.8131739, 0.57973576), (-0.11002115, 0.80864674, 0.577915), (-0.11039374, 0.8380012, 0.5343848), (-0.05152295, 0.8131739, 0.57973576), (-0.051114164, 0.78045565, 0.6231182), (-0.10917963, 0.776677, 0.62036496), (-0.11002115, 0.80864674, 0.577915), (-0.051114164, 0.78045565, 0.6231182), (-0.05047224, 0.7451843, 0.6649458), (-0.10814831, 0.7419284, 0.6616995), (-0.10917963, 0.776677, 0.62036496), (-0.05047224, 0.7451843, 0.6649458), (-0.050025653, 0.7062231, 0.70621973), (-0.10758822, 0.7030009, 0.7030038), (-0.10814831, 0.7419284, 0.6616995), (-0.09684501, 0.995297, 0.0022007616), (-0.10101875, 0.99423665, 0.035897065), (-0.14995673, 0.98806244, 0.035291545), (-0.14585473, 0.98930186, 0.0028763104), (-0.10101875, 0.99423665, 0.035897065), (-0.097821005, 0.9903848, 0.09782061), (-0.15563531, 0.9831783, 0.0955934), (-0.14995673, 0.98806244, 0.035291545), (-0.097821005, 0.9903848, 0.09782061), (-0.09559384, 0.9831783, 0.15563506), (-0.15582302, 0.9754171, 0.15582283), (-0.15563531, 0.9831783, 0.0955934), (-0.09559384, 0.9831783, 0.15563506), (-0.09657761, 0.9733677, 0.2079136), (-0.15414762, 0.9653279, 0.21066709), (-0.15582302, 0.9754171, 0.15582283), (-0.09657761, 0.9733677, 0.2079136), (-0.098852806, 0.9614571, 0.25657058), (-0.15334226, 0.9530774, 0.2610168), (-0.15414762, 0.9653279, 0.21066709), (-0.098852806, 0.9614571, 0.25657058), (-0.10161214, 0.94711477, 0.30438223), (-0.1534212, 0.9384632, 0.30943274), (-0.15334226, 0.9530774, 0.2610168), (-0.10161214, 0.94711477, 0.30438223), (-0.10442994, 0.9302442, 0.35176733), (-0.15406626, 0.9215762, 0.35631597), (-0.1534212, 0.9384632, 0.30943274), (-0.10442994, 0.9302442, 0.35176733), (-0.10696372, 0.9108193, 0.39870682), (-0.15463072, 0.9025242, 0.40191978), (-0.15406626, 0.9215762, 0.35631597), (-0.10696372, 0.9108193, 0.39870682), (-0.10892191, 0.8889761, 0.44481182), (-0.15465702, 0.88134474, 0.44644433), (-0.15463072, 0.9025242, 0.40191978), (-0.10892191, 0.8889761, 0.44481182), (-0.11007111, 0.8647564, 0.48998034), (-0.15410492, 0.85792834, 0.49011308), (-0.15465702, 0.88134474, 0.44644433), (-0.11007111, 0.8647564, 0.48998034), (-0.11039374, 0.8380012, 0.5343848), (-0.15304117, 0.83206296, 0.5331506), (-0.15410492, 0.85792834, 0.49011308), (-0.11039374, 0.8380012, 0.5343848), (-0.11002115, 0.80864674, 0.577915), (-0.15155002, 0.80359674, 0.57555604), (-0.15304117, 0.83206296, 0.5331506), (-0.11002115, 0.80864674, 0.577915), (-0.10917963, 0.776677, 0.62036496), (-0.14995646, 0.77237195, 0.61721516), (-0.15155002, 0.80359674, 0.57555604), (-0.10917963, 0.776677, 0.62036496), (-0.10814831, 0.7419284, 0.6616995), (-0.14865047, 0.7381008, 0.6581111), (-0.14995646, 0.77237195, 0.61721516), (-0.10814831, 0.7419284, 0.6616995), (-0.10758822, 0.7030009, 0.7030038), (-0.14808105, 0.69931054, 0.6993116), (-0.14865047, 0.7381008, 0.6581111), (-0.14585473, 0.98930186, 0.0028763104), (-0.14995673, 0.98806244, 0.035291545), (-0.19903566, 0.9792666, 0.037705995), (-0.19520438, 0.98075557, 0.0037003197), (-0.14995673, 0.98806244, 0.035291545), (-0.15563531, 0.9831783, 0.0955934), (-0.20791343, 0.9733679, 0.09657695), (-0.19903566, 0.9792666, 0.037705995), (-0.15563531, 0.9831783, 0.0955934), (-0.15582302, 0.9754171, 0.15582283), (-0.21066652, 0.9653279, 0.15414777), (-0.20791343, 0.9733679, 0.09657695), (-0.15582302, 0.9754171, 0.15582283), (-0.15414762, 0.9653279, 0.21066709), (-0.20961332, 0.9550521, 0.20961368), (-0.21066652, 0.9653279, 0.15414777), (-0.15414762, 0.9653279, 0.21066709), (-0.15334226, 0.9530774, 0.2610168), (-0.20780076, 0.9424937, 0.26177162), (-0.20961332, 0.9550521, 0.20961368), (-0.15334226, 0.9530774, 0.2610168), (-0.1534212, 0.9384632, 0.30943274), (-0.20579153, 0.92783076, 0.31109458), (-0.20780076, 0.9424937, 0.26177162), (-0.1534212, 0.9384632, 0.30943274), (-0.15406626, 0.9215762, 0.35631597), (-0.2036965, 0.9113117, 0.35779685), (-0.20579153, 0.92783076, 0.31109458), (-0.15406626, 0.9215762, 0.35631597), (-0.15463072, 0.9025242, 0.40191978), (-0.20135607, 0.8930437, 0.40240374), (-0.2036965, 0.9113117, 0.35779685), (-0.15463072, 0.9025242, 0.40191978), (-0.15465702, 0.88134474, 0.44644433), (-0.1986372, 0.8728405, 0.4457497), (-0.20135607, 0.8930437, 0.40240374), (-0.15465702, 0.88134474, 0.44644433), (-0.15410492, 0.85792834, 0.49011308), (-0.19568497, 0.850403, 0.48838726), (-0.1986372, 0.8728405, 0.4457497), (-0.15410492, 0.85792834, 0.49011308), (-0.15304117, 0.83206296, 0.5331506), (-0.19267894, 0.8254923, 0.5305066), (-0.19568497, 0.850403, 0.48838726), (-0.15304117, 0.83206296, 0.5331506), (-0.15155002, 0.80359674, 0.57555604), (-0.18979007, 0.7978814, 0.5721581), (-0.19267894, 0.8254923, 0.5305066), (-0.15155002, 0.80359674, 0.57555604), (-0.14995646, 0.77237195, 0.61721516), (-0.18732949, 0.76730746, 0.6133081), (-0.18979007, 0.7978814, 0.5721581), (-0.14995646, 0.77237195, 0.61721516), (-0.14865047, 0.7381008, 0.6581111), (-0.1856536, 0.73345923, 0.6538885), (-0.18732949, 0.76730746, 0.6133081), (-0.14865047, 0.7381008, 0.6581111), (-0.14808105, 0.69931054, 0.6993116), (-0.18502805, 0.6948987, 0.69489604), (-0.1856536, 0.73345923, 0.6538885), (-0.19520438, 0.98075557, 0.0037003197), (-0.19903566, 0.9792666, 0.037705995), (-0.24819565, 0.9678557, 0.040671214), (-0.24476223, 0.96957195, 0.004639091), (-0.19903566, 0.9792666, 0.037705995), (-0.20791343, 0.9733679, 0.09657695), (-0.25657067, 0.96145713, 0.09885219), (-0.24819565, 0.9678557, 0.040671214), (-0.20791343, 0.9733679, 0.09657695), (-0.21066652, 0.9653279, 0.15414777), (-0.26101735, 0.9530772, 0.15334234), (-0.25657067, 0.96145713, 0.09885219), (-0.21066652, 0.9653279, 0.15414777), (-0.20961332, 0.9550521, 0.20961368), (-0.26177147, 0.9424937, 0.20780145), (-0.26101735, 0.9530772, 0.15334234), (-0.20961332, 0.9550521, 0.20961368), (-0.20780076, 0.9424937, 0.26177162), (-0.2600588, 0.9299135, 0.2600579), (-0.26177147, 0.9424937, 0.20780145), (-0.20780076, 0.9424937, 0.26177162), (-0.20579153, 0.92783076, 0.31109458), (-0.25662985, 0.9157079, 0.3092252), (-0.2600588, 0.9299135, 0.2600579), (-0.20579153, 0.92783076, 0.31109458), (-0.2036965, 0.9113117, 0.35779685), (-0.25210238, 0.9000542, 0.35545298), (-0.25662985, 0.9157079, 0.3092252), (-0.2036965, 0.9113117, 0.35779685), (-0.20135607, 0.8930437, 0.40240374), (-0.24700555, 0.8828814, 0.39938515), (-0.25210238, 0.9000542, 0.35545298), (-0.20135607, 0.8930437, 0.40240374), (-0.1986372, 0.8728405, 0.4457497), (-0.24172458, 0.8637731, 0.44211444), (-0.24700555, 0.8828814, 0.39938515), (-0.1986372, 0.8728405, 0.4457497), (-0.19568497, 0.850403, 0.48838726), (-0.2365278, 0.84233284, 0.484283), (-0.24172458, 0.8637731, 0.44211444), (-0.19568497, 0.850403, 0.48838726), (-0.19267894, 0.8254923, 0.5305066), (-0.23169492, 0.81829566, 0.52603215), (-0.2365278, 0.84233284, 0.484283), (-0.19267894, 0.8254923, 0.5305066), (-0.18979007, 0.7978814, 0.5721581), (-0.22749743, 0.7913924, 0.56740034), (-0.23169492, 0.81829566, 0.52603215), (-0.18979007, 0.7978814, 0.5721581), (-0.18732949, 0.76730746, 0.6133081), (-0.22423537, 0.7613332, 0.60835046), (-0.22749743, 0.7913924, 0.56740034), (-0.18732949, 0.76730746, 0.6133081), (-0.1856536, 0.73345923, 0.6538885), (-0.2221678, 0.72783816, 0.64876276), (-0.22423537, 0.7613332, 0.60835046), (-0.1856536, 0.73345923, 0.6538885), (-0.18502805, 0.6948987, 0.69489604), (-0.22145858, 0.6895494, 0.6895491), (-0.2221678, 0.72783816, 0.64876276), (-0.24476223, 0.96957195, 0.004639091), (-0.24819565, 0.9678557, 0.040671214), (-0.29714718, 0.95383954, 0.04351658), (-0.29433826, 0.95568556, 0.0054804226), (-0.24819565, 0.9678557, 0.040671214), (-0.25657067, 0.96145713, 0.09885219), (-0.30438298, 0.9471145, 0.10161275), (-0.29714718, 0.95383954, 0.04351658), (-0.25657067, 0.96145713, 0.09885219), (-0.26101735, 0.9530772, 0.15334234), (-0.30943367, 0.93846303, 0.1534207), (-0.30438298, 0.9471145, 0.10161275), (-0.26101735, 0.9530772, 0.15334234), (-0.26177147, 0.9424937, 0.20780145), (-0.31109586, 0.9278303, 0.2057921), (-0.30943367, 0.93846303, 0.1534207), (-0.26177147, 0.9424937, 0.20780145), (-0.2600588, 0.9299135, 0.2600579), (-0.30922496, 0.915708, 0.2566299), (-0.31109586, 0.9278303, 0.2057921), (-0.2600588, 0.9299135, 0.2600579), (-0.25662985, 0.9157079, 0.3092252), (-0.30469078, 0.902401, 0.30469), (-0.30922496, 0.915708, 0.2566299), (-0.25662985, 0.9157079, 0.3092252), (-0.25210238, 0.9000542, 0.35545298), (-0.29841107, 0.887884, 0.35016096), (-0.30469078, 0.902401, 0.30469), (-0.25210238, 0.9000542, 0.35545298), (-0.24700555, 0.8828814, 0.39938515), (-0.29140562, 0.87184286, 0.39366576), (-0.29841107, 0.887884, 0.35016096), (-0.24700555, 0.8828814, 0.39938515), (-0.24172458, 0.8637731, 0.44211444), (-0.28437772, 0.8537423, 0.4361805), (-0.29140562, 0.87184286, 0.39366576), (-0.24172458, 0.8637731, 0.44211444), (-0.2365278, 0.84233284, 0.484283), (-0.27766052, 0.83318275, 0.47823763), (-0.28437772, 0.8537423, 0.4361805), (-0.2365278, 0.84233284, 0.484283), (-0.23169492, 0.81829566, 0.52603215), (-0.2716022, 0.809877, 0.51993406), (-0.27766052, 0.83318275, 0.47823763), (-0.23169492, 0.81829566, 0.52603215), (-0.22749743, 0.7913924, 0.56740034), (-0.26651827, 0.7835429, 0.56127405), (-0.2716022, 0.809877, 0.51993406), (-0.22749743, 0.7913924, 0.56740034), (-0.22423537, 0.7613332, 0.60835046), (-0.2627023, 0.7539141, 0.6021636), (-0.26651827, 0.7835429, 0.56127405), (-0.22423537, 0.7613332, 0.60835046), (-0.2221678, 0.72783816, 0.64876276), (-0.2603628, 0.72077465, 0.64241344), (-0.2627023, 0.7539141, 0.6021636), (-0.2221678, 0.72783816, 0.64876276), (-0.22145858, 0.6895494, 0.6895491), (-0.25959432, 0.68286794, 0.68286324), (-0.2603628, 0.72077465, 0.64241344), (-0.29433826, 0.95568556, 0.0054804226), (-0.29714718, 0.95383954, 0.04351658), (-0.34593296, 0.93713367, 0.045944598), (-0.343739, 0.9390452, 0.006139337), (-0.29714718, 0.95383954, 0.04351658), (-0.30438298, 0.9471145, 0.10161275), (-0.35176733, 0.9302442, 0.1044297), (-0.34593296, 0.93713367, 0.045944598), (-0.30438298, 0.9471145, 0.10161275), (-0.30943367, 0.93846303, 0.1534207), (-0.3563155, 0.92157626, 0.15406667), (-0.35176733, 0.9302442, 0.1044297), (-0.30943367, 0.93846303, 0.1534207), (-0.31109586, 0.9278303, 0.2057921), (-0.35779586, 0.9113123, 0.20369582), (-0.3563155, 0.92157626, 0.15406667), (-0.31109586, 0.9278303, 0.2057921), (-0.30922496, 0.915708, 0.2566299), (-0.35545176, 0.90005505, 0.25210106), (-0.35779586, 0.9113123, 0.20369582), (-0.30922496, 0.915708, 0.2566299), (-0.30469078, 0.902401, 0.30469), (-0.35016194, 0.8878836, 0.29841137), (-0.35545176, 0.90005505, 0.25210106), (-0.30469078, 0.902401, 0.30469), (-0.29841107, 0.887884, 0.35016096), (-0.34294197, 0.87451786, 0.34294203), (-0.35016194, 0.8878836, 0.29841137), (-0.29841107, 0.887884, 0.35016096), (-0.29140562, 0.87184286, 0.39366576), (-0.33499333, 0.8594444, 0.3861799), (-0.34294197, 0.87451786, 0.34294203), (-0.29140562, 0.87184286, 0.39366576), (-0.28437772, 0.8537423, 0.4361805), (-0.32712862, 0.8421444, 0.4286953), (-0.33499333, 0.8594444, 0.3861799), (-0.28437772, 0.8537423, 0.4361805), (-0.27766052, 0.83318275, 0.47823763), (-0.31972203, 0.8222674, 0.47080156), (-0.32712862, 0.8421444, 0.4286953), (-0.27766052, 0.83318275, 0.47823763), (-0.2716022, 0.809877, 0.51993406), (-0.31313193, 0.79952663, 0.5125481), (-0.31972203, 0.8222674, 0.47080156), (-0.2716022, 0.809877, 0.51993406), (-0.26651827, 0.7835429, 0.56127405), (-0.30768275, 0.773662, 0.55387586), (-0.31313193, 0.79952663, 0.5125481), (-0.26651827, 0.7835429, 0.56127405), (-0.2627023, 0.7539141, 0.6021636), (-0.30365086, 0.7444502, 0.5946345), (-0.30768275, 0.773662, 0.55387586), (-0.2627023, 0.7539141, 0.6021636), (-0.2603628, 0.72077465, 0.64241344), (-0.3012239, 0.71174514, 0.634573), (-0.30365086, 0.7444502, 0.5946345), (-0.2603628, 0.72077465, 0.64241344), (-0.25959432, 0.68286794, 0.68286324), (-0.3004386, 0.6744371, 0.67444146), (-0.3012239, 0.71174514, 0.634573), (-0.343739, 0.9390452, 0.006139337), (-0.34593296, 0.93713367, 0.045944598), (-0.39439633, 0.91768265, 0.048064172), (-0.3927506, 0.91962063, 0.006697902), (-0.34593296, 0.93713367, 0.045944598), (-0.35176733, 0.9302442, 0.1044297), (-0.3987064, 0.9108194, 0.10696349), (-0.39439633, 0.91768265, 0.048064172), (-0.35176733, 0.9302442, 0.1044297), (-0.3563155, 0.92157626, 0.15406667), (-0.4019202, 0.90252423, 0.15462951), (-0.3987064, 0.9108194, 0.10696349), (-0.3563155, 0.92157626, 0.15406667), (-0.35779586, 0.9113123, 0.20369582), (-0.4024033, 0.89304394, 0.201356), (-0.4019202, 0.90252423, 0.15462951), (-0.35779586, 0.9113123, 0.20369582), (-0.35545176, 0.90005505, 0.25210106), (-0.39938572, 0.8828807, 0.24700767), (-0.4024033, 0.89304394, 0.201356), (-0.35545176, 0.90005505, 0.25210106), (-0.35016194, 0.8878836, 0.29841137), (-0.39366624, 0.87184256, 0.2914062), (-0.39938572, 0.8828807, 0.24700767), (-0.35016194, 0.8878836, 0.29841137), (-0.34294197, 0.87451786, 0.34294203), (-0.38618, 0.85944474, 0.33499223), (-0.39366624, 0.87184256, 0.2914062), (-0.34294197, 0.87451786, 0.34294203), (-0.33499333, 0.8594444, 0.3861799), (-0.37803903, 0.84508735, 0.3780396), (-0.38618, 0.85944474, 0.33499223), (-0.33499333, 0.8594444, 0.3861799), (-0.32712862, 0.8421444, 0.4286953), (-0.37005484, 0.8283379, 0.42061356), (-0.37803903, 0.84508735, 0.3780396), (-0.32712862, 0.8421444, 0.4286953), (-0.31972203, 0.8222674, 0.47080156), (-0.36256668, 0.8089572, 0.4627459), (-0.37005484, 0.8283379, 0.42061356), (-0.31972203, 0.8222674, 0.47080156), (-0.31313193, 0.79952663, 0.5125481), (-0.35590586, 0.78668797, 0.5044334), (-0.36256668, 0.8089572, 0.4627459), (-0.31313193, 0.79952663, 0.5125481), (-0.30768275, 0.773662, 0.55387586), (-0.3503927, 0.7612961, 0.5455761), (-0.35590586, 0.78668797, 0.5044334), (-0.30768275, 0.773662, 0.55387586), (-0.30365086, 0.7444502, 0.5946345), (-0.34632015, 0.7326048, 0.58596295), (-0.3503927, 0.7612961, 0.5455761), (-0.30365086, 0.7444502, 0.5946345), (-0.3012239, 0.71174514, 0.634573), (-0.34388337, 0.7005541, 0.62527454), (-0.34632015, 0.7326048, 0.58596295), (-0.3012239, 0.71174514, 0.634573), (-0.3004386, 0.6744371, 0.67444146), (-0.34308884, 0.6641862, 0.6641889), (-0.34388337, 0.7005541, 0.62527454), (-0.3927506, 0.91962063, 0.006697902), (-0.39439633, 0.91768265, 0.048064172), (-0.44218367, 0.895539, 0.049834516), (-0.44114712, 0.8974062, 0.007172541), (-0.39439633, 0.91768265, 0.048064172), (-0.3987064, 0.9108194, 0.10696349), (-0.44481096, 0.8889766, 0.108922556), (-0.44218367, 0.895539, 0.049834516), (-0.3987064, 0.9108194, 0.10696349), (-0.4019202, 0.90252423, 0.15462951), (-0.44644448, 0.8813447, 0.1546573), (-0.44481096, 0.8889766, 0.108922556), (-0.4019202, 0.90252423, 0.15462951), (-0.4024033, 0.89304394, 0.201356), (-0.4457512, 0.8728398, 0.19863662), (-0.44644448, 0.8813447, 0.1546573), (-0.4024033, 0.89304394, 0.201356), (-0.39938572, 0.8828807, 0.24700767), (-0.44211587, 0.8637726, 0.24172415), (-0.4457512, 0.8728398, 0.19863662), (-0.39938572, 0.8828807, 0.24700767), (-0.39366624, 0.87184256, 0.2914062), (-0.4361783, 0.85374343, 0.28437757), (-0.44211587, 0.8637726, 0.24172415), (-0.39366624, 0.87184256, 0.2914062), (-0.38618, 0.85944474, 0.33499223), (-0.4286939, 0.8421456, 0.32712725), (-0.4361783, 0.85374343, 0.28437757), (-0.38618, 0.85944474, 0.33499223), (-0.37803903, 0.84508735, 0.3780396), (-0.42061436, 0.82833743, 0.37005478), (-0.4286939, 0.8421456, 0.32712725), (-0.37803903, 0.84508735, 0.3780396), (-0.37005484, 0.8283379, 0.42061356), (-0.41266003, 0.8120479, 0.412662), (-0.42061436, 0.82833743, 0.37005478), (-0.37005484, 0.8283379, 0.42061356), (-0.36256668, 0.8089572, 0.4627459), (-0.40512243, 0.7931879, 0.45467436), (-0.41266003, 0.8120479, 0.412662), (-0.36256668, 0.8089572, 0.4627459), (-0.35590586, 0.78668797, 0.5044334), (-0.39828932, 0.7715208, 0.49610603), (-0.40512243, 0.7931879, 0.45467436), (-0.35590586, 0.78668797, 0.5044334), (-0.3503927, 0.7612961, 0.5455761), (-0.39249626, 0.746823, 0.5368446), (-0.39828932, 0.7715208, 0.49610603), (-0.3503927, 0.7612961, 0.5455761), (-0.34632015, 0.7326048, 0.58596295), (-0.3881258, 0.71892107, 0.5766376), (-0.39249626, 0.746823, 0.5368446), (-0.34632015, 0.7326048, 0.58596295), (-0.34388337, 0.7005541, 0.62527454), (-0.38547015, 0.68781835, 0.6150761), (-0.3881258, 0.71892107, 0.5766376), (-0.34388337, 0.7005541, 0.62527454), (-0.34308884, 0.6641862, 0.6641889), (-0.38459948, 0.6527187, 0.6527184), (-0.38547015, 0.68781835, 0.6150761), (-0.44114712, 0.8974062, 0.007172541), (-0.44218367, 0.895539, 0.049834516), (-0.48906156, 0.87075675, 0.05100429), (-0.48870397, 0.8724176, 0.0074743163), (-0.44218367, 0.895539, 0.049834516), (-0.44481096, 0.8889766, 0.108922556), (-0.48997977, 0.8647566, 0.110071994), (-0.48906156, 0.87075675, 0.05100429), (-0.44481096, 0.8889766, 0.108922556), (-0.44644448, 0.8813447, 0.1546573), (-0.49011207, 0.85792863, 0.15410665), (-0.48997977, 0.8647566, 0.110071994), (-0.44644448, 0.8813447, 0.1546573), (-0.4457512, 0.8728398, 0.19863662), (-0.488386, 0.85040337, 0.19568612), (-0.49011207, 0.85792863, 0.15410665), (-0.4457512, 0.8728398, 0.19863662), (-0.44211587, 0.8637726, 0.24172415), (-0.48428383, 0.8423331, 0.23652565), (-0.488386, 0.85040337, 0.19568612), (-0.44211587, 0.8637726, 0.24172415), (-0.4361783, 0.85374343, 0.28437757), (-0.4782392, 0.8331827, 0.27765787), (-0.48428383, 0.8423331, 0.23652565), (-0.4361783, 0.85374343, 0.28437757), (-0.4286939, 0.8421456, 0.32712725), (-0.47080147, 0.82226664, 0.31972408), (-0.4782392, 0.8331827, 0.27765787), (-0.4286939, 0.8421456, 0.32712725), (-0.42061436, 0.82833743, 0.37005478), (-0.4627468, 0.8089563, 0.36256722), (-0.47080147, 0.82226664, 0.31972408), (-0.42061436, 0.82833743, 0.37005478), (-0.41266003, 0.8120479, 0.412662), (-0.45467377, 0.7931886, 0.4051217), (-0.4627468, 0.8089563, 0.36256722), (-0.41266003, 0.8120479, 0.412662), (-0.40512243, 0.7931879, 0.45467436), (-0.44684365, 0.77502304, 0.44684443), (-0.45467377, 0.7931886, 0.4051217), (-0.40512243, 0.7931879, 0.45467436), (-0.39828932, 0.7715208, 0.49610603), (-0.43951347, 0.7542448, 0.48779377), (-0.44684365, 0.77502304, 0.44684443), (-0.39828932, 0.7715208, 0.49610603), (-0.39249626, 0.746823, 0.5368446), (-0.43306503, 0.73058707, 0.52791786), (-0.43951347, 0.7542448, 0.48779377), (-0.39249626, 0.746823, 0.5368446), (-0.3881258, 0.71892107, 0.5766376), (-0.42804343, 0.7038201, 0.5669357), (-0.43306503, 0.73058707, 0.52791786), (-0.3881258, 0.71892107, 0.5766376), (-0.38547015, 0.68781835, 0.6150761), (-0.42492625, 0.6739702, 0.60431933), (-0.42804343, 0.7038201, 0.5669357), (-0.38547015, 0.68781835, 0.6150761), (-0.38459948, 0.6527187, 0.6527184), (-0.4239057, 0.6404318, 0.64043033), (-0.42492625, 0.6739702, 0.60431933), (-0.48870397, 0.8724176, 0.0074743163), (-0.48906156, 0.87075675, 0.05100429), (-0.53497946, 0.8432943, 0.05149412), (-0.5351901, 0.844698, 0.007548165), (-0.48906156, 0.87075675, 0.05100429), (-0.48997977, 0.8647566, 0.110071994), (-0.53438514, 0.8380009, 0.11039454), (-0.53497946, 0.8432943, 0.05149412), (-0.48997977, 0.8647566, 0.110071994), (-0.49011207, 0.85792863, 0.15410665), (-0.5331505, 0.832063, 0.15304099), (-0.53438514, 0.8380009, 0.11039454), (-0.49011207, 0.85792863, 0.15410665), (-0.488386, 0.85040337, 0.19568612), (-0.5305062, 0.8254922, 0.19268046), (-0.5331505, 0.832063, 0.15304099), (-0.488386, 0.85040337, 0.19568612), (-0.48428383, 0.8423331, 0.23652565), (-0.52603066, 0.8182958, 0.23169737), (-0.5305062, 0.8254922, 0.19268046), (-0.48428383, 0.8423331, 0.23652565), (-0.4782392, 0.8331827, 0.27765787), (-0.5199341, 0.8098775, 0.2716007), (-0.52603066, 0.8182958, 0.23169737), (-0.4782392, 0.8331827, 0.27765787), (-0.47080147, 0.82226664, 0.31972408), (-0.5125496, 0.79952645, 0.31313), (-0.5199341, 0.8098775, 0.2716007), (-0.47080147, 0.82226664, 0.31972408), (-0.4627468, 0.8089563, 0.36256722), (-0.50443256, 0.78668904, 0.3559051), (-0.5125496, 0.79952645, 0.31313), (-0.4627468, 0.8089563, 0.36256722), (-0.45467377, 0.7931886, 0.4051217), (-0.4961069, 0.7715204, 0.39828917), (-0.50443256, 0.78668904, 0.3559051), (-0.45467377, 0.7931886, 0.4051217), (-0.44684365, 0.77502304, 0.44684443), (-0.48779377, 0.7542444, 0.43951407), (-0.4961069, 0.7715204, 0.39828917), (-0.44684365, 0.77502304, 0.44684443), (-0.43951347, 0.7542448, 0.48779377), (-0.47975677, 0.7346191, 0.4797585), (-0.48779377, 0.7542444, 0.43951407), (-0.43951347, 0.7542448, 0.48779377), (-0.43306503, 0.73058707, 0.52791786), (-0.47248438, 0.7122897, 0.51903945), (-0.47975677, 0.7346191, 0.4797585), (-0.43306503, 0.73058707, 0.52791786), (-0.42804343, 0.7038201, 0.5669357), (-0.46671772, 0.6869444, 0.5570295), (-0.47248438, 0.7122897, 0.51903945), (-0.42804343, 0.7038201, 0.5669357), (-0.42492625, 0.6739702, 0.60431933), (-0.4631378, 0.65864635, 0.593033), (-0.46671772, 0.6869444, 0.5570295), (-0.42492625, 0.6739702, 0.60431933), (-0.4239057, 0.6404318, 0.64043033), (-0.46198642, 0.6271233, 0.62712437), (-0.4631378, 0.65864635, 0.593033), (-0.5351901, 0.844698, 0.007548165), (-0.53497946, 0.8432943, 0.05149412), (-0.57973576, 0.81317395, 0.05152253), (-0.58037287, 0.81431615, 0.0075134723), (-0.53497946, 0.8432943, 0.05149412), (-0.53438514, 0.8380009, 0.11039454), (-0.577916, 0.8086459, 0.11002262), (-0.57973576, 0.81317395, 0.05152253), (-0.53438514, 0.8380009, 0.11039454), (-0.5331505, 0.832063, 0.15304099), (-0.5755571, 0.80359584, 0.15155093), (-0.577916, 0.8086459, 0.11002262), (-0.5331505, 0.832063, 0.15304099), (-0.5305062, 0.8254922, 0.19268046), (-0.5721591, 0.79788077, 0.18979), (-0.5755571, 0.80359584, 0.15155093), (-0.5305062, 0.8254922, 0.19268046), (-0.52603066, 0.8182958, 0.23169737), (-0.5673998, 0.79139316, 0.22749577), (-0.5721591, 0.79788077, 0.18979), (-0.52603066, 0.8182958, 0.23169737), (-0.5199341, 0.8098775, 0.2716007), (-0.5612723, 0.78354406, 0.26651865), (-0.5673998, 0.79139316, 0.22749577), (-0.5199341, 0.8098775, 0.2716007), (-0.5125496, 0.79952645, 0.31313), (-0.5538759, 0.77366155, 0.30768377), (-0.5612723, 0.78354406, 0.26651865), (-0.5125496, 0.79952645, 0.31313), (-0.50443256, 0.78668904, 0.3559051), (-0.54557604, 0.761296, 0.35039306), (-0.5538759, 0.77366155, 0.30768377), (-0.50443256, 0.78668904, 0.3559051), (-0.4961069, 0.7715204, 0.39828917), (-0.53684384, 0.7468233, 0.3924968), (-0.54557604, 0.761296, 0.35039306), (-0.4961069, 0.7715204, 0.39828917), (-0.48779377, 0.7542444, 0.43951407), (-0.5279194, 0.73058724, 0.4330629), (-0.53684384, 0.7468233, 0.3924968), (-0.48779377, 0.7542444, 0.43951407), (-0.47975677, 0.7346191, 0.4797585), (-0.5190386, 0.7122902, 0.47248462), (-0.5279194, 0.73058724, 0.4330629), (-0.47975677, 0.7346191, 0.4797585), (-0.47248438, 0.7122897, 0.51903945), (-0.51079416, 0.69150424, 0.5107947), (-0.5190386, 0.7122902, 0.47248462), (-0.47248438, 0.7122897, 0.51903945), (-0.46671772, 0.6869444, 0.5570295), (-0.5039565, 0.668009, 0.5475325), (-0.51079416, 0.69150424, 0.5107947), (-0.46671772, 0.6869444, 0.5570295), (-0.4631378, 0.65864635, 0.593033), (-0.4994254, 0.64192563, 0.5818126), (-0.5039565, 0.668009, 0.5475325), (-0.4631378, 0.65864635, 0.593033), (-0.46198642, 0.6271233, 0.62712437), (-0.49793237, 0.61321425, 0.61321414), (-0.4994254, 0.64192563, 0.5818126), (-0.58037287, 0.81431615, 0.0075134723), (-0.57973576, 0.81317395, 0.05152253), (-0.62311816, 0.7804555, 0.05111625), (-0.6240348, 0.7813621, 0.007333976), (-0.57973576, 0.81317395, 0.05152253), (-0.577916, 0.8086459, 0.11002262), (-0.6203657, 0.77667594, 0.10918259), (-0.62311816, 0.7804555, 0.05111625), (-0.577916, 0.8086459, 0.11002262), (-0.5755571, 0.80359584, 0.15155093), (-0.61721486, 0.7723723, 0.14995623), (-0.6203657, 0.77667594, 0.10918259), (-0.5755571, 0.80359584, 0.15155093), (-0.5721591, 0.79788077, 0.18979), (-0.6133074, 0.76730824, 0.18732876), (-0.61721486, 0.7723723, 0.14995623), (-0.5721591, 0.79788077, 0.18979), (-0.5673998, 0.79139316, 0.22749577), (-0.6083509, 0.76133317, 0.22423431), (-0.6133074, 0.76730824, 0.18732876), (-0.5673998, 0.79139316, 0.22749577), (-0.5612723, 0.78354406, 0.26651865), (-0.6021636, 0.75391436, 0.2627016), (-0.6083509, 0.76133317, 0.22423431), (-0.5612723, 0.78354406, 0.26651865), (-0.5538759, 0.77366155, 0.30768377), (-0.59463596, 0.7444489, 0.3036509), (-0.6021636, 0.75391436, 0.2627016), (-0.5538759, 0.77366155, 0.30768377), (-0.54557604, 0.761296, 0.35039306), (-0.5859652, 0.7326038, 0.34631836), (-0.59463596, 0.7444489, 0.3036509), (-0.54557604, 0.761296, 0.35039306), (-0.53684384, 0.7468233, 0.3924968), (-0.57663834, 0.7189198, 0.38812694), (-0.5859652, 0.7326038, 0.34631836), (-0.53684384, 0.7468233, 0.3924968), (-0.5279194, 0.73058724, 0.4330629), (-0.5669348, 0.7038204, 0.42804396), (-0.57663834, 0.7189198, 0.38812694), (-0.5279194, 0.73058724, 0.4330629), (-0.5190386, 0.7122902, 0.47248462), (-0.55703104, 0.68694293, 0.46671808), (-0.5669348, 0.7038204, 0.42804396), (-0.5190386, 0.7122902, 0.47248462), (-0.51079416, 0.69150424, 0.5107947), (-0.5475326, 0.6680081, 0.50395745), (-0.55703104, 0.68694293, 0.46671808), (-0.51079416, 0.69150424, 0.5107947), (-0.5039565, 0.668009, 0.5475325), (-0.53900915, 0.6472553, 0.539008), (-0.5475326, 0.6680081, 0.50395745), (-0.5039565, 0.668009, 0.5475325), (-0.4994254, 0.64192563, 0.5818126), (-0.53270674, 0.62446946, 0.571193), (-0.53900915, 0.6472553, 0.539008), (-0.4994254, 0.64192563, 0.5818126), (-0.49793237, 0.61321425, 0.61321414), (-0.5305579, 0.5993801, 0.59937626), (-0.53270674, 0.62446946, 0.571193), (-0.6240348, 0.7813621, 0.007333976), (-0.62311816, 0.7804555, 0.05111625), (-0.6649458, 0.74518424, 0.050472587), (-0.6659592, 0.7459541, 0.0071248105), (-0.62311816, 0.7804555, 0.05111625), (-0.6203657, 0.77667594, 0.10918259), (-0.6616978, 0.7419297, 0.108149745), (-0.6649458, 0.74518424, 0.050472587), (-0.6203657, 0.77667594, 0.10918259), (-0.61721486, 0.7723723, 0.14995623), (-0.6581095, 0.73810256, 0.14864871), (-0.6616978, 0.7419297, 0.108149745), (-0.61721486, 0.7723723, 0.14995623), (-0.6133074, 0.76730824, 0.18732876), (-0.6538873, 0.7334602, 0.18565436), (-0.6581095, 0.73810256, 0.14864871), (-0.6133074, 0.76730824, 0.18732876), (-0.6083509, 0.76133317, 0.22423431), (-0.6487621, 0.72783905, 0.22216667), (-0.6538873, 0.7334602, 0.18565436), (-0.6083509, 0.76133317, 0.22423431), (-0.6021636, 0.75391436, 0.2627016), (-0.64241236, 0.72077507, 0.2603644), (-0.6487621, 0.72783905, 0.22216667), (-0.6021636, 0.75391436, 0.2627016), (-0.59463596, 0.7444489, 0.3036509), (-0.6345729, 0.71174353, 0.30122778), (-0.64241236, 0.72077507, 0.2603644), (-0.59463596, 0.7444489, 0.3036509), (-0.5859652, 0.7326038, 0.34631836), (-0.6252758, 0.70055324, 0.34388268), (-0.6345729, 0.71174353, 0.30122778), (-0.5859652, 0.7326038, 0.34631836), (-0.57663834, 0.7189198, 0.38812694), (-0.6150763, 0.68781984, 0.3854673), (-0.6252758, 0.70055324, 0.34388268), (-0.57663834, 0.7189198, 0.38812694), (-0.5669348, 0.7038204, 0.42804396), (-0.60431975, 0.67397046, 0.42492512), (-0.6150763, 0.68781984, 0.3854673), (-0.5669348, 0.7038204, 0.42804396), (-0.55703104, 0.68694293, 0.46671808), (-0.59303373, 0.6586447, 0.4631394), (-0.60431975, 0.67397046, 0.42492512), (-0.55703104, 0.68694293, 0.46671808), (-0.5475326, 0.6680081, 0.50395745), (-0.5818121, 0.64192665, 0.4994246), (-0.59303373, 0.6586447, 0.4631394), (-0.5475326, 0.6680081, 0.50395745), (-0.53900915, 0.6472553, 0.539008), (-0.57119465, 0.6244688, 0.53270566), (-0.5818121, 0.64192665, 0.4994246), (-0.53900915, 0.6472553, 0.539008), (-0.53270674, 0.62446946, 0.571193), (-0.5623897, 0.6061642, 0.56239027), (-0.57119465, 0.6244688, 0.53270566), (-0.53270674, 0.62446946, 0.571193), (-0.5305579, 0.5993801, 0.59937626), (-0.5591633, 0.586232, 0.5862324), (-0.5623897, 0.6061642, 0.56239027), (-0.6659592, 0.7459541, 0.0071248105), (-0.6649458, 0.74518424, 0.050472587), (-0.7062215, 0.7062214, 0.050025653), (-0.7070897, 0.7070898, 0.006943389), (-0.6649458, 0.74518424, 0.050472587), (-0.6616978, 0.7419297, 0.108149745), (-0.7030024, 0.7030024, 0.10758859), (-0.7062215, 0.7062214, 0.050025653), (-0.6616978, 0.7419297, 0.108149745), (-0.6581095, 0.73810256, 0.14864871), (-0.6993111, 0.6993111, 0.14808099), (-0.7030024, 0.7030024, 0.10758859), (-0.6581095, 0.73810256, 0.14864871), (-0.6538873, 0.7334602, 0.18565436), (-0.6948972, 0.69489723, 0.1850289), (-0.6993111, 0.6993111, 0.14808099), (-0.6538873, 0.7334602, 0.18565436), (-0.6487621, 0.72783905, 0.22216667), (-0.6895492, 0.6895493, 0.22145806), (-0.6948972, 0.69489723, 0.1850289), (-0.6487621, 0.72783905, 0.22216667), (-0.64241236, 0.72077507, 0.2603644), (-0.68286526, 0.6828653, 0.25959593), (-0.6895492, 0.6895493, 0.22145806), (-0.64241236, 0.72077507, 0.2603644), (-0.6345729, 0.71174353, 0.30122778), (-0.6744386, 0.6744386, 0.30044165), (-0.68286526, 0.6828653, 0.25959593), (-0.6345729, 0.71174353, 0.30122778), (-0.6252758, 0.70055324, 0.34388268), (-0.66418844, 0.66418844, 0.34308523), (-0.6744386, 0.6744386, 0.30044165), (-0.6252758, 0.70055324, 0.34388268), (-0.6150763, 0.68781984, 0.3854673), (-0.65271866, 0.6527187, 0.38459936), (-0.66418844, 0.66418844, 0.34308523), (-0.6150763, 0.68781984, 0.3854673), (-0.60431975, 0.67397046, 0.42492512), (-0.6404303, 0.6404303, 0.42390826), (-0.65271866, 0.6527187, 0.38459936), (-0.60431975, 0.67397046, 0.42492512), (-0.59303373, 0.6586447, 0.4631394), (-0.62712395, 0.62712395, 0.46198604), (-0.6404303, 0.6404303, 0.42390826), (-0.59303373, 0.6586447, 0.4631394), (-0.5818121, 0.64192665, 0.4994246), (-0.6132138, 0.6132138, 0.49793348), (-0.62712395, 0.62712395, 0.46198604), (-0.5818121, 0.64192665, 0.4994246), (-0.57119465, 0.6244688, 0.53270566), (-0.59937847, 0.5993785, 0.5305571), (-0.6132138, 0.6132138, 0.49793348), (-0.57119465, 0.6244688, 0.53270566), (-0.5623897, 0.6061642, 0.56239027), (-0.5862331, 0.5862331, 0.5591615), (-0.59937847, 0.5993785, 0.5305571), (-0.5623897, 0.6061642, 0.56239027), (-0.5591633, 0.586232, 0.5862324), (-0.5773505, 0.57735056, 0.5773497), (-0.5862331, 0.5862331, 0.5591615), (-0.011897105, 0.99992925, -0), (-0.012576563, 0.99984187, 0.012576595), (-0.04826888, 0.99883157, 0.0023734923), (-0.047803316, 0.9988568, 0.000016245694), (-0.047803316, 0.9988568, 0.000016245694), (-0.04826888, 0.99883157, 0.0023734923), (-0.09684501, 0.995297, 0.0022007616), (-0.09615277, 0.99536663, 0.00003090981), (-0.09615277, 0.99536663, 0.00003090981), (-0.09684501, 0.995297, 0.0022007616), (-0.14585473, 0.98930186, 0.0028763104), (-0.14511783, 0.9894144, 0.000044281052), (-0.14511783, 0.9894144, 0.000044281052), (-0.14585473, 0.98930186, 0.0028763104), (-0.19520438, 0.98075557, 0.0037003197), (-0.19454192, 0.9808942, 0.00005580178), (-0.19454192, 0.9808942, 0.00005580178), (-0.19520438, 0.98075557, 0.0037003197), (-0.24476223, 0.96957195, 0.004639091), (-0.24422935, 0.96971756, 0.00006524094), (-0.24422935, 0.96971756, 0.00006524094), (-0.24476223, 0.96957195, 0.004639091), (-0.29433826, 0.95568556, 0.0054804226), (-0.29397228, 0.95581394, 0.00007220698), (-0.29397228, 0.95581394, 0.00007220698), (-0.29433826, 0.95568556, 0.0054804226), (-0.343739, 0.9390452, 0.006139337), (-0.34356165, 0.9391301, 0.00007661972), (-0.34356165, 0.9391301, 0.00007661972), (-0.343739, 0.9390452, 0.006139337), (-0.3927506, 0.91962063, 0.006697902), (-0.39277515, 0.9196345, 0.000078201), (-0.39277515, 0.9196345, 0.000078201), (-0.3927506, 0.91962063, 0.006697902), (-0.44114712, 0.8974062, 0.007172541), (-0.44137743, 0.8973215, 0.00007679604), (-0.44137743, 0.8973215, 0.00007679604), (-0.44114712, 0.8974062, 0.007172541), (-0.48870397, 0.8724176, 0.0074743163), (-0.48912913, 0.8722114, 0.000072152274), (-0.48912913, 0.8722114, 0.000072152274), (-0.48870397, 0.8724176, 0.0074743163), (-0.5351901, 0.844698, 0.007548165), (-0.53580076, 0.8443444, 0.000064445834), (-0.53580076, 0.8443444, 0.000064445834), (-0.5351901, 0.844698, 0.007548165), (-0.58037287, 0.81431615, 0.0075134723), (-0.58115786, 0.8137908, 0.000053273194), (-0.58115786, 0.8137908, 0.000053273194), (-0.58037287, 0.81431615, 0.0075134723), (-0.6240348, 0.7813621, 0.007333976), (-0.62497294, 0.7806464, 0.000038814705), (-0.62497294, 0.7806464, 0.000038814705), (-0.6240348, 0.7813621, 0.007333976), (-0.6659592, 0.7459541, 0.0071248105), (-0.6670218, 0.7450382, 0.000020913072), (-0.6670218, 0.7450382, 0.000020913072), (-0.6659592, 0.7459541, 0.0071248105), (-0.7070897, 0.7070898, 0.006943389), (-0.7071068, 0.7071068, -0)] (
            interpolation = "faceVarying"
        )
        uniform token orientation = "leftHanded"
        uniform token physics:approximation = "convexHull"
        bool physics:collisionEnabled = 1
        point3f[] points = [(-2589.0195, -2739.0195, 210.2774), (2596.0195, -2739.0195, 210.2774), (2660.5535, -2803.5535, 2480.5771), (-2653.5535, -2803.5535, 2480.5771), (-2589.0195, 2739.0195, 210.2774), (2596.0195, 2739.0195, 210.2774), (2660.5535, 2803.5535, 2480.5771), (-2653.5535, 2803.5535, 2480.5771), (2307, -2450, -0.703125), (-2300, -2450, -0.703125), (-2300, 2450, -0.703125), (2307, 2450, -0.703125), (2307, -2950, 2480.5771), (2807, -2450, 2480.5771), (2807, -2450, 499.29688), (2807, 2450, 499.29688), (2807, 2450, 2480.5771), (2307, 2950, 2480.5771), (2307, 2950, 499.29688), (-2300, 2950, 499.29688), (-2300, 2950, 2480.5771), (-2800, 2450, 2480.5771), (-2800, 2450, 499.29688), (-2800, -2450, 499.29688), (-2800, -2450, 2480.5771), (-2300, -2950, 2480.5771), (-2300, -2950, 499.29688), (2307, -2950, 499.29688), (-2653.5535, -2450, 145.74348), (-2653.5535, 2450, 145.74348), (-2323.7993, -2450, -0.10433175), (-2347.9834, -2450, 1.6663743), (-2372.4744, -2450, 4.666096), (-2397.1873, -2450, 8.94588), (-2422.028, -2450, 14.549481), (-2446.8972, -2450, 21.512167), (-2471.6885, -2450, 29.85958), (-2496.2908, -2450, 39.6067), (-2520.5898, -2450, 50.756996), (-2544.4692, -2450, 63.301704), (-2567.8115, -2450, 77.21938), (-2590.5015, -2450, 92.47572), (-2612.426, -2450, 109.02356), (-2633.477, -2450, 126.80329), (-2653.3464, -2471.0796, 145.95055), (-2651.9985, -2493.1245, 147.29842), (-2649.9126, -2515.7837, 149.38435), (-2647.1594, -2538.7427, 152.13753), (-2643.7922, -2561.7048, 155.50465), (-2639.8188, -2584.4204, 159.47812), (-2635.2466, -2606.64, 164.05023), (-2630.0835, -2628.1133, 169.21335), (-2624.3987, -2648.6316, 174.89828), (-2618.3225, -2668.0278, 180.97432), (-2611.986, -2686.1335, 187.31073), (-2605.52, -2702.7815, 193.77681), (-2599.205, -2717.6184, 200.09178), (-2593.3796, -2730.2197, 205.91722), (-2323.7993, 2450, -0.10433175), (-2347.9834, 2450, 1.6663743), (-2372.4744, 2450, 4.666096), (-2397.1873, 2450, 8.94588), (-2422.028, 2450, 14.549481), (-2446.8972, 2450, 21.512167), (-2471.6885, 2450, 29.85958), (-2496.2908, 2450, 39.6067), (-2520.5898, 2450, 50.756996), (-2544.4692, 2450, 63.301704), (-2567.8115, 2450, 77.21938), (-2590.5015, 2450, 92.47572), (-2612.426, 2450, 109.02356), (-2633.477, 2450, 126.80329), (-2653.3464, 2471.0796, 145.95055), (-2651.9985, 2493.1245, 147.29842), (-2649.9126, 2515.7837, 149.38435), (-2647.1594, 2538.7427, 152.13753), (-2643.7922, 2561.7048, 155.50465), (-2639.8188, 2584.4204, 159.47812), (-2635.2466, 2606.64, 164.05023), (-2630.0835, 2628.1133, 169.21335), (-2624.3987, 2648.6316, 174.89828), (-2618.3225, 2668.0278, 180.97432), (-2611.986, 2686.1335, 187.31073), (-2605.52, 2702.7815, 193.77681), (-2599.205, 2717.6184, 200.09178), (-2593.3796, 2730.2197, 205.91722), (-2300, 2803.5535, 145.74348), (2307, 2803.5535, 145.74348), (-2300, 2473.7993, -0.10433175), (-2300, 2497.9834, 1.6663743), (-2300, 2522.4744, 4.666096), (-2300, 2547.1873, 8.94588), (-2300, 2572.028, 14.549481), (-2300, 2596.8972, 21.512167), (-2300, 2621.6885, 29.85958), (-2300, 2646.2908, 39.6067), (-2300, 2670.5898, 50.756996), (-2300, 2694.4692, 63.301704), (-2300, 2717.8115, 77.21938), (-2300, 2740.5015, 92.47572), (-2300, 2762.426, 109.02356), (-2300, 2783.477, 126.80329), (-2321.0796, 2803.3464, 145.95055), (-2343.1245, 2801.9985, 147.29842), (-2365.7837, 2799.9126, 149.38435), (-2388.7427, 2797.1594, 152.13753), (-2411.7048, 2793.7922, 155.50465), (-2434.4204, 2789.8188, 159.47812), (-2456.64, 2785.2466, 164.05023), (-2478.1133, 2780.0835, 169.21335), (-2498.6316, 2774.3987, 174.89828), (-2518.0278, 2768.3225, 180.97432), (-2536.1335, 2761.986, 187.31073), (-2552.7815, 2755.52, 193.77681), (-2567.6184, 2749.205, 200.09178), (-2580.2197, 2743.3796, 205.91722), (2307, 2473.7993, -0.10433175), (2307, 2497.9834, 1.6663743), (2307, 2522.4744, 4.666096), (2307, 2547.1873, 8.94588), (2307, 2572.028, 14.549481), (2307, 2596.8972, 21.512167), (2307, 2621.6885, 29.85958), (2307, 2646.2908, 39.6067), (2307, 2670.5898, 50.756996), (2307, 2694.4692, 63.301704), (2307, 2717.8115, 77.21938), (2307, 2740.5015, 92.47572), (2307, 2762.426, 109.02356), (2307, 2783.477, 126.80329), (2328.0796, 2803.3464, 145.95055), (2350.1245, 2801.9985, 147.29842), (2372.7837, 2799.9126, 149.38435), (2395.7427, 2797.1594, 152.13753), (2418.7048, 2793.7922, 155.50465), (2441.4204, 2789.8188, 159.47812), (2463.64, 2785.2466, 164.05023), (2485.1133, 2780.0835, 169.21335), (2505.6316, 2774.3987, 174.89828), (2525.0278, 2768.3225, 180.97432), (2543.1335, 2761.986, 187.31073), (2559.7815, 2755.52, 193.77681), (2574.6184, 2749.205, 200.09178), (2587.2197, 2743.3796, 205.91722), (2660.5535, 2450, 145.74348), (2660.5535, -2450, 145.74348), (2330.7993, 2450, -0.10433175), (2354.9834, 2450, 1.6663743), (2379.4744, 2450, 4.666096), (2404.1873, 2450, 8.94588), (2429.028, 2450, 14.549481), (2453.8972, 2450, 21.512167), (2478.6885, 2450, 29.85958), (2503.2908, 2450, 39.6067), (2527.5898, 2450, 50.756996), (2551.4692, 2450, 63.301704), (2574.8115, 2450, 77.21938), (2597.5015, 2450, 92.47572), (2619.426, 2450, 109.02356), (2640.477, 2450, 126.80329), (2660.3464, 2471.0796, 145.95055), (2658.9985, 2493.1245, 147.29842), (2656.9126, 2515.7837, 149.38435), (2654.1594, 2538.7427, 152.13753), (2650.7922, 2561.7048, 155.50465), (2646.8188, 2584.4204, 159.47812), (2642.2466, 2606.64, 164.05023), (2637.0835, 2628.1133, 169.21335), (2631.3987, 2648.6316, 174.89828), (2625.3225, 2668.0278, 180.97432), (2618.986, 2686.1335, 187.31073), (2612.52, 2702.7815, 193.77681), (2606.205, 2717.6184, 200.09178), (2600.3796, 2730.2197, 205.91722), (2330.7993, -2450, -0.10433175), (2354.9834, -2450, 1.6663743), (2379.4744, -2450, 4.666096), (2404.1873, -2450, 8.94588), (2429.028, -2450, 14.549481), (2453.8972, -2450, 21.512167), (2478.6885, -2450, 29.85958), (2503.2908, -2450, 39.6067), (2527.5898, -2450, 50.756996), (2551.4692, -2450, 63.301704), (2574.8115, -2450, 77.21938), (2597.5015, -2450, 92.47572), (2619.426, -2450, 109.02356), (2640.477, -2450, 126.80329), (2660.3464, -2471.0796, 145.95055), (2658.9985, -2493.1245, 147.29842), (2656.9126, -2515.7837, 149.38435), (2654.1594, -2538.7427, 152.13753), (2650.7922, -2561.7048, 155.50465), (2646.8188, -2584.4204, 159.47812), (2642.2466, -2606.64, 164.05023), (2637.0835, -2628.1133, 169.21335), (2631.3987, -2648.6316, 174.89828), (2625.3225, -2668.0278, 180.97432), (2618.986, -2686.1335, 187.31073), (2612.52, -2702.7815, 193.77681), (2606.205, -2717.6184, 200.09178), (2600.3796, -2730.2197, 205.91722), (2307, -2803.5535, 145.74348), (-2300, -2803.5535, 145.74348), (2307, -2473.7993, -0.10433175), (2307, -2497.9834, 1.6663743), (2307, -2522.4744, 4.666096), (2307, -2547.1873, 8.94588), (2307, -2572.028, 14.549481), (2307, -2596.8972, 21.512167), (2307, -2621.6885, 29.85958), (2307, -2646.2908, 39.6067), (2307, -2670.5898, 50.756996), (2307, -2694.4692, 63.301704), (2307, -2717.8115, 77.21938), (2307, -2740.5015, 92.47572), (2307, -2762.426, 109.02356), (2307, -2783.477, 126.80329), (2328.0796, -2803.3464, 145.95055), (2350.1245, -2801.9985, 147.29842), (2372.7837, -2799.9126, 149.38435), (2395.7427, -2797.1594, 152.13753), (2418.7048, -2793.7922, 155.50465), (2441.4204, -2789.8188, 159.47812), (2463.64, -2785.2466, 164.05023), (2485.1133, -2780.0835, 169.21335), (2505.6316, -2774.3987, 174.89828), (2525.0278, -2768.3225, 180.97432), (2543.1335, -2761.986, 187.31073), (2559.7815, -2755.52, 193.77681), (2574.6184, -2749.205, 200.09178), (2587.2197, -2743.3796, 205.91722), (-2300, -2473.7993, -0.10433175), (-2300, -2497.9834, 1.6663743), (-2300, -2522.4744, 4.666096), (-2300, -2547.1873, 8.94588), (-2300, -2572.028, 14.549481), (-2300, -2596.8972, 21.512167), (-2300, -2621.6885, 29.85958), (-2300, -2646.2908, 39.6067), (-2300, -2670.5898, 50.756996), (-2300, -2694.4692, 63.301704), (-2300, -2717.8115, 77.21938), (-2300, -2740.5015, 92.47572), (-2300, -2762.426, 109.02356), (-2300, -2783.477, 126.80329), (-2321.0796, -2803.3464, 145.95055), (-2343.1245, -2801.9985, 147.29842), (-2365.7837, -2799.9126, 149.38435), (-2388.7427, -2797.1594, 152.13753), (-2411.7048, -2793.7922, 155.50465), (-2434.4204, -2789.8188, 159.47812), (-2456.64, -2785.2466, 164.05023), (-2478.1133, -2780.0835, 169.21335), (-2498.6316, -2774.3987, 174.89828), (-2518.0278, -2768.3225, 180.97432), (-2536.1335, -2761.986, 187.31073), (-2552.7815, -2755.52, 193.77681), (-2567.6184, -2749.205, 200.09178), (-2580.2197, -2743.3796, 205.91722), (2660.5535, -2803.5535, 499.29688), (2806.4338, -2473.789, 2480.5771), (2804.6936, -2497.9683, 2480.5771), (2801.7217, -2522.4597, 2480.5771), (2797.4658, -2547.177, 2480.5771), (2791.881, -2572.0261, 2480.5771), (2784.9316, -2596.906, 2480.5771), (2776.5913, -2621.7092, 2480.5771), (2766.8445, -2646.324, 2480.5771), (2755.6877, -2670.6338, 2480.5771), (2743.1301, -2694.5208, 2480.5771), (2729.1936, -2717.8667, 2480.5771), (2713.913, -2740.5542, 2480.5771), (2697.337, -2762.4695, 2480.5771), (2679.526, -2783.5032, 2480.5771), (2806.4011, -2473.7993, 499.29688), (2804.6306, -2497.9834, 499.29688), (2801.6309, -2522.4744, 499.29688), (2797.351, -2547.1873, 499.29688), (2791.7473, -2572.028, 499.29688), (2784.7847, -2596.8972, 499.29688), (2776.4373, -2621.6885, 499.29688), (2766.6902, -2646.2908, 499.29688), (2755.5398, -2670.5898, 499.29688), (2742.995, -2694.4692, 499.29688), (2729.0774, -2717.8115, 499.29688), (2713.821, -2740.5015, 499.29688), (2697.2732, -2762.426, 499.29688), (2679.4937, -2783.477, 499.29688), (2660.3464, -2803.3464, 478.2173), (2658.9985, -2801.9985, 456.17236), (2656.9126, -2799.9126, 433.51315), (2654.1594, -2797.1594, 410.55417), (2650.7922, -2793.7922, 387.592), (2646.8188, -2789.8188, 364.87637), (2642.2466, -2785.2466, 342.65704), (2637.0835, -2780.0835, 321.18372), (2631.3987, -2774.3987, 300.66516), (2625.3225, -2768.3225, 281.2691), (2618.986, -2761.986, 263.16327), (2612.52, -2755.52, 246.5154), (2606.205, -2749.205, 231.67856), (2600.3796, -2743.3796, 219.07715), (2806.4011, -2450, 475.49762), (2804.6306, -2450, 451.3136), (2801.6309, -2450, 426.82242), (2797.351, -2450, 402.10974), (2791.7473, -2450, 377.2688), (2784.7847, -2450, 352.39966), (2776.4373, -2450, 327.60846), (2766.6902, -2450, 303.00607), (2755.5398, -2450, 278.70697), (2742.995, -2450, 254.8277), (2729.0774, -2450, 231.48526), (2713.821, -2450, 208.79543), (2697.2732, -2450, 186.87094), (2679.4937, -2450, 165.81978), (2806.4011, 2450, 475.49762), (2804.6306, 2450, 451.3136), (2801.6309, 2450, 426.82242), (2797.351, 2450, 402.10974), (2791.7473, 2450, 377.2688), (2784.7847, 2450, 352.39966), (2776.4373, 2450, 327.60846), (2766.6902, 2450, 303.00607), (2755.5398, 2450, 278.70697), (2742.995, 2450, 254.8277), (2729.0774, 2450, 231.48526), (2713.821, 2450, 208.79543), (2697.2732, 2450, 186.87094), (2679.4937, 2450, 165.81978), (2660.5535, 2803.5535, 499.29688), (2806.4011, 2473.7993, 499.29688), (2804.6306, 2497.9834, 499.29688), (2801.6309, 2522.4744, 499.29688), (2797.351, 2547.1873, 499.29688), (2791.7473, 2572.028, 499.29688), (2784.7847, 2596.8972, 499.29688), (2776.4373, 2621.6885, 499.29688), (2766.6902, 2646.2908, 499.29688), (2755.5398, 2670.5898, 499.29688), (2742.995, 2694.4692, 499.29688), (2729.0774, 2717.8115, 499.29688), (2713.821, 2740.5015, 499.29688), (2697.2732, 2762.426, 499.29688), (2679.4937, 2783.477, 499.29688), (2660.3464, 2803.3464, 478.2173), (2658.9985, 2801.9985, 456.17236), (2656.9126, 2799.9126, 433.51315), (2654.1594, 2797.1594, 410.55417), (2650.7922, 2793.7922, 387.592), (2646.8188, 2789.8188, 364.87637), (2642.2466, 2785.2466, 342.65704), (2637.0835, 2780.0835, 321.18372), (2631.3987, 2774.3987, 300.66516), (2625.3225, 2768.3225, 281.2691), (2618.986, 2761.986, 263.16327), (2612.52, 2755.52, 246.5154), (2606.205, 2749.205, 231.67856), (2600.3796, 2743.3796, 219.07715), (2806.4338, 2473.789, 2480.5771), (2804.6936, 2497.9683, 2480.5771), (2801.7217, 2522.4597, 2480.5771), (2797.4658, 2547.177, 2480.5771), (2791.881, 2572.0261, 2480.5771), (2784.9316, 2596.906, 2480.5771), (2776.5913, 2621.7092, 2480.5771), (2766.8445, 2646.324, 2480.5771), (2755.6877, 2670.6338, 2480.5771), (2743.1301, 2694.5208, 2480.5771), (2729.1936, 2717.8667, 2480.5771), (2713.913, 2740.5542, 2480.5771), (2697.337, 2762.4695, 2480.5771), (2679.526, 2783.5032, 2480.5771), (2330.789, 2949.4338, 2480.5771), (2354.9683, 2947.6936, 2480.5771), (2379.4597, 2944.7217, 2480.5771), (2404.177, 2940.4658, 2480.5771), (2429.0261, 2934.881, 2480.5771), (2453.906, 2927.9316, 2480.5771), (2478.7092, 2919.5913, 2480.5771), (2503.324, 2909.8445, 2480.5771), (2527.6338, 2898.6877, 2480.5771), (2551.5208, 2886.1301, 2480.5771), (2574.8667, 2872.1936, 2480.5771), (2597.5542, 2856.913, 2480.5771), (2619.4695, 2840.337, 2480.5771), (2640.5032, 2822.526, 2480.5771), (2330.7993, 2949.4011, 499.29688), (2354.9834, 2947.6306, 499.29688), (2379.4744, 2944.6309, 499.29688), (2404.1873, 2940.351, 499.29688), (2429.028, 2934.7473, 499.29688), (2453.8972, 2927.7847, 499.29688), (2478.6885, 2919.4373, 499.29688), (2503.2908, 2909.6902, 499.29688), (2527.5898, 2898.5398, 499.29688), (2551.4692, 2885.995, 499.29688), (2574.8115, 2872.0774, 499.29688), (2597.5015, 2856.821, 499.29688), (2619.426, 2840.2732, 499.29688), (2640.477, 2822.4937, 499.29688), (2307, 2949.4011, 475.49762), (2307, 2947.6306, 451.3136), (2307, 2944.6309, 426.82242), (2307, 2940.351, 402.10974), (2307, 2934.7473, 377.2688), (2307, 2927.7847, 352.39966), (2307, 2919.4373, 327.60846), (2307, 2909.6902, 303.00607), (2307, 2898.5398, 278.70697), (2307, 2885.995, 254.8277), (2307, 2872.0774, 231.48526), (2307, 2856.821, 208.79543), (2307, 2840.2732, 186.87094), (2307, 2822.4937, 165.81978), (-2300, 2949.4011, 475.49762), (-2300, 2947.6306, 451.3136), (-2300, 2944.6309, 426.82242), (-2300, 2940.351, 402.10974), (-2300, 2934.7473, 377.2688), (-2300, 2927.7847, 352.39966), (-2300, 2919.4373, 327.60846), (-2300, 2909.6902, 303.00607), (-2300, 2898.5398, 278.70697), (-2300, 2885.995, 254.8277), (-2300, 2872.0774, 231.48526), (-2300, 2856.821, 208.79543), (-2300, 2840.2732, 186.87094), (-2300, 2822.4937, 165.81978), (-2653.5535, 2803.5535, 499.29688), (-2323.7993, 2949.4011, 499.29688), (-2347.9834, 2947.6306, 499.29688), (-2372.4744, 2944.6309, 499.29688), (-2397.1873, 2940.351, 499.29688), (-2422.028, 2934.7473, 499.29688), (-2446.8972, 2927.7847, 499.29688), (-2471.6885, 2919.4373, 499.29688), (-2496.2908, 2909.6902, 499.29688), (-2520.5898, 2898.5398, 499.29688), (-2544.4692, 2885.995, 499.29688), (-2567.8115, 2872.0774, 499.29688), (-2590.5015, 2856.821, 499.29688), (-2612.426, 2840.2732, 499.29688), (-2633.477, 2822.4937, 499.29688), (-2653.3464, 2803.3464, 478.2173), (-2651.9985, 2801.9985, 456.17236), (-2649.9126, 2799.9126, 433.51315), (-2647.1594, 2797.1594, 410.55417), (-2643.7922, 2793.7922, 387.592), (-2639.8188, 2789.8188, 364.87637), (-2635.2466, 2785.2466, 342.65704), (-2630.0835, 2780.0835, 321.18372), (-2624.3987, 2774.3987, 300.66516), (-2618.3225, 2768.3225, 281.2691), (-2611.986, 2761.986, 263.16327), (-2605.52, 2755.52, 246.5154), (-2599.205, 2749.205, 231.67856), (-2593.3796, 2743.3796, 219.07715), (-2323.789, 2949.4338, 2480.5771), (-2347.9683, 2947.6936, 2480.5771), (-2372.4597, 2944.7217, 2480.5771), (-2397.177, 2940.4658, 2480.5771), (-2422.0261, 2934.881, 2480.5771), (-2446.906, 2927.9316, 2480.5771), (-2471.7092, 2919.5913, 2480.5771), (-2496.324, 2909.8445, 2480.5771), (-2520.6338, 2898.6877, 2480.5771), (-2544.5208, 2886.1301, 2480.5771), (-2567.8667, 2872.1936, 2480.5771), (-2590.5542, 2856.913, 2480.5771), (-2612.4695, 2840.337, 2480.5771), (-2633.5032, 2822.526, 2480.5771), (-2799.4338, 2473.789, 2480.5771), (-2797.6936, 2497.9683, 2480.5771), (-2794.7217, 2522.4597, 2480.5771), (-2790.4658, 2547.177, 2480.5771), (-2784.881, 2572.0261, 2480.5771), (-2777.9316, 2596.906, 2480.5771), (-2769.5913, 2621.7092, 2480.5771), (-2759.8445, 2646.324, 2480.5771), (-2748.6877, 2670.6338, 2480.5771), (-2736.1301, 2694.5208, 2480.5771), (-2722.1936, 2717.8667, 2480.5771), (-2706.913, 2740.5542, 2480.5771), (-2690.337, 2762.4695, 2480.5771), (-2672.526, 2783.5032, 2480.5771), (-2799.4011, 2473.7993, 499.29688), (-2797.6306, 2497.9834, 499.29688), (-2794.6309, 2522.4744, 499.29688), (-2790.351, 2547.1873, 499.29688), (-2784.7473, 2572.028, 499.29688), (-2777.7847, 2596.8972, 499.29688), (-2769.4373, 2621.6885, 499.29688), (-2759.6902, 2646.2908, 499.29688), (-2748.5398, 2670.5898, 499.29688), (-2735.995, 2694.4692, 499.29688), (-2722.0774, 2717.8115, 499.29688), (-2706.821, 2740.5015, 499.29688), (-2690.2732, 2762.426, 499.29688), (-2672.4937, 2783.477, 499.29688), (-2799.4011, 2450, 475.49762), (-2797.6306, 2450, 451.3136), (-2794.6309, 2450, 426.82242), (-2790.351, 2450, 402.10974), (-2784.7473, 2450, 377.2688), (-2777.7847, 2450, 352.39966), (-2769.4373, 2450, 327.60846), (-2759.6902, 2450, 303.00607), (-2748.5398, 2450, 278.70697), (-2735.995, 2450, 254.8277), (-2722.0774, 2450, 231.48526), (-2706.821, 2450, 208.79543), (-2690.2732, 2450, 186.87094), (-2672.4937, 2450, 165.81978), (-2799.4011, -2450, 475.49762), (-2797.6306, -2450, 451.3136), (-2794.6309, -2450, 426.82242), (-2790.351, -2450, 402.10974), (-2784.7473, -2450, 377.2688), (-2777.7847, -2450, 352.39966), (-2769.4373, -2450, 327.60846), (-2759.6902, -2450, 303.00607), (-2748.5398, -2450, 278.70697), (-2735.995, -2450, 254.8277), (-2722.0774, -2450, 231.48526), (-2706.821, -2450, 208.79543), (-2690.2732, -2450, 186.87094), (-2672.4937, -2450, 165.81978), (-2653.5535, -2803.5535, 499.29688), (-2799.4011, -2473.7993, 499.29688), (-2797.6306, -2497.9834, 499.29688), (-2794.6309, -2522.4744, 499.29688), (-2790.351, -2547.1873, 499.29688), (-2784.7473, -2572.028, 499.29688), (-2777.7847, -2596.8972, 499.29688), (-2769.4373, -2621.6885, 499.29688), (-2759.6902, -2646.2908, 499.29688), (-2748.5398, -2670.5898, 499.29688), (-2735.995, -2694.4692, 499.29688), (-2722.0774, -2717.8115, 499.29688), (-2706.821, -2740.5015, 499.29688), (-2690.2732, -2762.426, 499.29688), (-2672.4937, -2783.477, 499.29688), (-2653.3464, -2803.3464, 478.2173), (-2651.9985, -2801.9985, 456.17236), (-2649.9126, -2799.9126, 433.51315), (-2647.1594, -2797.1594, 410.55417), (-2643.7922, -2793.7922, 387.592), (-2639.8188, -2789.8188, 364.87637), (-2635.2466, -2785.2466, 342.65704), (-2630.0835, -2780.0835, 321.18372), (-2624.3987, -2774.3987, 300.66516), (-2618.3225, -2768.3225, 281.2691), (-2611.986, -2761.986, 263.16327), (-2605.52, -2755.52, 246.5154), (-2599.205, -2749.205, 231.67856), (-2593.3796, -2743.3796, 219.07715), (-2799.4338, -2473.789, 2480.5771), (-2797.6936, -2497.9683, 2480.5771), (-2794.7217, -2522.4597, 2480.5771), (-2790.4658, -2547.177, 2480.5771), (-2784.881, -2572.0261, 2480.5771), (-2777.9316, -2596.906, 2480.5771), (-2769.5913, -2621.7092, 2480.5771), (-2759.8445, -2646.324, 2480.5771), (-2748.6877, -2670.6338, 2480.5771), (-2736.1301, -2694.5208, 2480.5771), (-2722.1936, -2717.8667, 2480.5771), (-2706.913, -2740.5542, 2480.5771), (-2690.337, -2762.4695, 2480.5771), (-2672.526, -2783.5032, 2480.5771), (-2323.789, -2949.4338, 2480.5771), (-2347.9683, -2947.6936, 2480.5771), (-2372.4597, -2944.7217, 2480.5771), (-2397.177, -2940.4658, 2480.5771), (-2422.0261, -2934.881, 2480.5771), (-2446.906, -2927.9316, 2480.5771), (-2471.7092, -2919.5913, 2480.5771), (-2496.324, -2909.8445, 2480.5771), (-2520.6338, -2898.6877, 2480.5771), (-2544.5208, -2886.1301, 2480.5771), (-2567.8667, -2872.1936, 2480.5771), (-2590.5542, -2856.913, 2480.5771), (-2612.4695, -2840.337, 2480.5771), (-2633.5032, -2822.526, 2480.5771), (-2323.7993, -2949.4011, 499.29688), (-2347.9834, -2947.6306, 499.29688), (-2372.4744, -2944.6309, 499.29688), (-2397.1873, -2940.351, 499.29688), (-2422.028, -2934.7473, 499.29688), (-2446.8972, -2927.7847, 499.29688), (-2471.6885, -2919.4373, 499.29688), (-2496.2908, -2909.6902, 499.29688), (-2520.5898, -2898.5398, 499.29688), (-2544.4692, -2885.995, 499.29688), (-2567.8115, -2872.0774, 499.29688), (-2590.5015, -2856.821, 499.29688), (-2612.426, -2840.2732, 499.29688), (-2633.477, -2822.4937, 499.29688), (-2300, -2949.4011, 475.49762), (-2300, -2947.6306, 451.3136), (-2300, -2944.6309, 426.82242), (-2300, -2940.351, 402.10974), (-2300, -2934.7473, 377.2688), (-2300, -2927.7847, 352.39966), (-2300, -2919.4373, 327.60846), (-2300, -2909.6902, 303.00607), (-2300, -2898.5398, 278.70697), (-2300, -2885.995, 254.8277), (-2300, -2872.0774, 231.48526), (-2300, -2856.821, 208.79543), (-2300, -2840.2732, 186.87094), (-2300, -2822.4937, 165.81978), (2307, -2949.4011, 475.49762), (2307, -2947.6306, 451.3136), (2307, -2944.6309, 426.82242), (2307, -2940.351, 402.10974), (2307, -2934.7473, 377.2688), (2307, -2927.7847, 352.39966), (2307, -2919.4373, 327.60846), (2307, -2909.6902, 303.00607), (2307, -2898.5398, 278.70697), (2307, -2885.995, 254.8277), (2307, -2872.0774, 231.48526), (2307, -2856.821, 208.79543), (2307, -2840.2732, 186.87094), (2307, -2822.4937, 165.81978), (2330.7993, -2949.4011, 499.29688), (2354.9834, -2947.6306, 499.29688), (2379.4744, -2944.6309, 499.29688), (2404.1873, -2940.351, 499.29688), (2429.028, -2934.7473, 499.29688), (2453.8972, -2927.7847, 499.29688), (2478.6885, -2919.4373, 499.29688), (2503.2908, -2909.6902, 499.29688), (2527.5898, -2898.5398, 499.29688), (2551.4692, -2885.995, 499.29688), (2574.8115, -2872.0774, 499.29688), (2597.5015, -2856.821, 499.29688), (2619.426, -2840.2732, 499.29688), (2640.477, -2822.4937, 499.29688), (2330.789, -2949.4338, 2480.5771), (2354.9683, -2947.6936, 2480.5771), (2379.4597, -2944.7217, 2480.5771), (2404.177, -2940.4658, 2480.5771), (2429.0261, -2934.881, 2480.5771), (2453.906, -2927.9316, 2480.5771), (2478.7092, -2919.5913, 2480.5771), (2503.324, -2909.8445, 2480.5771), (2527.6338, -2898.6877, 2480.5771), (2551.5208, -2886.1301, 2480.5771), (2574.8667, -2872.1936, 2480.5771), (2597.5542, -2856.913, 2480.5771), (2619.4695, -2840.337, 2480.5771), (2640.5032, -2822.526, 2480.5771), (-2326.713, -2476.713, 0.160691), (-2327.3752, -2499.6619, 1.9490484), (-2327.248, -2523.48, 4.9711957), (-2326.6372, -2547.8306, 9.27316), (-2325.7937, -2572.4326, 14.896809), (-2324.829, -2597.1511, 21.873188), (-2323.8528, -2621.8481, 30.227943), (-2322.9712, -2646.3818, 39.97823), (-2322.2483, -2670.6216, 51.126575), (-2321.7073, -2694.4495, 63.6609), (-2321.3472, -2717.747, 77.55851), (-2321.153, -2740.3965, 92.78995), (-2321.0796, -2762.2852, 109.30592), (-2321.0696, -2783.3027, 127.04949), (-2349.6619, -2477.3752, 1.9490484), (-2351.788, -2501.788, 3.8121884), (-2352.243, -2525.534, 6.92123), (-2351.6978, -2549.2598, 11.307539), (-2350.6885, -2573.3845, 17.000256), (-2349.4004, -2597.7341, 24.022734), (-2348.018, -2622.1343, 32.39709), (-2346.725, -2646.4094, 42.143517), (-2345.621, -2670.4114, 53.262054), (-2344.721, -2694.0195, 65.73263), (-2344.0347, -2717.113, 79.53273), (-2343.568, -2739.5713, 94.63832), (-2343.2908, -2761.2795, 111.00402), (-2343.157, -2782.1255, 128.57625), (-2373.48, -2477.248, 4.9711957), (-2375.534, -2502.243, 6.92123), (-2376.2578, -2526.2578, 10.132608), (-2376.008, -2550.022, 14.615055), (-2375.1064, -2574.0276, 20.380268), (-2373.7815, -2598.1475, 27.445086), (-2372.262, -2622.2554, 35.826344), (-2370.7766, -2646.2246, 45.54088), (-2369.4514, -2669.9312, 56.585995), (-2368.3079, -2693.254, 68.93947), (-2367.3684, -2716.0715, 82.57906), (-2366.655, -2738.2627, 97.482574), (-2366.163, -2759.7102, 113.61303), (-2365.8777, -2780.2988, 130.92783), (-2397.8306, -2476.6372, 9.27316), (-2399.2598, -2501.6978, 11.307539), (-2400.022, -2526.008, 14.615055), (-2400.0295, -2550.0295, 19.18256), (-2399.285, -2574.0752, 25.003256), (-2398.0269, -2598.0754, 32.086872), (-2396.494, -2621.9604, 40.44313), (-2394.9243, -2645.661, 50.08176), (-2393.4563, -2669.082, 60.997776), (-2392.1277, -2692.1064, 73.1715), (-2390.9756, -2714.6157, 86.58325), (-2390.0378, -2736.4915, 101.21333), (-2389.3396, -2757.6177, 117.03521), (-2388.9011, -2777.879, 134.01967), (-2422.4326, -2475.7937, 14.896809), (-2423.3845, -2500.6885, 17.000256), (-2424.0276, -2525.1064, 20.380268), (-2424.0752, -2549.285, 25.003256), (-2423.3804, -2573.3804, 30.845278), (-2422.1575, -2597.3374, 37.907475), (-2420.621, -2621.1018, 46.19099), (-2418.9863, -2644.6184, 55.69697), (-2417.3887, -2667.8044, 66.4192), (-2415.8848, -2690.5493, 78.34408), (-2414.5312, -2712.7424, 91.45804), (-2413.3848, -2734.2732, 105.74749), (-2412.498, -2755.0315, 121.196396), (-2411.9211, -2774.9077, 137.78778), (-2447.1511, -2474.829, 21.873188), (-2447.7341, -2499.4004, 24.022734), (-2448.1475, -2523.7815, 27.445086), (-2448.0754, -2548.0269, 32.086872), (-2447.3374, -2572.1575, 37.907475), (-2446.1042, -2596.1042, 44.89944), (-2444.5461, -2619.7988, 53.055325), (-2442.834, -2643.1724, 62.367672), (-2441.092, -2666.1406, 72.830284), (-2439.3994, -2688.6033, 84.438194), (-2437.835, -2710.4595, 97.18645), (-2436.4768, -2731.6096, 111.07009), (-2435.4036, -2751.953, 126.08368), (-2434.6921, -2771.3894, 142.22156), (-2471.8481, -2473.8528, 30.227943), (-2472.1343, -2498.018, 32.39709), (-2472.2554, -2522.262, 35.826344), (-2471.9604, -2546.494, 40.44313), (-2471.1018, -2570.621, 46.19099), (-2469.7988, -2594.5461, 53.055325), (-2468.171, -2618.171, 61.021538), (-2466.338, -2641.3977, 70.07503), (-2464.411, -2664.1333, 80.211075), (-2462.4927, -2686.2886, 91.43485), (-2460.6865, -2707.7744, 103.75151), (-2459.0952, -2728.5022, 117.166214), (-2457.8218, -2748.3828, 131.68413), (-2456.969, -2767.3271, 147.31041), (-2496.3818, -2472.9712, 39.97823), (-2496.4094, -2496.725, 42.143517), (-2496.2246, -2520.7766, 45.54088), (-2495.661, -2544.9243, 50.08176), (-2494.6184, -2568.9863, 55.69697), (-2493.1724, -2592.834, 62.367672), (-2491.3977, -2616.338, 70.07503), (-2489.3694, -2639.3694, 78.800186), (-2487.1887, -2661.8247, 88.54162), (-2484.9849, -2683.6257, 99.31505), (-2482.886, -2704.6946, 111.13623), (-2481.0208, -2724.953, 124.020905), (-2479.5178, -2744.3225, 137.98482), (-2478.5059, -2762.7253, 153.04372), (-2520.6216, -2472.2483, 51.126575), (-2520.4114, -2495.621, 53.262054), (-2519.9312, -2519.4514, 56.585995), (-2519.082, -2543.4563, 60.997776), (-2517.8044, -2567.3887, 66.4192), (-2516.1406, -2591.092, 72.830284), (-2514.1333, -2614.411, 80.211075), (-2511.8247, -2637.1887, 88.54162), (-2509.3127, -2659.3127, 97.82393), (-2506.7515, -2680.7126, 108.08202), (-2504.294, -2701.3176, 119.33992), (-2502.094, -2721.0574, 131.62164), (-2500.31, -2739.8633, 144.9554), (-2499.1025, -2757.6663, 159.371), (-2544.4495, -2471.7073, 63.6609), (-2544.0195, -2494.721, 65.73263), (-2543.254, -2518.3079, 68.93947), (-2542.1064, -2542.1277, 73.1715), (-2540.5493, -2565.8848, 78.34408), (-2538.6033, -2589.3994, 84.438194), (-2536.2886, -2612.4927, 91.43485), (-2533.6257, -2634.9849, 99.31505), (-2530.7126, -2656.7515, 108.08202), (-2527.7234, -2677.7234, 117.76124), (-2524.8328, -2697.8315, 128.37816), (-2522.2148, -2717.0063, 139.95827), (-2520.0688, -2735.1858, 152.54799), (-2518.6035, -2752.311, 166.20183), (-2567.747, -2471.3472, 77.55851), (-2567.113, -2494.0347, 79.53273), (-2566.0715, -2517.3684, 82.57906), (-2564.6157, -2540.9756, 86.58325), (-2562.7424, -2564.5312, 91.45804), (-2560.4595, -2587.835, 97.18645), (-2557.7744, -2610.6865, 103.75151), (-2554.6946, -2632.886, 111.13623), (-2551.3176, -2654.294, 119.33992), (-2547.8315, -2674.8328, 128.37816), (-2544.4238, -2694.4238, 138.26654), (-2541.2825, -2712.9895, 149.02065), (-2538.6646, -2730.4717, 160.71477), (-2536.8538, -2746.8206, 173.44583), (-2590.3965, -2471.153, 92.78995), (-2589.5713, -2493.568, 94.63832), (-2588.2627, -2516.655, 97.482574), (-2586.4915, -2540.0378, 101.21333), (-2584.2732, -2563.3848, 105.74749), (-2581.6096, -2586.4768, 111.07009), (-2578.5022, -2609.0952, 117.166214), (-2574.953, -2631.0208, 124.020905), (-2571.0574, -2652.094, 131.62164), (-2567.0063, -2672.2148, 139.95827), (-2562.9895, -2691.2825, 149.02065), (-2559.197, -2709.197, 158.79861), (-2555.968, -2725.9016, 169.4079), (-2553.6975, -2741.356, 181.01259), (-2612.2852, -2471.0796, 109.30592), (-2611.2795, -2493.2908, 111.00402), (-2609.7102, -2516.163, 113.61303), (-2607.6177, -2539.3396, 117.03521), (-2605.0315, -2562.498, 121.196396), (-2601.953, -2585.4036, 126.08368), (-2598.3828, -2607.8218, 131.68413), (-2594.3225, -2629.5178, 137.98482), (-2589.8633, -2650.31, 144.9554), (-2585.1858, -2670.0688, 152.54799), (-2580.4717, -2688.6646, 160.71477), (-2575.9016, -2705.968, 169.4079), (-2571.8787, -2721.8787, 178.7287), (-2568.8901, -2736.3074, 188.8359), (-2633.3027, -2471.0696, 127.04949), (-2632.1255, -2493.157, 128.57625), (-2630.2988, -2515.8777, 130.92783), (-2627.879, -2538.9011, 134.01967), (-2624.9077, -2561.9211, 137.78778), (-2621.3894, -2584.6921, 142.22156), (-2617.3271, -2606.969, 147.31041), (-2612.7253, -2628.5059, 153.04372), (-2607.6663, -2649.1025, 159.371), (-2602.311, -2668.6035, 166.20183), (-2596.8206, -2686.8538, 173.44583), (-2591.356, -2703.6975, 181.01259), (-2586.3074, -2718.8901, 188.8359), (-2582.1519, -2732.1519, 196.85892), (-2326.713, 2476.713, 0.160691), (-2349.6619, 2477.3752, 1.9490484), (-2373.48, 2477.248, 4.9711957), (-2397.8306, 2476.6372, 9.27316), (-2422.4326, 2475.7937, 14.896809), (-2447.1511, 2474.829, 21.873188), (-2471.8481, 2473.8528, 30.227943), (-2496.3818, 2472.9712, 39.97823), (-2520.6216, 2472.2483, 51.126575), (-2544.4495, 2471.7073, 63.6609), (-2567.747, 2471.3472, 77.55851), (-2590.3965, 2471.153, 92.78995), (-2612.2852, 2471.0796, 109.30592), (-2633.3027, 2471.0696, 127.04949), (-2327.3752, 2499.6619, 1.9490484), (-2351.788, 2501.788, 3.8121884), (-2375.534, 2502.243, 6.92123), (-2399.2598, 2501.6978, 11.307539), (-2423.3845, 2500.6885, 17.000256), (-2447.7341, 2499.4004, 24.022734), (-2472.1343, 2498.018, 32.39709), (-2496.4094, 2496.725, 42.143517), (-2520.4114, 2495.621, 53.262054), (-2544.0195, 2494.721, 65.73263), (-2567.113, 2494.0347, 79.53273), (-2589.5713, 2493.568, 94.63832), (-2611.2795, 2493.2908, 111.00402), (-2632.1255, 2493.157, 128.57625), (-2327.248, 2523.48, 4.9711957), (-2352.243, 2525.534, 6.92123), (-2376.2578, 2526.2578, 10.132608), (-2400.022, 2526.008, 14.615055), (-2424.0276, 2525.1064, 20.380268), (-2448.1475, 2523.7815, 27.445086), (-2472.2554, 2522.262, 35.826344), (-2496.2246, 2520.7766, 45.54088), (-2519.9312, 2519.4514, 56.585995), (-2543.254, 2518.3079, 68.93947), (-2566.0715, 2517.3684, 82.57906), (-2588.2627, 2516.655, 97.482574), (-2609.7102, 2516.163, 113.61303), (-2630.2988, 2515.8777, 130.92783), (-2326.6372, 2547.8306, 9.27316), (-2351.6978, 2549.2598, 11.307539), (-2376.008, 2550.022, 14.615055), (-2400.0295, 2550.0295, 19.18256), (-2424.0752, 2549.285, 25.003256), (-2448.0754, 2548.0269, 32.086872), (-2471.9604, 2546.494, 40.44313), (-2495.661, 2544.9243, 50.08176), (-2519.082, 2543.4563, 60.997776), (-2542.1064, 2542.1277, 73.1715), (-2564.6157, 2540.9756, 86.58325), (-2586.4915, 2540.0378, 101.21333), (-2607.6177, 2539.3396, 117.03521), (-2627.879, 2538.9011, 134.01967), (-2325.7937, 2572.4326, 14.896809), (-2350.6885, 2573.3845, 17.000256), (-2375.1064, 2574.0276, 20.380268), (-2399.285, 2574.0752, 25.003256), (-2423.3804, 2573.3804, 30.845278), (-2447.3374, 2572.1575, 37.907475), (-2471.1018, 2570.621, 46.19099), (-2494.6184, 2568.9863, 55.69697), (-2517.8044, 2567.3887, 66.4192), (-2540.5493, 2565.8848, 78.34408), (-2562.7424, 2564.5312, 91.45804), (-2584.2732, 2563.3848, 105.74749), (-2605.0315, 2562.498, 121.196396), (-2624.9077, 2561.9211, 137.78778), (-2324.829, 2597.1511, 21.873188), (-2349.4004, 2597.7341, 24.022734), (-2373.7815, 2598.1475, 27.445086), (-2398.0269, 2598.0754, 32.086872), (-2422.1575, 2597.3374, 37.907475), (-2446.1042, 2596.1042, 44.89944), (-2469.7988, 2594.5461, 53.055325), (-2493.1724, 2592.834, 62.367672), (-2516.1406, 2591.092, 72.830284), (-2538.6033, 2589.3994, 84.438194), (-2560.4595, 2587.835, 97.18645), (-2581.6096, 2586.4768, 111.07009), (-2601.953, 2585.4036, 126.08368), (-2621.3894, 2584.6921, 142.22156), (-2323.8528, 2621.8481, 30.227943), (-2348.018, 2622.1343, 32.39709), (-2372.262, 2622.2554, 35.826344), (-2396.494, 2621.9604, 40.44313), (-2420.621, 2621.1018, 46.19099), (-2444.5461, 2619.7988, 53.055325), (-2468.171, 2618.171, 61.021538), (-2491.3977, 2616.338, 70.07503), (-2514.1333, 2614.411, 80.211075), (-2536.2886, 2612.4927, 91.43485), (-2557.7744, 2610.6865, 103.75151), (-2578.5022, 2609.0952, 117.166214), (-2598.3828, 2607.8218, 131.68413), (-2617.3271, 2606.969, 147.31041), (-2322.9712, 2646.3818, 39.97823), (-2346.725, 2646.4094, 42.143517), (-2370.7766, 2646.2246, 45.54088), (-2394.9243, 2645.661, 50.08176), (-2418.9863, 2644.6184, 55.69697), (-2442.834, 2643.1724, 62.367672), (-2466.338, 2641.3977, 70.07503), (-2489.3694, 2639.3694, 78.800186), (-2511.8247, 2637.1887, 88.54162), (-2533.6257, 2634.9849, 99.31505), (-2554.6946, 2632.886, 111.13623), (-2574.953, 2631.0208, 124.020905), (-2594.3225, 2629.5178, 137.98482), (-2612.7253, 2628.5059, 153.04372), (-2322.2483, 2670.6216, 51.126575), (-2345.621, 2670.4114, 53.262054), (-2369.4514, 2669.9312, 56.585995), (-2393.4563, 2669.082, 60.997776), (-2417.3887, 2667.8044, 66.4192), (-2441.092, 2666.1406, 72.830284), (-2464.411, 2664.1333, 80.211075), (-2487.1887, 2661.8247, 88.54162), (-2509.3127, 2659.3127, 97.82393), (-2530.7126, 2656.7515, 108.08202), (-2551.3176, 2654.294, 119.33992), (-2571.0574, 2652.094, 131.62164), (-2589.8633, 2650.31, 144.9554), (-2607.6663, 2649.1025, 159.371), (-2321.7073, 2694.4495, 63.6609), (-2344.721, 2694.0195, 65.73263), (-2368.3079, 2693.254, 68.93947), (-2392.1277, 2692.1064, 73.1715), (-2415.8848, 2690.5493, 78.34408), (-2439.3994, 2688.6033, 84.438194), (-2462.4927, 2686.2886, 91.43485), (-2484.9849, 2683.6257, 99.31505), (-2506.7515, 2680.7126, 108.08202), (-2527.7234, 2677.7234, 117.76124), (-2547.8315, 2674.8328, 128.37816), (-2567.0063, 2672.2148, 139.95827), (-2585.1858, 2670.0688, 152.54799), (-2602.311, 2668.6035, 166.20183), (-2321.3472, 2717.747, 77.55851), (-2344.0347, 2717.113, 79.53273), (-2367.3684, 2716.0715, 82.57906), (-2390.9756, 2714.6157, 86.58325), (-2414.5312, 2712.7424, 91.45804), (-2437.835, 2710.4595, 97.18645), (-2460.6865, 2707.7744, 103.75151), (-2482.886, 2704.6946, 111.13623), (-2504.294, 2701.3176, 119.33992), (-2524.8328, 2697.8315, 128.37816), (-2544.4238, 2694.4238, 138.26654), (-2562.9895, 2691.2825, 149.02065), (-2580.4717, 2688.6646, 160.71477), (-2596.8206, 2686.8538, 173.44583), (-2321.153, 2740.3965, 92.78995), (-2343.568, 2739.5713, 94.63832), (-2366.655, 2738.2627, 97.482574), (-2390.0378, 2736.4915, 101.21333), (-2413.3848, 2734.2732, 105.74749), (-2436.4768, 2731.6096, 111.07009), (-2459.0952, 2728.5022, 117.166214), (-2481.0208, 2724.953, 124.020905), (-2502.094, 2721.0574, 131.62164), (-2522.2148, 2717.0063, 139.95827), (-2541.2825, 2712.9895, 149.02065), (-2559.197, 2709.197, 158.79861), (-2575.9016, 2705.968, 169.4079), (-2591.356, 2703.6975, 181.01259), (-2321.0796, 2762.2852, 109.30592), (-2343.2908, 2761.2795, 111.00402), (-2366.163, 2759.7102, 113.61303), (-2389.3396, 2757.6177, 117.03521), (-2412.498, 2755.0315, 121.196396), (-2435.4036, 2751.953, 126.08368), (-2457.8218, 2748.3828, 131.68413), (-2479.5178, 2744.3225, 137.98482), (-2500.31, 2739.8633, 144.9554), (-2520.0688, 2735.1858, 152.54799), (-2538.6646, 2730.4717, 160.71477), (-2555.968, 2725.9016, 169.4079), (-2571.8787, 2721.8787, 178.7287), (-2586.3074, 2718.8901, 188.8359), (-2321.0696, 2783.3027, 127.04949), (-2343.157, 2782.1255, 128.57625), (-2365.8777, 2780.2988, 130.92783), (-2388.9011, 2777.879, 134.01967), (-2411.9211, 2774.9077, 137.78778), (-2434.6921, 2771.3894, 142.22156), (-2456.969, 2767.3271, 147.31041), (-2478.5059, 2762.7253, 153.04372), (-2499.1025, 2757.6663, 159.371), (-2518.6035, 2752.311, 166.20183), (-2536.8538, 2746.8206, 173.44583), (-2553.6975, 2741.356, 181.01259), (-2568.8901, 2736.3074, 188.8359), (-2582.1519, 2732.1519, 196.85892), (2333.713, 2476.713, 0.160691), (2334.3752, 2499.6619, 1.9490484), (2334.248, 2523.48, 4.9711957), (2333.6372, 2547.8306, 9.27316), (2332.7937, 2572.4326, 14.896809), (2331.829, 2597.1511, 21.873188), (2330.8528, 2621.8481, 30.227943), (2329.9712, 2646.3818, 39.97823), (2329.2483, 2670.6216, 51.126575), (2328.7073, 2694.4495, 63.6609), (2328.3472, 2717.747, 77.55851), (2328.153, 2740.3965, 92.78995), (2328.0796, 2762.2852, 109.30592), (2328.0696, 2783.3027, 127.04949), (2356.6619, 2477.3752, 1.9490484), (2358.788, 2501.788, 3.8121884), (2359.243, 2525.534, 6.92123), (2358.6978, 2549.2598, 11.307539), (2357.6885, 2573.3845, 17.000256), (2356.4004, 2597.7341, 24.022734), (2355.018, 2622.1343, 32.39709), (2353.725, 2646.4094, 42.143517), (2352.621, 2670.4114, 53.262054), (2351.721, 2694.0195, 65.73263), (2351.0347, 2717.113, 79.53273), (2350.568, 2739.5713, 94.63832), (2350.2908, 2761.2795, 111.00402), (2350.157, 2782.1255, 128.57625), (2380.48, 2477.248, 4.9711957), (2382.534, 2502.243, 6.92123), (2383.2578, 2526.2578, 10.132608), (2383.008, 2550.022, 14.615055), (2382.1064, 2574.0276, 20.380268), (2380.7815, 2598.1475, 27.445086), (2379.262, 2622.2554, 35.826344), (2377.7766, 2646.2246, 45.54088), (2376.4514, 2669.9312, 56.585995), (2375.3079, 2693.254, 68.93947), (2374.3684, 2716.0715, 82.57906), (2373.655, 2738.2627, 97.482574), (2373.163, 2759.7102, 113.61303), (2372.8777, 2780.2988, 130.92783), (2404.8306, 2476.6372, 9.27316), (2406.2598, 2501.6978, 11.307539), (2407.022, 2526.008, 14.615055), (2407.0295, 2550.0295, 19.18256), (2406.285, 2574.0752, 25.003256), (2405.0269, 2598.0754, 32.086872), (2403.494, 2621.9604, 40.44313), (2401.9243, 2645.661, 50.08176), (2400.4563, 2669.082, 60.997776), (2399.1277, 2692.1064, 73.1715), (2397.9756, 2714.6157, 86.58325), (2397.0378, 2736.4915, 101.21333), (2396.3396, 2757.6177, 117.03521), (2395.9011, 2777.879, 134.01967), (2429.4326, 2475.7937, 14.896809), (2430.3845, 2500.6885, 17.000256), (2431.0276, 2525.1064, 20.380268), (2431.0752, 2549.285, 25.003256), (2430.3804, 2573.3804, 30.845278), (2429.1575, 2597.3374, 37.907475), (2427.621, 2621.1018, 46.19099), (2425.9863, 2644.6184, 55.69697), (2424.3887, 2667.8044, 66.4192), (2422.8848, 2690.5493, 78.34408), (2421.5312, 2712.7424, 91.45804), (2420.3848, 2734.2732, 105.74749), (2419.498, 2755.0315, 121.196396), (2418.9211, 2774.9077, 137.78778), (2454.1511, 2474.829, 21.873188), (2454.7341, 2499.4004, 24.022734), (2455.1475, 2523.7815, 27.445086), (2455.0754, 2548.0269, 32.086872), (2454.3374, 2572.1575, 37.907475), (2453.1042, 2596.1042, 44.89944), (2451.5461, 2619.7988, 53.055325), (2449.834, 2643.1724, 62.367672), (2448.092, 2666.1406, 72.830284), (2446.3994, 2688.6033, 84.438194), (2444.835, 2710.4595, 97.18645), (2443.4768, 2731.6096, 111.07009), (2442.4036, 2751.953, 126.08368), (2441.6921, 2771.3894, 142.22156), (2478.8481, 2473.8528, 30.227943), (2479.1343, 2498.018, 32.39709), (2479.2554, 2522.262, 35.826344), (2478.9604, 2546.494, 40.44313), (2478.1018, 2570.621, 46.19099), (2476.7988, 2594.5461, 53.055325), (2475.171, 2618.171, 61.021538), (2473.338, 2641.3977, 70.07503), (2471.411, 2664.1333, 80.211075), (2469.4927, 2686.2886, 91.43485), (2467.6865, 2707.7744, 103.75151), (2466.0952, 2728.5022, 117.166214), (2464.8218, 2748.3828, 131.68413), (2463.969, 2767.3271, 147.31041), (2503.3818, 2472.9712, 39.97823), (2503.4094, 2496.725, 42.143517), (2503.2246, 2520.7766, 45.54088), (2502.661, 2544.9243, 50.08176), (2501.6184, 2568.9863, 55.69697), (2500.1724, 2592.834, 62.367672), (2498.3977, 2616.338, 70.07503), (2496.3694, 2639.3694, 78.800186), (2494.1887, 2661.8247, 88.54162), (2491.9849, 2683.6257, 99.31505), (2489.886, 2704.6946, 111.13623), (2488.0208, 2724.953, 124.020905), (2486.5178, 2744.3225, 137.98482), (2485.5059, 2762.7253, 153.04372), (2527.6216, 2472.2483, 51.126575), (2527.4114, 2495.621, 53.262054), (2526.9312, 2519.4514, 56.585995), (2526.082, 2543.4563, 60.997776), (2524.8044, 2567.3887, 66.4192), (2523.1406, 2591.092, 72.830284), (2521.1333, 2614.411, 80.211075), (2518.8247, 2637.1887, 88.54162), (2516.3127, 2659.3127, 97.82393), (2513.7515, 2680.7126, 108.08202), (2511.294, 2701.3176, 119.33992), (2509.094, 2721.0574, 131.62164), (2507.31, 2739.8633, 144.9554), (2506.1025, 2757.6663, 159.371), (2551.4495, 2471.7073, 63.6609), (2551.0195, 2494.721, 65.73263), (2550.254, 2518.3079, 68.93947), (2549.1064, 2542.1277, 73.1715), (2547.5493, 2565.8848, 78.34408), (2545.6033, 2589.3994, 84.438194), (2543.2886, 2612.4927, 91.43485), (2540.6257, 2634.9849, 99.31505), (2537.7126, 2656.7515, 108.08202), (2534.7234, 2677.7234, 117.76124), (2531.8328, 2697.8315, 128.37816), (2529.2148, 2717.0063, 139.95827), (2527.0688, 2735.1858, 152.54799), (2525.6035, 2752.311, 166.20183), (2574.747, 2471.3472, 77.55851), (2574.113, 2494.0347, 79.53273), (2573.0715, 2517.3684, 82.57906), (2571.6157, 2540.9756, 86.58325), (2569.7424, 2564.5312, 91.45804), (2567.4595, 2587.835, 97.18645), (2564.7744, 2610.6865, 103.75151), (2561.6946, 2632.886, 111.13623), (2558.3176, 2654.294, 119.33992), (2554.8315, 2674.8328, 128.37816), (2551.4238, 2694.4238, 138.26654), (2548.2825, 2712.9895, 149.02065), (2545.6646, 2730.4717, 160.71477), (2543.8538, 2746.8206, 173.44583), (2597.3965, 2471.153, 92.78995), (2596.5713, 2493.568, 94.63832), (2595.2627, 2516.655, 97.482574), (2593.4915, 2540.0378, 101.21333), (2591.2732, 2563.3848, 105.74749), (2588.6096, 2586.4768, 111.07009), (2585.5022, 2609.0952, 117.166214), (2581.953, 2631.0208, 124.020905), (2578.0574, 2652.094, 131.62164), (2574.0063, 2672.2148, 139.95827), (2569.9895, 2691.2825, 149.02065), (2566.197, 2709.197, 158.79861), (2562.968, 2725.9016, 169.4079), (2560.6975, 2741.356, 181.01259), (2619.2852, 2471.0796, 109.30592), (2618.2795, 2493.2908, 111.00402), (2616.7102, 2516.163, 113.61303), (2614.6177, 2539.3396, 117.03521), (2612.0315, 2562.498, 121.196396), (2608.953, 2585.4036, 126.08368), (2605.3828, 2607.8218, 131.68413), (2601.3225, 2629.5178, 137.98482), (2596.8633, 2650.31, 144.9554), (2592.1858, 2670.0688, 152.54799), (2587.4717, 2688.6646, 160.71477), (2582.9016, 2705.968, 169.4079), (2578.8787, 2721.8787, 178.7287), (2575.8901, 2736.3074, 188.8359), (2640.3027, 2471.0696, 127.04949), (2639.1255, 2493.157, 128.57625), (2637.2988, 2515.8777, 130.92783), (2634.879, 2538.9011, 134.01967), (2631.9077, 2561.9211, 137.78778), (2628.3894, 2584.6921, 142.22156), (2624.3271, 2606.969, 147.31041), (2619.7253, 2628.5059, 153.04372), (2614.6663, 2649.1025, 159.371), (2609.311, 2668.6035, 166.20183), (2603.8206, 2686.8538, 173.44583), (2598.356, 2703.6975, 181.01259), (2593.3074, 2718.8901, 188.8359), (2589.1519, 2732.1519, 196.85892), (2333.713, -2476.713, 0.160691), (2356.6619, -2477.3752, 1.9490484), (2380.48, -2477.248, 4.9711957), (2404.8306, -2476.6372, 9.27316), (2429.4326, -2475.7937, 14.896809), (2454.1511, -2474.829, 21.873188), (2478.8481, -2473.8528, 30.227943), (2503.3818, -2472.9712, 39.97823), (2527.6216, -2472.2483, 51.126575), (2551.4495, -2471.7073, 63.6609), (2574.747, -2471.3472, 77.55851), (2597.3965, -2471.153, 92.78995), (2619.2852, -2471.0796, 109.30592), (2640.3027, -2471.0696, 127.04949), (2334.3752, -2499.6619, 1.9490484), (2358.788, -2501.788, 3.8121884), (2382.534, -2502.243, 6.92123), (2406.2598, -2501.6978, 11.307539), (2430.3845, -2500.6885, 17.000256), (2454.7341, -2499.4004, 24.022734), (2479.1343, -2498.018, 32.39709), (2503.4094, -2496.725, 42.143517), (2527.4114, -2495.621, 53.262054), (2551.0195, -2494.721, 65.73263), (2574.113, -2494.0347, 79.53273), (2596.5713, -2493.568, 94.63832), (2618.2795, -2493.2908, 111.00402), (2639.1255, -2493.157, 128.57625), (2334.248, -2523.48, 4.9711957), (2359.243, -2525.534, 6.92123), (2383.2578, -2526.2578, 10.132608), (2407.022, -2526.008, 14.615055), (2431.0276, -2525.1064, 20.380268), (2455.1475, -2523.7815, 27.445086), (2479.2554, -2522.262, 35.826344), (2503.2246, -2520.7766, 45.54088), (2526.9312, -2519.4514, 56.585995), (2550.254, -2518.3079, 68.93947), (2573.0715, -2517.3684, 82.57906), (2595.2627, -2516.655, 97.482574), (2616.7102, -2516.163, 113.61303), (2637.2988, -2515.8777, 130.92783), (2333.6372, -2547.8306, 9.27316), (2358.6978, -2549.2598, 11.307539), (2383.008, -2550.022, 14.615055), (2407.0295, -2550.0295, 19.18256), (2431.0752, -2549.285, 25.003256), (2455.0754, -2548.0269, 32.086872), (2478.9604, -2546.494, 40.44313), (2502.661, -2544.9243, 50.08176), (2526.082, -2543.4563, 60.997776), (2549.1064, -2542.1277, 73.1715), (2571.6157, -2540.9756, 86.58325), (2593.4915, -2540.0378, 101.21333), (2614.6177, -2539.3396, 117.03521), (2634.879, -2538.9011, 134.01967), (2332.7937, -2572.4326, 14.896809), (2357.6885, -2573.3845, 17.000256), (2382.1064, -2574.0276, 20.380268), (2406.285, -2574.0752, 25.003256), (2430.3804, -2573.3804, 30.845278), (2454.3374, -2572.1575, 37.907475), (2478.1018, -2570.621, 46.19099), (2501.6184, -2568.9863, 55.69697), (2524.8044, -2567.3887, 66.4192), (2547.5493, -2565.8848, 78.34408), (2569.7424, -2564.5312, 91.45804), (2591.2732, -2563.3848, 105.74749), (2612.0315, -2562.498, 121.196396), (2631.9077, -2561.9211, 137.78778), (2331.829, -2597.1511, 21.873188), (2356.4004, -2597.7341, 24.022734), (2380.7815, -2598.1475, 27.445086), (2405.0269, -2598.0754, 32.086872), (2429.1575, -2597.3374, 37.907475), (2453.1042, -2596.1042, 44.89944), (2476.7988, -2594.5461, 53.055325), (2500.1724, -2592.834, 62.367672), (2523.1406, -2591.092, 72.830284), (2545.6033, -2589.3994, 84.438194), (2567.4595, -2587.835, 97.18645), (2588.6096, -2586.4768, 111.07009), (2608.953, -2585.4036, 126.08368), (2628.3894, -2584.6921, 142.22156), (2330.8528, -2621.8481, 30.227943), (2355.018, -2622.1343, 32.39709), (2379.262, -2622.2554, 35.826344), (2403.494, -2621.9604, 40.44313), (2427.621, -2621.1018, 46.19099), (2451.5461, -2619.7988, 53.055325), (2475.171, -2618.171, 61.021538), (2498.3977, -2616.338, 70.07503), (2521.1333, -2614.411, 80.211075), (2543.2886, -2612.4927, 91.43485), (2564.7744, -2610.6865, 103.75151), (2585.5022, -2609.0952, 117.166214), (2605.3828, -2607.8218, 131.68413), (2624.3271, -2606.969, 147.31041), (2329.9712, -2646.3818, 39.97823), (2353.725, -2646.4094, 42.143517), (2377.7766, -2646.2246, 45.54088), (2401.9243, -2645.661, 50.08176), (2425.9863, -2644.6184, 55.69697), (2449.834, -2643.1724, 62.367672), (2473.338, -2641.3977, 70.07503), (2496.3694, -2639.3694, 78.800186), (2518.8247, -2637.1887, 88.54162), (2540.6257, -2634.9849, 99.31505), (2561.6946, -2632.886, 111.13623), (2581.953, -2631.0208, 124.020905), (2601.3225, -2629.5178, 137.98482), (2619.7253, -2628.5059, 153.04372), (2329.2483, -2670.6216, 51.126575), (2352.621, -2670.4114, 53.262054), (2376.4514, -2669.9312, 56.585995), (2400.4563, -2669.082, 60.997776), (2424.3887, -2667.8044, 66.4192), (2448.092, -2666.1406, 72.830284), (2471.411, -2664.1333, 80.211075), (2494.1887, -2661.8247, 88.54162), (2516.3127, -2659.3127, 97.82393), (2537.7126, -2656.7515, 108.08202), (2558.3176, -2654.294, 119.33992), (2578.0574, -2652.094, 131.62164), (2596.8633, -2650.31, 144.9554), (2614.6663, -2649.1025, 159.371), (2328.7073, -2694.4495, 63.6609), (2351.721, -2694.0195, 65.73263), (2375.3079, -2693.254, 68.93947), (2399.1277, -2692.1064, 73.1715), (2422.8848, -2690.5493, 78.34408), (2446.3994, -2688.6033, 84.438194), (2469.4927, -2686.2886, 91.43485), (2491.9849, -2683.6257, 99.31505), (2513.7515, -2680.7126, 108.08202), (2534.7234, -2677.7234, 117.76124), (2554.8315, -2674.8328, 128.37816), (2574.0063, -2672.2148, 139.95827), (2592.1858, -2670.0688, 152.54799), (2609.311, -2668.6035, 166.20183), (2328.3472, -2717.747, 77.55851), (2351.0347, -2717.113, 79.53273), (2374.3684, -2716.0715, 82.57906), (2397.9756, -2714.6157, 86.58325), (2421.5312, -2712.7424, 91.45804), (2444.835, -2710.4595, 97.18645), (2467.6865, -2707.7744, 103.75151), (2489.886, -2704.6946, 111.13623), (2511.294, -2701.3176, 119.33992), (2531.8328, -2697.8315, 128.37816), (2551.4238, -2694.4238, 138.26654), (2569.9895, -2691.2825, 149.02065), (2587.4717, -2688.6646, 160.71477), (2603.8206, -2686.8538, 173.44583), (2328.153, -2740.3965, 92.78995), (2350.568, -2739.5713, 94.63832), (2373.655, -2738.2627, 97.482574), (2397.0378, -2736.4915, 101.21333), (2420.3848, -2734.2732, 105.74749), (2443.4768, -2731.6096, 111.07009), (2466.0952, -2728.5022, 117.166214), (2488.0208, -2724.953, 124.020905), (2509.094, -2721.0574, 131.62164), (2529.2148, -2717.0063, 139.95827), (2548.2825, -2712.9895, 149.02065), (2566.197, -2709.197, 158.79861), (2582.9016, -2705.968, 169.4079), (2598.356, -2703.6975, 181.01259), (2328.0796, -2762.2852, 109.30592), (2350.2908, -2761.2795, 111.00402), (2373.163, -2759.7102, 113.61303), (2396.3396, -2757.6177, 117.03521), (2419.498, -2755.0315, 121.196396), (2442.4036, -2751.953, 126.08368), (2464.8218, -2748.3828, 131.68413), (2486.5178, -2744.3225, 137.98482), (2507.31, -2739.8633, 144.9554), (2527.0688, -2735.1858, 152.54799), (2545.6646, -2730.4717, 160.71477), (2562.968, -2725.9016, 169.4079), (2578.8787, -2721.8787, 178.7287), (2593.3074, -2718.8901, 188.8359), (2328.0696, -2783.3027, 127.04949), (2350.157, -2782.1255, 128.57625), (2372.8777, -2780.2988, 130.92783), (2395.9011, -2777.879, 134.01967), (2418.9211, -2774.9077, 137.78778), (2441.6921, -2771.3894, 142.22156), (2463.969, -2767.3271, 147.31041), (2485.5059, -2762.7253, 153.04372), (2506.1025, -2757.6663, 159.371), (2525.6035, -2752.311, 166.20183), (2543.8538, -2746.8206, 173.44583), (2560.6975, -2741.356, 181.01259), (2575.8901, -2736.3074, 188.8359), (2589.1519, -2732.1519, 196.85892), (2806.1362, -2476.713, 472.5839), (2804.348, -2499.6619, 471.92175), (2801.3257, -2523.48, 472.04877), (2797.0237, -2547.8306, 472.65967), (2791.4001, -2572.4326, 473.50308), (2784.4236, -2597.1511, 474.46765), (2776.0688, -2621.8481, 475.444), (2766.3186, -2646.3818, 476.32574), (2755.1704, -2670.6216, 477.0485), (2742.636, -2694.4495, 477.58963), (2728.7383, -2717.747, 477.9497), (2713.5068, -2740.3965, 478.14386), (2696.991, -2762.2852, 478.2174), (2679.2473, -2783.3027, 478.22733), (2804.348, -2477.3752, 449.63504), (2802.4846, -2501.788, 447.5089), (2799.3757, -2525.534, 447.05402), (2794.9893, -2549.2598, 447.59918), (2789.2966, -2573.3845, 448.60834), (2782.2742, -2597.7341, 449.89642), (2773.9, -2622.1343, 451.27887), (2764.1533, -2646.4094, 452.5718), (2753.035, -2670.4114, 453.67578), (2740.5642, -2694.0195, 454.57584), (2726.7642, -2717.113, 455.26227), (2711.6584, -2739.5713, 455.72864), (2695.293, -2761.2795, 456.006), (2677.7207, -2782.1255, 456.1398), (2801.3257, -2477.248, 425.81677), (2799.3757, -2502.243, 423.76297), (2796.1643, -2526.2578, 423.03918), (2791.682, -2550.022, 423.2887), (2785.9165, -2574.0276, 424.1904), (2778.8518, -2598.1475, 425.51544), (2770.4705, -2622.2554, 427.03497), (2760.756, -2646.2246, 428.52014), (2749.711, -2669.9312, 429.84552), (2737.3574, -2693.254, 430.98895), (2723.7178, -2716.0715, 431.92844), (2708.8142, -2738.2627, 432.6418), (2692.6838, -2759.7102, 433.1338), (2675.3691, -2780.2988, 433.41925), (2797.0237, -2476.6372, 401.4662), (2794.9893, -2501.6978, 400.0371), (2791.682, -2526.008, 399.27484), (2787.1143, -2550.0295, 399.26736), (2781.2937, -2574.0752, 400.0119), (2774.21, -2598.0754, 401.27), (2765.8538, -2621.9604, 402.80304), (2756.215, -2645.661, 404.37253), (2745.299, -2669.082, 405.84045), (2733.1255, -2692.1064, 407.16922), (2719.7136, -2714.6157, 408.32123), (2705.0835, -2736.4915, 409.25894), (2689.2617, -2757.6177, 409.95718), (2672.277, -2777.879, 410.3957), (2791.4001, -2475.7937, 376.8642), (2789.2966, -2500.6885, 375.91238), (2785.9165, -2525.1064, 375.26938), (2781.2937, -2549.285, 375.22168), (2775.4517, -2573.3804, 375.91663), (2768.3894, -2597.3374, 377.1395), (2760.106, -2621.1018, 378.6757), (2750.5999, -2644.6184, 380.3105), (2739.8777, -2667.8044, 381.90823), (2727.953, -2690.5493, 383.4122), (2714.8389, -2712.7424, 384.76572), (2700.5493, -2734.2732, 385.91202), (2685.1006, -2755.0315, 386.79886), (2668.509, -2774.9077, 387.3757), (2784.4236, -2474.829, 352.14575), (2782.2742, -2499.4004, 351.56268), (2778.8518, -2523.7815, 351.14938), (2774.21, -2548.0269, 351.22144), (2768.3894, -2572.1575, 351.95938), (2761.3975, -2596.1042, 353.19266), (2753.2415, -2619.7988, 354.75073), (2743.9292, -2643.1724, 356.46298), (2733.4666, -2666.1406, 358.20477), (2721.8586, -2688.6033, 359.89737), (2709.1104, -2710.4595, 361.462), (2695.2268, -2731.6096, 362.81995), (2680.2131, -2751.953, 363.89334), (2664.0752, -2771.3894, 364.60464), (2776.0688, -2473.8528, 327.44864), (2773.9, -2498.018, 327.16254), (2770.4705, -2522.262, 327.04147), (2765.8538, -2546.494, 327.3363), (2760.106, -2570.621, 328.19504), (2753.2415, -2594.5461, 329.4981), (2745.2754, -2618.171, 331.12595), (2736.222, -2641.3977, 332.959), (2726.0857, -2664.1333, 334.88608), (2714.862, -2686.2886, 336.80417), (2702.5454, -2707.7744, 338.61035), (2689.1306, -2728.5022, 340.2017), (2674.6128, -2748.3828, 341.4752), (2658.9866, -2767.3271, 342.32797), (2766.3186, -2472.9712, 302.91504), (2764.1533, -2496.725, 302.88742), (2760.756, -2520.7766, 303.07224), (2756.215, -2544.9243, 303.6361), (2750.5999, -2568.9863, 304.67847), (2743.9292, -2592.834, 306.12445), (2736.222, -2616.338, 307.89914), (2727.4966, -2639.3694, 309.92758), (2717.7554, -2661.8247, 312.1081), (2706.982, -2683.6257, 314.31207), (2695.1606, -2704.6946, 316.41095), (2682.276, -2724.953, 318.27612), (2668.312, -2744.3225, 319.77902), (2653.2532, -2762.7253, 320.79108), (2755.1704, -2472.2483, 278.67523), (2753.035, -2495.621, 278.88547), (2749.711, -2519.4514, 279.36563), (2745.299, -2543.4563, 280.21472), (2739.8777, -2567.3887, 281.4924), (2733.4666, -2591.092, 283.1562), (2726.0857, -2614.411, 285.16364), (2717.7554, -2637.1887, 287.47226), (2708.473, -2659.3127, 289.98404), (2698.2148, -2680.7126, 292.5454), (2686.957, -2701.3176, 295.00287), (2674.6753, -2721.0574, 297.20282), (2661.3416, -2739.8633, 298.9868), (2646.9258, -2757.6663, 300.19437), (2742.636, -2471.7073, 254.84747), (2740.5642, -2494.721, 255.2774), (2737.3574, -2518.3079, 256.04294), (2733.1255, -2542.1277, 257.19037), (2727.953, -2565.8848, 258.74747), (2721.8586, -2589.3994, 260.6937), (2714.862, -2612.4927, 263.00842), (2706.982, -2634.9849, 265.6711), (2698.2148, -2656.7515, 268.5843), (2688.5356, -2677.7234, 271.57346), (2677.9187, -2697.8315, 274.46423), (2666.3386, -2717.0063, 277.08215), (2653.7488, -2735.1858, 279.22806), (2640.095, -2752.311, 280.69327), (2728.7383, -2471.3472, 231.5499), (2726.7642, -2494.0347, 232.1839), (2723.7178, -2517.3684, 233.22534), (2719.7136, -2540.9756, 234.6812), (2714.8389, -2564.5312, 236.55435), (2709.1104, -2587.835, 238.83728), (2702.5454, -2610.6865, 241.52246), (2695.1606, -2632.886, 244.60234), (2686.957, -2654.294, 247.97928), (2677.9187, -2674.8328, 251.46545), (2668.0303, -2694.4238, 254.87308), (2657.2761, -2712.9895, 258.01434), (2645.582, -2730.4717, 260.63223), (2632.851, -2746.8206, 262.4431), (2713.5068, -2471.153, 208.9005), (2711.6584, -2493.568, 209.7256), (2708.8142, -2516.655, 211.03416), (2705.0835, -2540.0378, 212.80536), (2700.5493, -2563.3848, 215.02365), (2695.2268, -2586.4768, 217.68733), (2689.1306, -2609.0952, 220.7947), (2682.276, -2631.0208, 224.34404), (2674.6753, -2652.094, 228.23943), (2666.3386, -2672.2148, 232.29063), (2657.2761, -2691.2825, 236.30746), (2647.4983, -2709.197, 240.09973), (2636.889, -2725.9016, 243.32889), (2625.2842, -2741.356, 245.5993), (2696.991, -2471.0796, 187.01183), (2695.293, -2493.2908, 188.01724), (2692.6838, -2516.163, 189.58655), (2689.2617, -2539.3396, 191.67912), (2685.1006, -2562.498, 194.26534), (2680.2131, -2585.4036, 197.34404), (2674.6128, -2607.8218, 200.9141), (2668.312, -2629.5178, 204.97437), (2661.3416, -2650.31, 209.4337), (2653.7488, -2670.0688, 214.11102), (2645.582, -2688.6646, 218.82521), (2636.889, -2705.968, 223.39517), (2627.568, -2721.8787, 227.4183), (2617.461, -2736.3074, 230.40681), (2679.2473, -2471.0696, 165.99425), (2677.7207, -2493.157, 167.1713), (2675.3691, -2515.8777, 168.99808), (2672.277, -2538.9011, 171.418), (2668.509, -2561.9211, 174.38911), (2664.0752, -2584.6921, 177.90758), (2658.9866, -2606.969, 181.96962), (2653.2532, -2628.5059, 186.57141), (2646.9258, -2649.1025, 191.63052), (2640.095, -2668.6035, 196.98584), (2632.851, -2686.8538, 202.4763), (2625.2842, -2703.6975, 207.94081), (2617.461, -2718.8901, 212.98962), (2609.438, -2732.1519, 217.14503), (2806.1362, 2476.713, 472.5839), (2804.348, 2477.3752, 449.63504), (2801.3257, 2477.248, 425.81677), (2797.0237, 2476.6372, 401.4662), (2791.4001, 2475.7937, 376.8642), (2784.4236, 2474.829, 352.14575), (2776.0688, 2473.8528, 327.44864), (2766.3186, 2472.9712, 302.91504), (2755.1704, 2472.2483, 278.67523), (2742.636, 2471.7073, 254.84747), (2728.7383, 2471.3472, 231.5499), (2713.5068, 2471.153, 208.9005), (2696.991, 2471.0796, 187.01183), (2679.2473, 2471.0696, 165.99425), (2804.348, 2499.6619, 471.92175), (2802.4846, 2501.788, 447.5089), (2799.3757, 2502.243, 423.76297), (2794.9893, 2501.6978, 400.0371), (2789.2966, 2500.6885, 375.91238), (2782.2742, 2499.4004, 351.56268), (2773.9, 2498.018, 327.16254), (2764.1533, 2496.725, 302.88742), (2753.035, 2495.621, 278.88547), (2740.5642, 2494.721, 255.2774), (2726.7642, 2494.0347, 232.1839), (2711.6584, 2493.568, 209.7256), (2695.293, 2493.2908, 188.01724), (2677.7207, 2493.157, 167.1713), (2801.3257, 2523.48, 472.04877), (2799.3757, 2525.534, 447.05402), (2796.1643, 2526.2578, 423.03918), (2791.682, 2526.008, 399.27484), (2785.9165, 2525.1064, 375.26938), (2778.8518, 2523.7815, 351.14938), (2770.4705, 2522.262, 327.04147), (2760.756, 2520.7766, 303.07224), (2749.711, 2519.4514, 279.36563), (2737.3574, 2518.3079, 256.04294), (2723.7178, 2517.3684, 233.22534), (2708.8142, 2516.655, 211.03416), (2692.6838, 2516.163, 189.58655), (2675.3691, 2515.8777, 168.99808), (2797.0237, 2547.8306, 472.65967), (2794.9893, 2549.2598, 447.59918), (2791.682, 2550.022, 423.2887), (2787.1143, 2550.0295, 399.26736), (2781.2937, 2549.285, 375.22168), (2774.21, 2548.0269, 351.22144), (2765.8538, 2546.494, 327.3363), (2756.215, 2544.9243, 303.6361), (2745.299, 2543.4563, 280.21472), (2733.1255, 2542.1277, 257.19037), (2719.7136, 2540.9756, 234.6812), (2705.0835, 2540.0378, 212.80536), (2689.2617, 2539.3396, 191.67912), (2672.277, 2538.9011, 171.418), (2791.4001, 2572.4326, 473.50308), (2789.2966, 2573.3845, 448.60834), (2785.9165, 2574.0276, 424.1904), (2781.2937, 2574.0752, 400.0119), (2775.4517, 2573.3804, 375.91663), (2768.3894, 2572.1575, 351.95938), (2760.106, 2570.621, 328.19504), (2750.5999, 2568.9863, 304.67847), (2739.8777, 2567.3887, 281.4924), (2727.953, 2565.8848, 258.74747), (2714.8389, 2564.5312, 236.55435), (2700.5493, 2563.3848, 215.02365), (2685.1006, 2562.498, 194.26534), (2668.509, 2561.9211, 174.38911), (2784.4236, 2597.1511, 474.46765), (2782.2742, 2597.7341, 449.89642), (2778.8518, 2598.1475, 425.51544), (2774.21, 2598.0754, 401.27), (2768.3894, 2597.3374, 377.1395), (2761.3975, 2596.1042, 353.19266), (2753.2415, 2594.5461, 329.4981), (2743.9292, 2592.834, 306.12445), (2733.4666, 2591.092, 283.1562), (2721.8586, 2589.3994, 260.6937), (2709.1104, 2587.835, 238.83728), (2695.2268, 2586.4768, 217.68733), (2680.2131, 2585.4036, 197.34404), (2664.0752, 2584.6921, 177.90758), (2776.0688, 2621.8481, 475.444), (2773.9, 2622.1343, 451.27887), (2770.4705, 2622.2554, 427.03497), (2765.8538, 2621.9604, 402.80304), (2760.106, 2621.1018, 378.6757), (2753.2415, 2619.7988, 354.75073), (2745.2754, 2618.171, 331.12595), (2736.222, 2616.338, 307.89914), (2726.0857, 2614.411, 285.16364), (2714.862, 2612.4927, 263.00842), (2702.5454, 2610.6865, 241.52246), (2689.1306, 2609.0952, 220.7947), (2674.6128, 2607.8218, 200.9141), (2658.9866, 2606.969, 181.96962), (2766.3186, 2646.3818, 476.32574), (2764.1533, 2646.4094, 452.5718), (2760.756, 2646.2246, 428.52014), (2756.215, 2645.661, 404.37253), (2750.5999, 2644.6184, 380.3105), (2743.9292, 2643.1724, 356.46298), (2736.222, 2641.3977, 332.959), (2727.4966, 2639.3694, 309.92758), (2717.7554, 2637.1887, 287.47226), (2706.982, 2634.9849, 265.6711), (2695.1606, 2632.886, 244.60234), (2682.276, 2631.0208, 224.34404), (2668.312, 2629.5178, 204.97437), (2653.2532, 2628.5059, 186.57141), (2755.1704, 2670.6216, 477.0485), (2753.035, 2670.4114, 453.67578), (2749.711, 2669.9312, 429.84552), (2745.299, 2669.082, 405.84045), (2739.8777, 2667.8044, 381.90823), (2733.4666, 2666.1406, 358.20477), (2726.0857, 2664.1333, 334.88608), (2717.7554, 2661.8247, 312.1081), (2708.473, 2659.3127, 289.98404), (2698.2148, 2656.7515, 268.5843), (2686.957, 2654.294, 247.97928), (2674.6753, 2652.094, 228.23943), (2661.3416, 2650.31, 209.4337), (2646.9258, 2649.1025, 191.63052), (2742.636, 2694.4495, 477.58963), (2740.5642, 2694.0195, 454.57584), (2737.3574, 2693.254, 430.98895), (2733.1255, 2692.1064, 407.16922), (2727.953, 2690.5493, 383.4122), (2721.8586, 2688.6033, 359.89737), (2714.862, 2686.2886, 336.80417), (2706.982, 2683.6257, 314.31207), (2698.2148, 2680.7126, 292.5454), (2688.5356, 2677.7234, 271.57346), (2677.9187, 2674.8328, 251.46545), (2666.3386, 2672.2148, 232.29063), (2653.7488, 2670.0688, 214.11102), (2640.095, 2668.6035, 196.98584), (2728.7383, 2717.747, 477.9497), (2726.7642, 2717.113, 455.26227), (2723.7178, 2716.0715, 431.92844), (2719.7136, 2714.6157, 408.32123), (2714.8389, 2712.7424, 384.76572), (2709.1104, 2710.4595, 361.462), (2702.5454, 2707.7744, 338.61035), (2695.1606, 2704.6946, 316.41095), (2686.957, 2701.3176, 295.00287), (2677.9187, 2697.8315, 274.46423), (2668.0303, 2694.4238, 254.87308), (2657.2761, 2691.2825, 236.30746), (2645.582, 2688.6646, 218.82521), (2632.851, 2686.8538, 202.4763), (2713.5068, 2740.3965, 478.14386), (2711.6584, 2739.5713, 455.72864), (2708.8142, 2738.2627, 432.6418), (2705.0835, 2736.4915, 409.25894), (2700.5493, 2734.2732, 385.91202), (2695.2268, 2731.6096, 362.81995), (2689.1306, 2728.5022, 340.2017), (2682.276, 2724.953, 318.27612), (2674.6753, 2721.0574, 297.20282), (2666.3386, 2717.0063, 277.08215), (2657.2761, 2712.9895, 258.01434), (2647.4983, 2709.197, 240.09973), (2636.889, 2705.968, 223.39517), (2625.2842, 2703.6975, 207.94081), (2696.991, 2762.2852, 478.2174), (2695.293, 2761.2795, 456.006), (2692.6838, 2759.7102, 433.1338), (2689.2617, 2757.6177, 409.95718), (2685.1006, 2755.0315, 386.79886), (2680.2131, 2751.953, 363.89334), (2674.6128, 2748.3828, 341.4752), (2668.312, 2744.3225, 319.77902), (2661.3416, 2739.8633, 298.9868), (2653.7488, 2735.1858, 279.22806), (2645.582, 2730.4717, 260.63223), (2636.889, 2725.9016, 243.32889), (2627.568, 2721.8787, 227.4183), (2617.461, 2718.8901, 212.98962), (2679.2473, 2783.3027, 478.22733), (2677.7207, 2782.1255, 456.1398), (2675.3691, 2780.2988, 433.41925), (2672.277, 2777.879, 410.3957), (2668.509, 2774.9077, 387.3757), (2664.0752, 2771.3894, 364.60464), (2658.9866, 2767.3271, 342.32797), (2653.2532, 2762.7253, 320.79108), (2646.9258, 2757.6663, 300.19437), (2640.095, 2752.311, 280.69327), (2632.851, 2746.8206, 262.4431), (2625.2842, 2741.356, 245.5993), (2617.461, 2736.3074, 230.40681), (2609.438, 2732.1519, 217.14503), (2333.713, 2949.1362, 472.5839), (2356.6619, 2947.348, 471.92175), (2380.48, 2944.3257, 472.04877), (2404.8306, 2940.0237, 472.65967), (2429.4326, 2934.4001, 473.50308), (2454.1511, 2927.4236, 474.46765), (2478.8481, 2919.0688, 475.444), (2503.3818, 2909.3186, 476.32574), (2527.6216, 2898.1704, 477.0485), (2551.4495, 2885.636, 477.58963), (2574.747, 2871.7383, 477.9497), (2597.3965, 2856.5068, 478.14386), (2619.2852, 2839.991, 478.2174), (2640.3027, 2822.2473, 478.22733), (2334.3752, 2947.348, 449.63504), (2358.788, 2945.4846, 447.5089), (2382.534, 2942.3757, 447.05402), (2406.2598, 2937.9893, 447.59918), (2430.3845, 2932.2966, 448.60834), (2454.7341, 2925.2742, 449.89642), (2479.1343, 2916.9, 451.27887), (2503.4094, 2907.1533, 452.5718), (2527.4114, 2896.035, 453.67578), (2551.0195, 2883.5642, 454.57584), (2574.113, 2869.7642, 455.26227), (2596.5713, 2854.6584, 455.72864), (2618.2795, 2838.293, 456.006), (2639.1255, 2820.7207, 456.1398), (2334.248, 2944.3257, 425.81677), (2359.243, 2942.3757, 423.76297), (2383.2578, 2939.1643, 423.03918), (2407.022, 2934.682, 423.2887), (2431.0276, 2928.9165, 424.1904), (2455.1475, 2921.8518, 425.51544), (2479.2554, 2913.4705, 427.03497), (2503.2246, 2903.756, 428.52014), (2526.9312, 2892.711, 429.84552), (2550.254, 2880.3574, 430.98895), (2573.0715, 2866.7178, 431.92844), (2595.2627, 2851.8142, 432.6418), (2616.7102, 2835.6838, 433.1338), (2637.2988, 2818.3691, 433.41925), (2333.6372, 2940.0237, 401.4662), (2358.6978, 2937.9893, 400.0371), (2383.008, 2934.682, 399.27484), (2407.0295, 2930.1143, 399.26736), (2431.0752, 2924.2937, 400.0119), (2455.0754, 2917.21, 401.27), (2478.9604, 2908.8538, 402.80304), (2502.661, 2899.215, 404.37253), (2526.082, 2888.299, 405.84045), (2549.1064, 2876.1255, 407.16922), (2571.6157, 2862.7136, 408.32123), (2593.4915, 2848.0835, 409.25894), (2614.6177, 2832.2617, 409.95718), (2634.879, 2815.277, 410.3957), (2332.7937, 2934.4001, 376.8642), (2357.6885, 2932.2966, 375.91238), (2382.1064, 2928.9165, 375.26938), (2406.285, 2924.2937, 375.22168), (2430.3804, 2918.4517, 375.91663), (2454.3374, 2911.3894, 377.1395), (2478.1018, 2903.106, 378.6757), (2501.6184, 2893.5999, 380.3105), (2524.8044, 2882.8777, 381.90823), (2547.5493, 2870.953, 383.4122), (2569.7424, 2857.8389, 384.76572), (2591.2732, 2843.5493, 385.91202), (2612.0315, 2828.1006, 386.79886), (2631.9077, 2811.509, 387.3757), (2331.829, 2927.4236, 352.14575), (2356.4004, 2925.2742, 351.56268), (2380.7815, 2921.8518, 351.14938), (2405.0269, 2917.21, 351.22144), (2429.1575, 2911.3894, 351.95938), (2453.1042, 2904.3975, 353.19266), (2476.7988, 2896.2415, 354.75073), (2500.1724, 2886.9292, 356.46298), (2523.1406, 2876.4666, 358.20477), (2545.6033, 2864.8586, 359.89737), (2567.4595, 2852.1104, 361.462), (2588.6096, 2838.2268, 362.81995), (2608.953, 2823.2131, 363.89334), (2628.3894, 2807.0752, 364.60464), (2330.8528, 2919.0688, 327.44864), (2355.018, 2916.9, 327.16254), (2379.262, 2913.4705, 327.04147), (2403.494, 2908.8538, 327.3363), (2427.621, 2903.106, 328.19504), (2451.5461, 2896.2415, 329.4981), (2475.171, 2888.2754, 331.12595), (2498.3977, 2879.222, 332.959), (2521.1333, 2869.0857, 334.88608), (2543.2886, 2857.862, 336.80417), (2564.7744, 2845.5454, 338.61035), (2585.5022, 2832.1306, 340.2017), (2605.3828, 2817.6128, 341.4752), (2624.3271, 2801.9866, 342.32797), (2329.9712, 2909.3186, 302.91504), (2353.725, 2907.1533, 302.88742), (2377.7766, 2903.756, 303.07224), (2401.9243, 2899.215, 303.6361), (2425.9863, 2893.5999, 304.67847), (2449.834, 2886.9292, 306.12445), (2473.338, 2879.222, 307.89914), (2496.3694, 2870.4966, 309.92758), (2518.8247, 2860.7554, 312.1081), (2540.6257, 2849.982, 314.31207), (2561.6946, 2838.1606, 316.41095), (2581.953, 2825.276, 318.27612), (2601.3225, 2811.312, 319.77902), (2619.7253, 2796.2532, 320.79108), (2329.2483, 2898.1704, 278.67523), (2352.621, 2896.035, 278.88547), (2376.4514, 2892.711, 279.36563), (2400.4563, 2888.299, 280.21472), (2424.3887, 2882.8777, 281.4924), (2448.092, 2876.4666, 283.1562), (2471.411, 2869.0857, 285.16364), (2494.1887, 2860.7554, 287.47226), (2516.3127, 2851.473, 289.98404), (2537.7126, 2841.2148, 292.5454), (2558.3176, 2829.957, 295.00287), (2578.0574, 2817.6753, 297.20282), (2596.8633, 2804.3416, 298.9868), (2614.6663, 2789.9258, 300.19437), (2328.7073, 2885.636, 254.84747), (2351.721, 2883.5642, 255.2774), (2375.3079, 2880.3574, 256.04294), (2399.1277, 2876.1255, 257.19037), (2422.8848, 2870.953, 258.74747), (2446.3994, 2864.8586, 260.6937), (2469.4927, 2857.862, 263.00842), (2491.9849, 2849.982, 265.6711), (2513.7515, 2841.2148, 268.5843), (2534.7234, 2831.5356, 271.57346), (2554.8315, 2820.9187, 274.46423), (2574.0063, 2809.3386, 277.08215), (2592.1858, 2796.7488, 279.22806), (2609.311, 2783.095, 280.69327), (2328.3472, 2871.7383, 231.5499), (2351.0347, 2869.7642, 232.1839), (2374.3684, 2866.7178, 233.22534), (2397.9756, 2862.7136, 234.6812), (2421.5312, 2857.8389, 236.55435), (2444.835, 2852.1104, 238.83728), (2467.6865, 2845.5454, 241.52246), (2489.886, 2838.1606, 244.60234), (2511.294, 2829.957, 247.97928), (2531.8328, 2820.9187, 251.46545), (2551.4238, 2811.0303, 254.87308), (2569.9895, 2800.2761, 258.01434), (2587.4717, 2788.582, 260.63223), (2603.8206, 2775.851, 262.4431), (2328.153, 2856.5068, 208.9005), (2350.568, 2854.6584, 209.7256), (2373.655, 2851.8142, 211.03416), (2397.0378, 2848.0835, 212.80536), (2420.3848, 2843.5493, 215.02365), (2443.4768, 2838.2268, 217.68733), (2466.0952, 2832.1306, 220.7947), (2488.0208, 2825.276, 224.34404), (2509.094, 2817.6753, 228.23943), (2529.2148, 2809.3386, 232.29063), (2548.2825, 2800.2761, 236.30746), (2566.197, 2790.4983, 240.09973), (2582.9016, 2779.889, 243.32889), (2598.356, 2768.2842, 245.5993), (2328.0796, 2839.991, 187.01183), (2350.2908, 2838.293, 188.01724), (2373.163, 2835.6838, 189.58655), (2396.3396, 2832.2617, 191.67912), (2419.498, 2828.1006, 194.26534), (2442.4036, 2823.2131, 197.34404), (2464.8218, 2817.6128, 200.9141), (2486.5178, 2811.312, 204.97437), (2507.31, 2804.3416, 209.4337), (2527.0688, 2796.7488, 214.11102), (2545.6646, 2788.582, 218.82521), (2562.968, 2779.889, 223.39517), (2578.8787, 2770.568, 227.4183), (2593.3074, 2760.461, 230.40681), (2328.0696, 2822.2473, 165.99425), (2350.157, 2820.7207, 167.1713), (2372.8777, 2818.3691, 168.99808), (2395.9011, 2815.277, 171.418), (2418.9211, 2811.509, 174.38911), (2441.6921, 2807.0752, 177.90758), (2463.969, 2801.9866, 181.96962), (2485.5059, 2796.2532, 186.57141), (2506.1025, 2789.9258, 191.63052), (2525.6035, 2783.095, 196.98584), (2543.8538, 2775.851, 202.4763), (2560.6975, 2768.2842, 207.94081), (2575.8901, 2760.461, 212.98962), (2589.1519, 2752.438, 217.14503), (-2326.713, 2949.1362, 472.5839), (-2327.3752, 2947.348, 449.63504), (-2327.248, 2944.3257, 425.81677), (-2326.6372, 2940.0237, 401.4662), (-2325.7937, 2934.4001, 376.8642), (-2324.829, 2927.4236, 352.14575), (-2323.8528, 2919.0688, 327.44864), (-2322.9712, 2909.3186, 302.91504), (-2322.2483, 2898.1704, 278.67523), (-2321.7073, 2885.636, 254.84747), (-2321.3472, 2871.7383, 231.5499), (-2321.153, 2856.5068, 208.9005), (-2321.0796, 2839.991, 187.01183), (-2321.0696, 2822.2473, 165.99425), (-2349.6619, 2947.348, 471.92175), (-2351.788, 2945.4846, 447.5089), (-2352.243, 2942.3757, 423.76297), (-2351.6978, 2937.9893, 400.0371), (-2350.6885, 2932.2966, 375.91238), (-2349.4004, 2925.2742, 351.56268), (-2348.018, 2916.9, 327.16254), (-2346.725, 2907.1533, 302.88742), (-2345.621, 2896.035, 278.88547), (-2344.721, 2883.5642, 255.2774), (-2344.0347, 2869.7642, 232.1839), (-2343.568, 2854.6584, 209.7256), (-2343.2908, 2838.293, 188.01724), (-2343.157, 2820.7207, 167.1713), (-2373.48, 2944.3257, 472.04877), (-2375.534, 2942.3757, 447.05402), (-2376.2578, 2939.1643, 423.03918), (-2376.008, 2934.682, 399.27484), (-2375.1064, 2928.9165, 375.26938), (-2373.7815, 2921.8518, 351.14938), (-2372.262, 2913.4705, 327.04147), (-2370.7766, 2903.756, 303.07224), (-2369.4514, 2892.711, 279.36563), (-2368.3079, 2880.3574, 256.04294), (-2367.3684, 2866.7178, 233.22534), (-2366.655, 2851.8142, 211.03416), (-2366.163, 2835.6838, 189.58655), (-2365.8777, 2818.3691, 168.99808), (-2397.8306, 2940.0237, 472.65967), (-2399.2598, 2937.9893, 447.59918), (-2400.022, 2934.682, 423.2887), (-2400.0295, 2930.1143, 399.26736), (-2399.285, 2924.2937, 375.22168), (-2398.0269, 2917.21, 351.22144), (-2396.494, 2908.8538, 327.3363), (-2394.9243, 2899.215, 303.6361), (-2393.4563, 2888.299, 280.21472), (-2392.1277, 2876.1255, 257.19037), (-2390.9756, 2862.7136, 234.6812), (-2390.0378, 2848.0835, 212.80536), (-2389.3396, 2832.2617, 191.67912), (-2388.9011, 2815.277, 171.418), (-2422.4326, 2934.4001, 473.50308), (-2423.3845, 2932.2966, 448.60834), (-2424.0276, 2928.9165, 424.1904), (-2424.0752, 2924.2937, 400.0119), (-2423.3804, 2918.4517, 375.91663), (-2422.1575, 2911.3894, 351.95938), (-2420.621, 2903.106, 328.19504), (-2418.9863, 2893.5999, 304.67847), (-2417.3887, 2882.8777, 281.4924), (-2415.8848, 2870.953, 258.74747), (-2414.5312, 2857.8389, 236.55435), (-2413.3848, 2843.5493, 215.02365), (-2412.498, 2828.1006, 194.26534), (-2411.9211, 2811.509, 174.38911), (-2447.1511, 2927.4236, 474.46765), (-2447.7341, 2925.2742, 449.89642), (-2448.1475, 2921.8518, 425.51544), (-2448.0754, 2917.21, 401.27), (-2447.3374, 2911.3894, 377.1395), (-2446.1042, 2904.3975, 353.19266), (-2444.5461, 2896.2415, 329.4981), (-2442.834, 2886.9292, 306.12445), (-2441.092, 2876.4666, 283.1562), (-2439.3994, 2864.8586, 260.6937), (-2437.835, 2852.1104, 238.83728), (-2436.4768, 2838.2268, 217.68733), (-2435.4036, 2823.2131, 197.34404), (-2434.6921, 2807.0752, 177.90758), (-2471.8481, 2919.0688, 475.444), (-2472.1343, 2916.9, 451.27887), (-2472.2554, 2913.4705, 427.03497), (-2471.9604, 2908.8538, 402.80304), (-2471.1018, 2903.106, 378.6757), (-2469.7988, 2896.2415, 354.75073), (-2468.171, 2888.2754, 331.12595), (-2466.338, 2879.222, 307.89914), (-2464.411, 2869.0857, 285.16364), (-2462.4927, 2857.862, 263.00842), (-2460.6865, 2845.5454, 241.52246), (-2459.0952, 2832.1306, 220.7947), (-2457.8218, 2817.6128, 200.9141), (-2456.969, 2801.9866, 181.96962), (-2496.3818, 2909.3186, 476.32574), (-2496.4094, 2907.1533, 452.5718), (-2496.2246, 2903.756, 428.52014), (-2495.661, 2899.215, 404.37253), (-2494.6184, 2893.5999, 380.3105), (-2493.1724, 2886.9292, 356.46298), (-2491.3977, 2879.222, 332.959), (-2489.3694, 2870.4966, 309.92758), (-2487.1887, 2860.7554, 287.47226), (-2484.9849, 2849.982, 265.6711), (-2482.886, 2838.1606, 244.60234), (-2481.0208, 2825.276, 224.34404), (-2479.5178, 2811.312, 204.97437), (-2478.5059, 2796.2532, 186.57141), (-2520.6216, 2898.1704, 477.0485), (-2520.4114, 2896.035, 453.67578), (-2519.9312, 2892.711, 429.84552), (-2519.082, 2888.299, 405.84045), (-2517.8044, 2882.8777, 381.90823), (-2516.1406, 2876.4666, 358.20477), (-2514.1333, 2869.0857, 334.88608), (-2511.8247, 2860.7554, 312.1081), (-2509.3127, 2851.473, 289.98404), (-2506.7515, 2841.2148, 268.5843), (-2504.294, 2829.957, 247.97928), (-2502.094, 2817.6753, 228.23943), (-2500.31, 2804.3416, 209.4337), (-2499.1025, 2789.9258, 191.63052), (-2544.4495, 2885.636, 477.58963), (-2544.0195, 2883.5642, 454.57584), (-2543.254, 2880.3574, 430.98895), (-2542.1064, 2876.1255, 407.16922), (-2540.5493, 2870.953, 383.4122), (-2538.6033, 2864.8586, 359.89737), (-2536.2886, 2857.862, 336.80417), (-2533.6257, 2849.982, 314.31207), (-2530.7126, 2841.2148, 292.5454), (-2527.7234, 2831.5356, 271.57346), (-2524.8328, 2820.9187, 251.46545), (-2522.2148, 2809.3386, 232.29063), (-2520.0688, 2796.7488, 214.11102), (-2518.6035, 2783.095, 196.98584), (-2567.747, 2871.7383, 477.9497), (-2567.113, 2869.7642, 455.26227), (-2566.0715, 2866.7178, 431.92844), (-2564.6157, 2862.7136, 408.32123), (-2562.7424, 2857.8389, 384.76572), (-2560.4595, 2852.1104, 361.462), (-2557.7744, 2845.5454, 338.61035), (-2554.6946, 2838.1606, 316.41095), (-2551.3176, 2829.957, 295.00287), (-2547.8315, 2820.9187, 274.46423), (-2544.4238, 2811.0303, 254.87308), (-2541.2825, 2800.2761, 236.30746), (-2538.6646, 2788.582, 218.82521), (-2536.8538, 2775.851, 202.4763), (-2590.3965, 2856.5068, 478.14386), (-2589.5713, 2854.6584, 455.72864), (-2588.2627, 2851.8142, 432.6418), (-2586.4915, 2848.0835, 409.25894), (-2584.2732, 2843.5493, 385.91202), (-2581.6096, 2838.2268, 362.81995), (-2578.5022, 2832.1306, 340.2017), (-2574.953, 2825.276, 318.27612), (-2571.0574, 2817.6753, 297.20282), (-2567.0063, 2809.3386, 277.08215), (-2562.9895, 2800.2761, 258.01434), (-2559.197, 2790.4983, 240.09973), (-2555.968, 2779.889, 223.39517), (-2553.6975, 2768.2842, 207.94081), (-2612.2852, 2839.991, 478.2174), (-2611.2795, 2838.293, 456.006), (-2609.7102, 2835.6838, 433.1338), (-2607.6177, 2832.2617, 409.95718), (-2605.0315, 2828.1006, 386.79886), (-2601.953, 2823.2131, 363.89334), (-2598.3828, 2817.6128, 341.4752), (-2594.3225, 2811.312, 319.77902), (-2589.8633, 2804.3416, 298.9868), (-2585.1858, 2796.7488, 279.22806), (-2580.4717, 2788.582, 260.63223), (-2575.9016, 2779.889, 243.32889), (-2571.8787, 2770.568, 227.4183), (-2568.8901, 2760.461, 212.98962), (-2633.3027, 2822.2473, 478.22733), (-2632.1255, 2820.7207, 456.1398), (-2630.2988, 2818.3691, 433.41925), (-2627.879, 2815.277, 410.3957), (-2624.9077, 2811.509, 387.3757), (-2621.3894, 2807.0752, 364.60464), (-2617.3271, 2801.9866, 342.32797), (-2612.7253, 2796.2532, 320.79108), (-2607.6663, 2789.9258, 300.19437), (-2602.311, 2783.095, 280.69327), (-2596.8206, 2775.851, 262.4431), (-2591.356, 2768.2842, 245.5993), (-2586.3074, 2760.461, 230.40681), (-2582.1519, 2752.438, 217.14503), (-2799.1362, 2476.713, 472.5839), (-2797.348, 2499.6619, 471.92175), (-2794.3257, 2523.48, 472.04877), (-2790.0237, 2547.8306, 472.65967), (-2784.4001, 2572.4326, 473.50308), (-2777.4236, 2597.1511, 474.46765), (-2769.0688, 2621.8481, 475.444), (-2759.3186, 2646.3818, 476.32574), (-2748.1704, 2670.6216, 477.0485), (-2735.636, 2694.4495, 477.58963), (-2721.7383, 2717.747, 477.9497), (-2706.5068, 2740.3965, 478.14386), (-2689.991, 2762.2852, 478.2174), (-2672.2473, 2783.3027, 478.22733), (-2797.348, 2477.3752, 449.63504), (-2795.4846, 2501.788, 447.5089), (-2792.3757, 2525.534, 447.05402), (-2787.9893, 2549.2598, 447.59918), (-2782.2966, 2573.3845, 448.60834), (-2775.2742, 2597.7341, 449.89642), (-2766.9, 2622.1343, 451.27887), (-2757.1533, 2646.4094, 452.5718), (-2746.035, 2670.4114, 453.67578), (-2733.5642, 2694.0195, 454.57584), (-2719.7642, 2717.113, 455.26227), (-2704.6584, 2739.5713, 455.72864), (-2688.293, 2761.2795, 456.006), (-2670.7207, 2782.1255, 456.1398), (-2794.3257, 2477.248, 425.81677), (-2792.3757, 2502.243, 423.76297), (-2789.1643, 2526.2578, 423.03918), (-2784.682, 2550.022, 423.2887), (-2778.9165, 2574.0276, 424.1904), (-2771.8518, 2598.1475, 425.51544), (-2763.4705, 2622.2554, 427.03497), (-2753.756, 2646.2246, 428.52014), (-2742.711, 2669.9312, 429.84552), (-2730.3574, 2693.254, 430.98895), (-2716.7178, 2716.0715, 431.92844), (-2701.8142, 2738.2627, 432.6418), (-2685.6838, 2759.7102, 433.1338), (-2668.3691, 2780.2988, 433.41925), (-2790.0237, 2476.6372, 401.4662), (-2787.9893, 2501.6978, 400.0371), (-2784.682, 2526.008, 399.27484), (-2780.1143, 2550.0295, 399.26736), (-2774.2937, 2574.0752, 400.0119), (-2767.21, 2598.0754, 401.27), (-2758.8538, 2621.9604, 402.80304), (-2749.215, 2645.661, 404.37253), (-2738.299, 2669.082, 405.84045), (-2726.1255, 2692.1064, 407.16922), (-2712.7136, 2714.6157, 408.32123), (-2698.0835, 2736.4915, 409.25894), (-2682.2617, 2757.6177, 409.95718), (-2665.277, 2777.879, 410.3957), (-2784.4001, 2475.7937, 376.8642), (-2782.2966, 2500.6885, 375.91238), (-2778.9165, 2525.1064, 375.26938), (-2774.2937, 2549.285, 375.22168), (-2768.4517, 2573.3804, 375.91663), (-2761.3894, 2597.3374, 377.1395), (-2753.106, 2621.1018, 378.6757), (-2743.5999, 2644.6184, 380.3105), (-2732.8777, 2667.8044, 381.90823), (-2720.953, 2690.5493, 383.4122), (-2707.8389, 2712.7424, 384.76572), (-2693.5493, 2734.2732, 385.91202), (-2678.1006, 2755.0315, 386.79886), (-2661.509, 2774.9077, 387.3757), (-2777.4236, 2474.829, 352.14575), (-2775.2742, 2499.4004, 351.56268), (-2771.8518, 2523.7815, 351.14938), (-2767.21, 2548.0269, 351.22144), (-2761.3894, 2572.1575, 351.95938), (-2754.3975, 2596.1042, 353.19266), (-2746.2415, 2619.7988, 354.75073), (-2736.9292, 2643.1724, 356.46298), (-2726.4666, 2666.1406, 358.20477), (-2714.8586, 2688.6033, 359.89737), (-2702.1104, 2710.4595, 361.462), (-2688.2268, 2731.6096, 362.81995), (-2673.2131, 2751.953, 363.89334), (-2657.0752, 2771.3894, 364.60464), (-2769.0688, 2473.8528, 327.44864), (-2766.9, 2498.018, 327.16254), (-2763.4705, 2522.262, 327.04147), (-2758.8538, 2546.494, 327.3363), (-2753.106, 2570.621, 328.19504), (-2746.2415, 2594.5461, 329.4981), (-2738.2754, 2618.171, 331.12595), (-2729.222, 2641.3977, 332.959), (-2719.0857, 2664.1333, 334.88608), (-2707.862, 2686.2886, 336.80417), (-2695.5454, 2707.7744, 338.61035), (-2682.1306, 2728.5022, 340.2017), (-2667.6128, 2748.3828, 341.4752), (-2651.9866, 2767.3271, 342.32797), (-2759.3186, 2472.9712, 302.91504), (-2757.1533, 2496.725, 302.88742), (-2753.756, 2520.7766, 303.07224), (-2749.215, 2544.9243, 303.6361), (-2743.5999, 2568.9863, 304.67847), (-2736.9292, 2592.834, 306.12445), (-2729.222, 2616.338, 307.89914), (-2720.4966, 2639.3694, 309.92758), (-2710.7554, 2661.8247, 312.1081), (-2699.982, 2683.6257, 314.31207), (-2688.1606, 2704.6946, 316.41095), (-2675.276, 2724.953, 318.27612), (-2661.312, 2744.3225, 319.77902), (-2646.2532, 2762.7253, 320.79108), (-2748.1704, 2472.2483, 278.67523), (-2746.035, 2495.621, 278.88547), (-2742.711, 2519.4514, 279.36563), (-2738.299, 2543.4563, 280.21472), (-2732.8777, 2567.3887, 281.4924), (-2726.4666, 2591.092, 283.1562), (-2719.0857, 2614.411, 285.16364), (-2710.7554, 2637.1887, 287.47226), (-2701.473, 2659.3127, 289.98404), (-2691.2148, 2680.7126, 292.5454), (-2679.957, 2701.3176, 295.00287), (-2667.6753, 2721.0574, 297.20282), (-2654.3416, 2739.8633, 298.9868), (-2639.9258, 2757.6663, 300.19437), (-2735.636, 2471.7073, 254.84747), (-2733.5642, 2494.721, 255.2774), (-2730.3574, 2518.3079, 256.04294), (-2726.1255, 2542.1277, 257.19037), (-2720.953, 2565.8848, 258.74747), (-2714.8586, 2589.3994, 260.6937), (-2707.862, 2612.4927, 263.00842), (-2699.982, 2634.9849, 265.6711), (-2691.2148, 2656.7515, 268.5843), (-2681.5356, 2677.7234, 271.57346), (-2670.9187, 2697.8315, 274.46423), (-2659.3386, 2717.0063, 277.08215), (-2646.7488, 2735.1858, 279.22806), (-2633.095, 2752.311, 280.69327), (-2721.7383, 2471.3472, 231.5499), (-2719.7642, 2494.0347, 232.1839), (-2716.7178, 2517.3684, 233.22534), (-2712.7136, 2540.9756, 234.6812), (-2707.8389, 2564.5312, 236.55435), (-2702.1104, 2587.835, 238.83728), (-2695.5454, 2610.6865, 241.52246), (-2688.1606, 2632.886, 244.60234), (-2679.957, 2654.294, 247.97928), (-2670.9187, 2674.8328, 251.46545), (-2661.0303, 2694.4238, 254.87308), (-2650.2761, 2712.9895, 258.01434), (-2638.582, 2730.4717, 260.63223), (-2625.851, 2746.8206, 262.4431), (-2706.5068, 2471.153, 208.9005), (-2704.6584, 2493.568, 209.7256), (-2701.8142, 2516.655, 211.03416), (-2698.0835, 2540.0378, 212.80536), (-2693.5493, 2563.3848, 215.02365), (-2688.2268, 2586.4768, 217.68733), (-2682.1306, 2609.0952, 220.7947), (-2675.276, 2631.0208, 224.34404), (-2667.6753, 2652.094, 228.23943), (-2659.3386, 2672.2148, 232.29063), (-2650.2761, 2691.2825, 236.30746), (-2640.4983, 2709.197, 240.09973), (-2629.889, 2725.9016, 243.32889), (-2618.2842, 2741.356, 245.5993), (-2689.991, 2471.0796, 187.01183), (-2688.293, 2493.2908, 188.01724), (-2685.6838, 2516.163, 189.58655), (-2682.2617, 2539.3396, 191.67912), (-2678.1006, 2562.498, 194.26534), (-2673.2131, 2585.4036, 197.34404), (-2667.6128, 2607.8218, 200.9141), (-2661.312, 2629.5178, 204.97437), (-2654.3416, 2650.31, 209.4337), (-2646.7488, 2670.0688, 214.11102), (-2638.582, 2688.6646, 218.82521), (-2629.889, 2705.968, 223.39517), (-2620.568, 2721.8787, 227.4183), (-2610.461, 2736.3074, 230.40681), (-2672.2473, 2471.0696, 165.99425), (-2670.7207, 2493.157, 167.1713), (-2668.3691, 2515.8777, 168.99808), (-2665.277, 2538.9011, 171.418), (-2661.509, 2561.9211, 174.38911), (-2657.0752, 2584.6921, 177.90758), (-2651.9866, 2606.969, 181.96962), (-2646.2532, 2628.5059, 186.57141), (-2639.9258, 2649.1025, 191.63052), (-2633.095, 2668.6035, 196.98584), (-2625.851, 2686.8538, 202.4763), (-2618.2842, 2703.6975, 207.94081), (-2610.461, 2718.8901, 212.98962), (-2602.438, 2732.1519, 217.14503), (-2799.1362, -2476.713, 472.5839), (-2797.348, -2477.3752, 449.63504), (-2794.3257, -2477.248, 425.81677), (-2790.0237, -2476.6372, 401.4662), (-2784.4001, -2475.7937, 376.8642), (-2777.4236, -2474.829, 352.14575), (-2769.0688, -2473.8528, 327.44864), (-2759.3186, -2472.9712, 302.91504), (-2748.1704, -2472.2483, 278.67523), (-2735.636, -2471.7073, 254.84747), (-2721.7383, -2471.3472, 231.5499), (-2706.5068, -2471.153, 208.9005), (-2689.991, -2471.0796, 187.01183), (-2672.2473, -2471.0696, 165.99425), (-2797.348, -2499.6619, 471.92175), (-2795.4846, -2501.788, 447.5089), (-2792.3757, -2502.243, 423.76297), (-2787.9893, -2501.6978, 400.0371), (-2782.2966, -2500.6885, 375.91238), (-2775.2742, -2499.4004, 351.56268), (-2766.9, -2498.018, 327.16254), (-2757.1533, -2496.725, 302.88742), (-2746.035, -2495.621, 278.88547), (-2733.5642, -2494.721, 255.2774), (-2719.7642, -2494.0347, 232.1839), (-2704.6584, -2493.568, 209.7256), (-2688.293, -2493.2908, 188.01724), (-2670.7207, -2493.157, 167.1713), (-2794.3257, -2523.48, 472.04877), (-2792.3757, -2525.534, 447.05402), (-2789.1643, -2526.2578, 423.03918), (-2784.682, -2526.008, 399.27484), (-2778.9165, -2525.1064, 375.26938), (-2771.8518, -2523.7815, 351.14938), (-2763.4705, -2522.262, 327.04147), (-2753.756, -2520.7766, 303.07224), (-2742.711, -2519.4514, 279.36563), (-2730.3574, -2518.3079, 256.04294), (-2716.7178, -2517.3684, 233.22534), (-2701.8142, -2516.655, 211.03416), (-2685.6838, -2516.163, 189.58655), (-2668.3691, -2515.8777, 168.99808), (-2790.0237, -2547.8306, 472.65967), (-2787.9893, -2549.2598, 447.59918), (-2784.682, -2550.022, 423.2887), (-2780.1143, -2550.0295, 399.26736), (-2774.2937, -2549.285, 375.22168), (-2767.21, -2548.0269, 351.22144), (-2758.8538, -2546.494, 327.3363), (-2749.215, -2544.9243, 303.6361), (-2738.299, -2543.4563, 280.21472), (-2726.1255, -2542.1277, 257.19037), (-2712.7136, -2540.9756, 234.6812), (-2698.0835, -2540.0378, 212.80536), (-2682.2617, -2539.3396, 191.67912), (-2665.277, -2538.9011, 171.418), (-2784.4001, -2572.4326, 473.50308), (-2782.2966, -2573.3845, 448.60834), (-2778.9165, -2574.0276, 424.1904), (-2774.2937, -2574.0752, 400.0119), (-2768.4517, -2573.3804, 375.91663), (-2761.3894, -2572.1575, 351.95938), (-2753.106, -2570.621, 328.19504), (-2743.5999, -2568.9863, 304.67847), (-2732.8777, -2567.3887, 281.4924), (-2720.953, -2565.8848, 258.74747), (-2707.8389, -2564.5312, 236.55435), (-2693.5493, -2563.3848, 215.02365), (-2678.1006, -2562.498, 194.26534), (-2661.509, -2561.9211, 174.38911), (-2777.4236, -2597.1511, 474.46765), (-2775.2742, -2597.7341, 449.89642), (-2771.8518, -2598.1475, 425.51544), (-2767.21, -2598.0754, 401.27), (-2761.3894, -2597.3374, 377.1395), (-2754.3975, -2596.1042, 353.19266), (-2746.2415, -2594.5461, 329.4981), (-2736.9292, -2592.834, 306.12445), (-2726.4666, -2591.092, 283.1562), (-2714.8586, -2589.3994, 260.6937), (-2702.1104, -2587.835, 238.83728), (-2688.2268, -2586.4768, 217.68733), (-2673.2131, -2585.4036, 197.34404), (-2657.0752, -2584.6921, 177.90758), (-2769.0688, -2621.8481, 475.444), (-2766.9, -2622.1343, 451.27887), (-2763.4705, -2622.2554, 427.03497), (-2758.8538, -2621.9604, 402.80304), (-2753.106, -2621.1018, 378.6757), (-2746.2415, -2619.7988, 354.75073), (-2738.2754, -2618.171, 331.12595), (-2729.222, -2616.338, 307.89914), (-2719.0857, -2614.411, 285.16364), (-2707.862, -2612.4927, 263.00842), (-2695.5454, -2610.6865, 241.52246), (-2682.1306, -2609.0952, 220.7947), (-2667.6128, -2607.8218, 200.9141), (-2651.9866, -2606.969, 181.96962), (-2759.3186, -2646.3818, 476.32574), (-2757.1533, -2646.4094, 452.5718), (-2753.756, -2646.2246, 428.52014), (-2749.215, -2645.661, 404.37253), (-2743.5999, -2644.6184, 380.3105), (-2736.9292, -2643.1724, 356.46298), (-2729.222, -2641.3977, 332.959), (-2720.4966, -2639.3694, 309.92758), (-2710.7554, -2637.1887, 287.47226), (-2699.982, -2634.9849, 265.6711), (-2688.1606, -2632.886, 244.60234), (-2675.276, -2631.0208, 224.34404), (-2661.312, -2629.5178, 204.97437), (-2646.2532, -2628.5059, 186.57141), (-2748.1704, -2670.6216, 477.0485), (-2746.035, -2670.4114, 453.67578), (-2742.711, -2669.9312, 429.84552), (-2738.299, -2669.082, 405.84045), (-2732.8777, -2667.8044, 381.90823), (-2726.4666, -2666.1406, 358.20477), (-2719.0857, -2664.1333, 334.88608), (-2710.7554, -2661.8247, 312.1081), (-2701.473, -2659.3127, 289.98404), (-2691.2148, -2656.7515, 268.5843), (-2679.957, -2654.294, 247.97928), (-2667.6753, -2652.094, 228.23943), (-2654.3416, -2650.31, 209.4337), (-2639.9258, -2649.1025, 191.63052), (-2735.636, -2694.4495, 477.58963), (-2733.5642, -2694.0195, 454.57584), (-2730.3574, -2693.254, 430.98895), (-2726.1255, -2692.1064, 407.16922), (-2720.953, -2690.5493, 383.4122), (-2714.8586, -2688.6033, 359.89737), (-2707.862, -2686.2886, 336.80417), (-2699.982, -2683.6257, 314.31207), (-2691.2148, -2680.7126, 292.5454), (-2681.5356, -2677.7234, 271.57346), (-2670.9187, -2674.8328, 251.46545), (-2659.3386, -2672.2148, 232.29063), (-2646.7488, -2670.0688, 214.11102), (-2633.095, -2668.6035, 196.98584), (-2721.7383, -2717.747, 477.9497), (-2719.7642, -2717.113, 455.26227), (-2716.7178, -2716.0715, 431.92844), (-2712.7136, -2714.6157, 408.32123), (-2707.8389, -2712.7424, 384.76572), (-2702.1104, -2710.4595, 361.462), (-2695.5454, -2707.7744, 338.61035), (-2688.1606, -2704.6946, 316.41095), (-2679.957, -2701.3176, 295.00287), (-2670.9187, -2697.8315, 274.46423), (-2661.0303, -2694.4238, 254.87308), (-2650.2761, -2691.2825, 236.30746), (-2638.582, -2688.6646, 218.82521), (-2625.851, -2686.8538, 202.4763), (-2706.5068, -2740.3965, 478.14386), (-2704.6584, -2739.5713, 455.72864), (-2701.8142, -2738.2627, 432.6418), (-2698.0835, -2736.4915, 409.25894), (-2693.5493, -2734.2732, 385.91202), (-2688.2268, -2731.6096, 362.81995), (-2682.1306, -2728.5022, 340.2017), (-2675.276, -2724.953, 318.27612), (-2667.6753, -2721.0574, 297.20282), (-2659.3386, -2717.0063, 277.08215), (-2650.2761, -2712.9895, 258.01434), (-2640.4983, -2709.197, 240.09973), (-2629.889, -2705.968, 223.39517), (-2618.2842, -2703.6975, 207.94081), (-2689.991, -2762.2852, 478.2174), (-2688.293, -2761.2795, 456.006), (-2685.6838, -2759.7102, 433.1338), (-2682.2617, -2757.6177, 409.95718), (-2678.1006, -2755.0315, 386.79886), (-2673.2131, -2751.953, 363.89334), (-2667.6128, -2748.3828, 341.4752), (-2661.312, -2744.3225, 319.77902), (-2654.3416, -2739.8633, 298.9868), (-2646.7488, -2735.1858, 279.22806), (-2638.582, -2730.4717, 260.63223), (-2629.889, -2725.9016, 243.32889), (-2620.568, -2721.8787, 227.4183), (-2610.461, -2718.8901, 212.98962), (-2672.2473, -2783.3027, 478.22733), (-2670.7207, -2782.1255, 456.1398), (-2668.3691, -2780.2988, 433.41925), (-2665.277, -2777.879, 410.3957), (-2661.509, -2774.9077, 387.3757), (-2657.0752, -2771.3894, 364.60464), (-2651.9866, -2767.3271, 342.32797), (-2646.2532, -2762.7253, 320.79108), (-2639.9258, -2757.6663, 300.19437), (-2633.095, -2752.311, 280.69327), (-2625.851, -2746.8206, 262.4431), (-2618.2842, -2741.356, 245.5993), (-2610.461, -2736.3074, 230.40681), (-2602.438, -2732.1519, 217.14503), (-2326.713, -2949.1362, 472.5839), (-2349.6619, -2947.348, 471.92175), (-2373.48, -2944.3257, 472.04877), (-2397.8306, -2940.0237, 472.65967), (-2422.4326, -2934.4001, 473.50308), (-2447.1511, -2927.4236, 474.46765), (-2471.8481, -2919.0688, 475.444), (-2496.3818, -2909.3186, 476.32574), (-2520.6216, -2898.1704, 477.0485), (-2544.4495, -2885.636, 477.58963), (-2567.747, -2871.7383, 477.9497), (-2590.3965, -2856.5068, 478.14386), (-2612.2852, -2839.991, 478.2174), (-2633.3027, -2822.2473, 478.22733), (-2327.3752, -2947.348, 449.63504), (-2351.788, -2945.4846, 447.5089), (-2375.534, -2942.3757, 447.05402), (-2399.2598, -2937.9893, 447.59918), (-2423.3845, -2932.2966, 448.60834), (-2447.7341, -2925.2742, 449.89642), (-2472.1343, -2916.9, 451.27887), (-2496.4094, -2907.1533, 452.5718), (-2520.4114, -2896.035, 453.67578), (-2544.0195, -2883.5642, 454.57584), (-2567.113, -2869.7642, 455.26227), (-2589.5713, -2854.6584, 455.72864), (-2611.2795, -2838.293, 456.006), (-2632.1255, -2820.7207, 456.1398), (-2327.248, -2944.3257, 425.81677), (-2352.243, -2942.3757, 423.76297), (-2376.2578, -2939.1643, 423.03918), (-2400.022, -2934.682, 423.2887), (-2424.0276, -2928.9165, 424.1904), (-2448.1475, -2921.8518, 425.51544), (-2472.2554, -2913.4705, 427.03497), (-2496.2246, -2903.756, 428.52014), (-2519.9312, -2892.711, 429.84552), (-2543.254, -2880.3574, 430.98895), (-2566.0715, -2866.7178, 431.92844), (-2588.2627, -2851.8142, 432.6418), (-2609.7102, -2835.6838, 433.1338), (-2630.2988, -2818.3691, 433.41925), (-2326.6372, -2940.0237, 401.4662), (-2351.6978, -2937.9893, 400.0371), (-2376.008, -2934.682, 399.27484), (-2400.0295, -2930.1143, 399.26736), (-2424.0752, -2924.2937, 400.0119), (-2448.0754, -2917.21, 401.27), (-2471.9604, -2908.8538, 402.80304), (-2495.661, -2899.215, 404.37253), (-2519.082, -2888.299, 405.84045), (-2542.1064, -2876.1255, 407.16922), (-2564.6157, -2862.7136, 408.32123), (-2586.4915, -2848.0835, 409.25894), (-2607.6177, -2832.2617, 409.95718), (-2627.879, -2815.277, 410.3957), (-2325.7937, -2934.4001, 376.8642), (-2350.6885, -2932.2966, 375.91238), (-2375.1064, -2928.9165, 375.26938), (-2399.285, -2924.2937, 375.22168), (-2423.3804, -2918.4517, 375.91663), (-2447.3374, -2911.3894, 377.1395), (-2471.1018, -2903.106, 378.6757), (-2494.6184, -2893.5999, 380.3105), (-2517.8044, -2882.8777, 381.90823), (-2540.5493, -2870.953, 383.4122), (-2562.7424, -2857.8389, 384.76572), (-2584.2732, -2843.5493, 385.91202), (-2605.0315, -2828.1006, 386.79886), (-2624.9077, -2811.509, 387.3757), (-2324.829, -2927.4236, 352.14575), (-2349.4004, -2925.2742, 351.56268), (-2373.7815, -2921.8518, 351.14938), (-2398.0269, -2917.21, 351.22144), (-2422.1575, -2911.3894, 351.95938), (-2446.1042, -2904.3975, 353.19266), (-2469.7988, -2896.2415, 354.75073), (-2493.1724, -2886.9292, 356.46298), (-2516.1406, -2876.4666, 358.20477), (-2538.6033, -2864.8586, 359.89737), (-2560.4595, -2852.1104, 361.462), (-2581.6096, -2838.2268, 362.81995), (-2601.953, -2823.2131, 363.89334), (-2621.3894, -2807.0752, 364.60464), (-2323.8528, -2919.0688, 327.44864), (-2348.018, -2916.9, 327.16254), (-2372.262, -2913.4705, 327.04147), (-2396.494, -2908.8538, 327.3363), (-2420.621, -2903.106, 328.19504), (-2444.5461, -2896.2415, 329.4981), (-2468.171, -2888.2754, 331.12595), (-2491.3977, -2879.222, 332.959), (-2514.1333, -2869.0857, 334.88608), (-2536.2886, -2857.862, 336.80417), (-2557.7744, -2845.5454, 338.61035), (-2578.5022, -2832.1306, 340.2017), (-2598.3828, -2817.6128, 341.4752), (-2617.3271, -2801.9866, 342.32797), (-2322.9712, -2909.3186, 302.91504), (-2346.725, -2907.1533, 302.88742), (-2370.7766, -2903.756, 303.07224), (-2394.9243, -2899.215, 303.6361), (-2418.9863, -2893.5999, 304.67847), (-2442.834, -2886.9292, 306.12445), (-2466.338, -2879.222, 307.89914), (-2489.3694, -2870.4966, 309.92758), (-2511.8247, -2860.7554, 312.1081), (-2533.6257, -2849.982, 314.31207), (-2554.6946, -2838.1606, 316.41095), (-2574.953, -2825.276, 318.27612), (-2594.3225, -2811.312, 319.77902), (-2612.7253, -2796.2532, 320.79108), (-2322.2483, -2898.1704, 278.67523), (-2345.621, -2896.035, 278.88547), (-2369.4514, -2892.711, 279.36563), (-2393.4563, -2888.299, 280.21472), (-2417.3887, -2882.8777, 281.4924), (-2441.092, -2876.4666, 283.1562), (-2464.411, -2869.0857, 285.16364), (-2487.1887, -2860.7554, 287.47226), (-2509.3127, -2851.473, 289.98404), (-2530.7126, -2841.2148, 292.5454), (-2551.3176, -2829.957, 295.00287), (-2571.0574, -2817.6753, 297.20282), (-2589.8633, -2804.3416, 298.9868), (-2607.6663, -2789.9258, 300.19437), (-2321.7073, -2885.636, 254.84747), (-2344.721, -2883.5642, 255.2774), (-2368.3079, -2880.3574, 256.04294), (-2392.1277, -2876.1255, 257.19037), (-2415.8848, -2870.953, 258.74747), (-2439.3994, -2864.8586, 260.6937), (-2462.4927, -2857.862, 263.00842), (-2484.9849, -2849.982, 265.6711), (-2506.7515, -2841.2148, 268.5843), (-2527.7234, -2831.5356, 271.57346), (-2547.8315, -2820.9187, 274.46423), (-2567.0063, -2809.3386, 277.08215), (-2585.1858, -2796.7488, 279.22806), (-2602.311, -2783.095, 280.69327), (-2321.3472, -2871.7383, 231.5499), (-2344.0347, -2869.7642, 232.1839), (-2367.3684, -2866.7178, 233.22534), (-2390.9756, -2862.7136, 234.6812), (-2414.5312, -2857.8389, 236.55435), (-2437.835, -2852.1104, 238.83728), (-2460.6865, -2845.5454, 241.52246), (-2482.886, -2838.1606, 244.60234), (-2504.294, -2829.957, 247.97928), (-2524.8328, -2820.9187, 251.46545), (-2544.4238, -2811.0303, 254.87308), (-2562.9895, -2800.2761, 258.01434), (-2580.4717, -2788.582, 260.63223), (-2596.8206, -2775.851, 262.4431), (-2321.153, -2856.5068, 208.9005), (-2343.568, -2854.6584, 209.7256), (-2366.655, -2851.8142, 211.03416), (-2390.0378, -2848.0835, 212.80536), (-2413.3848, -2843.5493, 215.02365), (-2436.4768, -2838.2268, 217.68733), (-2459.0952, -2832.1306, 220.7947), (-2481.0208, -2825.276, 224.34404), (-2502.094, -2817.6753, 228.23943), (-2522.2148, -2809.3386, 232.29063), (-2541.2825, -2800.2761, 236.30746), (-2559.197, -2790.4983, 240.09973), (-2575.9016, -2779.889, 243.32889), (-2591.356, -2768.2842, 245.5993), (-2321.0796, -2839.991, 187.01183), (-2343.2908, -2838.293, 188.01724), (-2366.163, -2835.6838, 189.58655), (-2389.3396, -2832.2617, 191.67912), (-2412.498, -2828.1006, 194.26534), (-2435.4036, -2823.2131, 197.34404), (-2457.8218, -2817.6128, 200.9141), (-2479.5178, -2811.312, 204.97437), (-2500.31, -2804.3416, 209.4337), (-2520.0688, -2796.7488, 214.11102), (-2538.6646, -2788.582, 218.82521), (-2555.968, -2779.889, 223.39517), (-2571.8787, -2770.568, 227.4183), (-2586.3074, -2760.461, 230.40681), (-2321.0696, -2822.2473, 165.99425), (-2343.157, -2820.7207, 167.1713), (-2365.8777, -2818.3691, 168.99808), (-2388.9011, -2815.277, 171.418), (-2411.9211, -2811.509, 174.38911), (-2434.6921, -2807.0752, 177.90758), (-2456.969, -2801.9866, 181.96962), (-2478.5059, -2796.2532, 186.57141), (-2499.1025, -2789.9258, 191.63052), (-2518.6035, -2783.095, 196.98584), (-2536.8538, -2775.851, 202.4763), (-2553.6975, -2768.2842, 207.94081), (-2568.8901, -2760.461, 212.98962), (-2582.1519, -2752.438, 217.14503), (2333.713, -2949.1362, 472.5839), (2334.3752, -2947.348, 449.63504), (2334.248, -2944.3257, 425.81677), (2333.6372, -2940.0237, 401.4662), (2332.7937, -2934.4001, 376.8642), (2331.829, -2927.4236, 352.14575), (2330.8528, -2919.0688, 327.44864), (2329.9712, -2909.3186, 302.91504), (2329.2483, -2898.1704, 278.67523), (2328.7073, -2885.636, 254.84747), (2328.3472, -2871.7383, 231.5499), (2328.153, -2856.5068, 208.9005), (2328.0796, -2839.991, 187.01183), (2328.0696, -2822.2473, 165.99425), (2356.6619, -2947.348, 471.92175), (2358.788, -2945.4846, 447.5089), (2359.243, -2942.3757, 423.76297), (2358.6978, -2937.9893, 400.0371), (2357.6885, -2932.2966, 375.91238), (2356.4004, -2925.2742, 351.56268), (2355.018, -2916.9, 327.16254), (2353.725, -2907.1533, 302.88742), (2352.621, -2896.035, 278.88547), (2351.721, -2883.5642, 255.2774), (2351.0347, -2869.7642, 232.1839), (2350.568, -2854.6584, 209.7256), (2350.2908, -2838.293, 188.01724), (2350.157, -2820.7207, 167.1713), (2380.48, -2944.3257, 472.04877), (2382.534, -2942.3757, 447.05402), (2383.2578, -2939.1643, 423.03918), (2383.008, -2934.682, 399.27484), (2382.1064, -2928.9165, 375.26938), (2380.7815, -2921.8518, 351.14938), (2379.262, -2913.4705, 327.04147), (2377.7766, -2903.756, 303.07224), (2376.4514, -2892.711, 279.36563), (2375.3079, -2880.3574, 256.04294), (2374.3684, -2866.7178, 233.22534), (2373.655, -2851.8142, 211.03416), (2373.163, -2835.6838, 189.58655), (2372.8777, -2818.3691, 168.99808), (2404.8306, -2940.0237, 472.65967), (2406.2598, -2937.9893, 447.59918), (2407.022, -2934.682, 423.2887), (2407.0295, -2930.1143, 399.26736), (2406.285, -2924.2937, 375.22168), (2405.0269, -2917.21, 351.22144), (2403.494, -2908.8538, 327.3363), (2401.9243, -2899.215, 303.6361), (2400.4563, -2888.299, 280.21472), (2399.1277, -2876.1255, 257.19037), (2397.9756, -2862.7136, 234.6812), (2397.0378, -2848.0835, 212.80536), (2396.3396, -2832.2617, 191.67912), (2395.9011, -2815.277, 171.418), (2429.4326, -2934.4001, 473.50308), (2430.3845, -2932.2966, 448.60834), (2431.0276, -2928.9165, 424.1904), (2431.0752, -2924.2937, 400.0119), (2430.3804, -2918.4517, 375.91663), (2429.1575, -2911.3894, 351.95938), (2427.621, -2903.106, 328.19504), (2425.9863, -2893.5999, 304.67847), (2424.3887, -2882.8777, 281.4924), (2422.8848, -2870.953, 258.74747), (2421.5312, -2857.8389, 236.55435), (2420.3848, -2843.5493, 215.02365), (2419.498, -2828.1006, 194.26534), (2418.9211, -2811.509, 174.38911), (2454.1511, -2927.4236, 474.46765), (2454.7341, -2925.2742, 449.89642), (2455.1475, -2921.8518, 425.51544), (2455.0754, -2917.21, 401.27), (2454.3374, -2911.3894, 377.1395), (2453.1042, -2904.3975, 353.19266), (2451.5461, -2896.2415, 329.4981), (2449.834, -2886.9292, 306.12445), (2448.092, -2876.4666, 283.1562), (2446.3994, -2864.8586, 260.6937), (2444.835, -2852.1104, 238.83728), (2443.4768, -2838.2268, 217.68733), (2442.4036, -2823.2131, 197.34404), (2441.6921, -2807.0752, 177.90758), (2478.8481, -2919.0688, 475.444), (2479.1343, -2916.9, 451.27887), (2479.2554, -2913.4705, 427.03497), (2478.9604, -2908.8538, 402.80304), (2478.1018, -2903.106, 378.6757), (2476.7988, -2896.2415, 354.75073), (2475.171, -2888.2754, 331.12595), (2473.338, -2879.222, 307.89914), (2471.411, -2869.0857, 285.16364), (2469.4927, -2857.862, 263.00842), (2467.6865, -2845.5454, 241.52246), (2466.0952, -2832.1306, 220.7947), (2464.8218, -2817.6128, 200.9141), (2463.969, -2801.9866, 181.96962), (2503.3818, -2909.3186, 476.32574), (2503.4094, -2907.1533, 452.5718), (2503.2246, -2903.756, 428.52014), (2502.661, -2899.215, 404.37253), (2501.6184, -2893.5999, 380.3105), (2500.1724, -2886.9292, 356.46298), (2498.3977, -2879.222, 332.959), (2496.3694, -2870.4966, 309.92758), (2494.1887, -2860.7554, 287.47226), (2491.9849, -2849.982, 265.6711), (2489.886, -2838.1606, 244.60234), (2488.0208, -2825.276, 224.34404), (2486.5178, -2811.312, 204.97437), (2485.5059, -2796.2532, 186.57141), (2527.6216, -2898.1704, 477.0485), (2527.4114, -2896.035, 453.67578), (2526.9312, -2892.711, 429.84552), (2526.082, -2888.299, 405.84045), (2524.8044, -2882.8777, 381.90823), (2523.1406, -2876.4666, 358.20477), (2521.1333, -2869.0857, 334.88608), (2518.8247, -2860.7554, 312.1081), (2516.3127, -2851.473, 289.98404), (2513.7515, -2841.2148, 268.5843), (2511.294, -2829.957, 247.97928), (2509.094, -2817.6753, 228.23943), (2507.31, -2804.3416, 209.4337), (2506.1025, -2789.9258, 191.63052), (2551.4495, -2885.636, 477.58963), (2551.0195, -2883.5642, 454.57584), (2550.254, -2880.3574, 430.98895), (2549.1064, -2876.1255, 407.16922), (2547.5493, -2870.953, 383.4122), (2545.6033, -2864.8586, 359.89737), (2543.2886, -2857.862, 336.80417), (2540.6257, -2849.982, 314.31207), (2537.7126, -2841.2148, 292.5454), (2534.7234, -2831.5356, 271.57346), (2531.8328, -2820.9187, 251.46545), (2529.2148, -2809.3386, 232.29063), (2527.0688, -2796.7488, 214.11102), (2525.6035, -2783.095, 196.98584), (2574.747, -2871.7383, 477.9497), (2574.113, -2869.7642, 455.26227), (2573.0715, -2866.7178, 431.92844), (2571.6157, -2862.7136, 408.32123), (2569.7424, -2857.8389, 384.76572), (2567.4595, -2852.1104, 361.462), (2564.7744, -2845.5454, 338.61035), (2561.6946, -2838.1606, 316.41095), (2558.3176, -2829.957, 295.00287), (2554.8315, -2820.9187, 274.46423), (2551.4238, -2811.0303, 254.87308), (2548.2825, -2800.2761, 236.30746), (2545.6646, -2788.582, 218.82521), (2543.8538, -2775.851, 202.4763), (2597.3965, -2856.5068, 478.14386), (2596.5713, -2854.6584, 455.72864), (2595.2627, -2851.8142, 432.6418), (2593.4915, -2848.0835, 409.25894), (2591.2732, -2843.5493, 385.91202), (2588.6096, -2838.2268, 362.81995), (2585.5022, -2832.1306, 340.2017), (2581.953, -2825.276, 318.27612), (2578.0574, -2817.6753, 297.20282), (2574.0063, -2809.3386, 277.08215), (2569.9895, -2800.2761, 258.01434), (2566.197, -2790.4983, 240.09973), (2562.968, -2779.889, 223.39517), (2560.6975, -2768.2842, 207.94081), (2619.2852, -2839.991, 478.2174), (2618.2795, -2838.293, 456.006), (2616.7102, -2835.6838, 433.1338), (2614.6177, -2832.2617, 409.95718), (2612.0315, -2828.1006, 386.79886), (2608.953, -2823.2131, 363.89334), (2605.3828, -2817.6128, 341.4752), (2601.3225, -2811.312, 319.77902), (2596.8633, -2804.3416, 298.9868), (2592.1858, -2796.7488, 279.22806), (2587.4717, -2788.582, 260.63223), (2582.9016, -2779.889, 243.32889), (2578.8787, -2770.568, 227.4183), (2575.8901, -2760.461, 212.98962), (2640.3027, -2822.2473, 478.22733), (2639.1255, -2820.7207, 456.1398), (2637.2988, -2818.3691, 433.41925), (2634.879, -2815.277, 410.3957), (2631.9077, -2811.509, 387.3757), (2628.3894, -2807.0752, 364.60464), (2624.3271, -2801.9866, 342.32797), (2619.7253, -2796.2532, 320.79108), (2614.6663, -2789.9258, 300.19437), (2609.311, -2783.095, 280.69327), (2603.8206, -2775.851, 262.4431), (2598.356, -2768.2842, 245.5993), (2593.3074, -2760.461, 230.40681), (2589.1519, -2752.438, 217.14503)] (
            interpolation = "vertex"
        )
        bool primvars:enableShadowTerminatorFix = 0
        texCoord2f[] primvars:st = [(0.72447383, 0.69936436), (0.7244722, 0.2774249), (0.2756977, 0.2774266), (0.27569947, 0.6993661), (0.7244749, 0.9724097), (0.7244742, 0.79095095), (0.27569982, 0.79095274), (0.27610016, 0.9724117), (0.7244718, 0.18583831), (0.72407156, 0.004379324), (0.2756967, 0.0043812883), (0.27569735, 0.18584001), (0.99751747, 0.6989635), (0.9975175, 0.2774238), (0.81605875, 0.27742454), (0.8160605, 0.699364), (0.18411283, 0.69936645), (0.18411106, 0.27742696), (0.0026520758, 0.27782738), (0.0026540302, 0.6993672), (0.72447217, 0.274372), (0.27569768, 0.2743737), (0.72447217, 0.27131912), (0.27569768, 0.27132082), (0.72447217, 0.26826623), (0.27569765, 0.26826793), (0.72447217, 0.26521337), (0.27569765, 0.26521504), (0.72447217, 0.26216048), (0.27569765, 0.26216218), (0.7244721, 0.2591076), (0.27569762, 0.2591093), (0.7244721, 0.2560547), (0.27569762, 0.2560564), (0.7244721, 0.2530018), (0.2756976, 0.2530035), (0.7244721, 0.24994893), (0.2756976, 0.24995062), (0.7244721, 0.24689604), (0.2756976, 0.24689773), (0.72447205, 0.24384315), (0.27569756, 0.24384485), (0.72447205, 0.24079028), (0.27569756, 0.24079196), (0.72447205, 0.23773739), (0.27569753, 0.23773907), (0.72447205, 0.2346845), (0.27569753, 0.23468618), (0.72447205, 0.23163162), (0.27569753, 0.23163329), (0.7275251, 0.2774249), (0.72752506, 0.274372), (0.730578, 0.2774249), (0.730578, 0.274372), (0.7336309, 0.27742487), (0.7336309, 0.27437198), (0.7366838, 0.27742487), (0.7366838, 0.27437198), (0.7397367, 0.27742487), (0.7397367, 0.27437198), (0.74278957, 0.27742484), (0.74278957, 0.27437195), (0.74584246, 0.27742484), (0.74584246, 0.27437195), (0.7488953, 0.2774248), (0.7488953, 0.27437192), (0.7519482, 0.2774248), (0.7519482, 0.27437192), (0.75500107, 0.2774248), (0.75500107, 0.27437192), (0.75805396, 0.27742478), (0.75805396, 0.2743719), (0.76110685, 0.27742478), (0.76110685, 0.2743719), (0.76415974, 0.27742475), (0.76415974, 0.27437186), (0.7672126, 0.27742475), (0.7672126, 0.27437186), (0.7702655, 0.27742475), (0.7702655, 0.27437186), (0.72752506, 0.27131912), (0.73057795, 0.27131912), (0.73363084, 0.2713191), (0.7366837, 0.2713191), (0.7397366, 0.2713191), (0.7427895, 0.27131906), (0.7458424, 0.27131906), (0.7488953, 0.27131903), (0.7519482, 0.27131903), (0.75500107, 0.27131903), (0.75805396, 0.271319), (0.76110685, 0.271319), (0.76415974, 0.27131897), (0.7672126, 0.27131897), (0.7702655, 0.27131897), (0.72752506, 0.26826623), (0.73057795, 0.26826623), (0.73363084, 0.2682662), (0.7366837, 0.2682662), (0.7397366, 0.2682662), (0.7427895, 0.26826617), (0.7458424, 0.26826617), (0.7488953, 0.26826614), (0.7519481, 0.26826614), (0.755001, 0.26826614), (0.7580539, 0.2682661), (0.7611068, 0.2682661), (0.7641597, 0.26826608), (0.76721257, 0.26826608), (0.77026546, 0.26826608), (0.72752506, 0.26521337), (0.73057795, 0.26521334), (0.73363084, 0.26521334), (0.7366837, 0.2652133), (0.7397366, 0.2652133), (0.7427895, 0.2652133), (0.7458424, 0.26521328), (0.7488952, 0.26521328), (0.7519481, 0.26521325), (0.755001, 0.26521325), (0.7580539, 0.26521325), (0.7611068, 0.26521322), (0.7641597, 0.26521322), (0.76721257, 0.26521322), (0.77026546, 0.2652132), (0.72752506, 0.26216048), (0.73057795, 0.26216045), (0.73363084, 0.26216045), (0.7366837, 0.26216045), (0.7397366, 0.26216042), (0.7427895, 0.26216042), (0.7458424, 0.2621604), (0.7488952, 0.2621604), (0.7519481, 0.2621604), (0.755001, 0.26216036), (0.7580539, 0.26216036), (0.7611068, 0.26216036), (0.7641597, 0.26216033), (0.76721257, 0.26216033), (0.77026546, 0.2621603), (0.727525, 0.2591076), (0.7305779, 0.25910756), (0.7336308, 0.25910756), (0.73668367, 0.25910756), (0.73973656, 0.25910753), (0.74278945, 0.25910753), (0.74584234, 0.25910753), (0.7488952, 0.2591075), (0.7519481, 0.2591075), (0.755001, 0.25910747), (0.7580539, 0.25910747), (0.7611068, 0.25910747), (0.7641597, 0.25910744), (0.76721257, 0.25910744), (0.77026546, 0.25910744), (0.727525, 0.2560547), (0.7305779, 0.25605467), (0.7336308, 0.25605467), (0.73668367, 0.25605467), (0.73973656, 0.25605464), (0.74278945, 0.25605464), (0.74584234, 0.25605464), (0.7488952, 0.2560546), (0.7519481, 0.2560546), (0.755001, 0.2560546), (0.7580539, 0.25605458), (0.7611068, 0.25605458), (0.7641597, 0.25605455), (0.76721257, 0.25605455), (0.77026546, 0.25605455), (0.77066505, 0.2560547), (0.727525, 0.2530018), (0.75911665, 0.2530018), (0.76216954, 0.2560547), (0.7305779, 0.25300178), (0.7506211, 0.252904), (0.75367403, 0.25595686), (0.7336308, 0.25300178), (0.7421256, 0.25300178), (0.74517846, 0.25605467), (0.73668367, 0.25300178), (0.73362994, 0.25300178), (0.73973656, 0.25300175), (0.74278945, 0.25300175), (0.74584234, 0.25300175), (0.7488952, 0.25300172), (0.7519481, 0.25300172), (0.755001, 0.25300172), (0.7580539, 0.2530017), (0.7611067, 0.2530017), (0.7641596, 0.25300166), (0.7672125, 0.25300166), (0.7702654, 0.25300166), (0.727525, 0.24994892), (0.7305779, 0.2499489), (0.7336308, 0.2499489), (0.73668367, 0.24994889), (0.73973656, 0.24994887), (0.74278945, 0.24994886), (0.74584234, 0.24994886), (0.74889517, 0.24994884), (0.75194806, 0.24994883), (0.75500095, 0.24994883), (0.75805384, 0.2499488), (0.7611067, 0.2499488), (0.7641596, 0.24994878), (0.7672125, 0.24994877), (0.7702654, 0.24994877), (0.727525, 0.24689603), (0.7305779, 0.24689603), (0.7336308, 0.24689601), (0.73668367, 0.246896), (0.73973656, 0.24689598), (0.74278945, 0.24689598), (0.74584234, 0.24689597), (0.74889517, 0.24689595), (0.75194806, 0.24689594), (0.75500095, 0.24689594), (0.75805384, 0.24689592), (0.7611067, 0.24689591), (0.7641596, 0.2468959), (0.7672125, 0.2468959), (0.7672125, 0.2961418), (0.7702654, 0.24689588), (0.7672125, 0.2815405), (0.7244721, 0.28154063), (0.72752494, 0.24384314), (0.72447205, 0.26693934), (0.727525, 0.2699922), (0.7305778, 0.24384314), (0.72752494, 0.25539088), (0.7305779, 0.25844377), (0.7336307, 0.24384312), (0.7305778, 0.24384242), (0.7366836, 0.24384311), (0.7397365, 0.2438431), (0.7427894, 0.2438431), (0.7458423, 0.24384308), (0.74889517, 0.24384306), (0.75194806, 0.24384305), (0.75500095, 0.24384305), (0.75805384, 0.24384303), (0.7611067, 0.24384302), (0.7641596, 0.243843), (0.7672125, 0.243843), (0.7702654, 0.24384299), (0.72752494, 0.24079026), (0.7305778, 0.24079025), (0.7336307, 0.24079025), (0.7366836, 0.24079023), (0.7397365, 0.24079022), (0.7427894, 0.2407902), (0.7458423, 0.2407902), (0.74889517, 0.24079019), (0.75194806, 0.24079017), (0.75500095, 0.24079016), (0.75805384, 0.24079014), (0.7611067, 0.24079014), (0.7641596, 0.24079013), (0.7672125, 0.24079011), (0.7702654, 0.2407901), (0.72752494, 0.23773737), (0.7305778, 0.23773736), (0.7336307, 0.23773736), (0.7366836, 0.23773734), (0.7397365, 0.23773733), (0.7427894, 0.23773731), (0.7458423, 0.23773731), (0.74889517, 0.2377373), (0.75194806, 0.23773728), (0.75500095, 0.23773727), (0.75805384, 0.23773727), (0.7611067, 0.23773725), (0.76415956, 0.23773724), (0.7179667, 0.24079013), (0.76721245, 0.23773722), (0.7295117, 0.23773724), (0.7325646, 0.24079011), (0.77026534, 0.23773722), (0.74165106, 0.23773722), (0.69891065, 0.23773739), (0.72752494, 0.23468448), (0.70412475, 0.2346845), (0.70717764, 0.23773737), (0.7305778, 0.23468448), (0.7275257, 0.23468448), (0.7336307, 0.23468447), (0.7366836, 0.23468445), (0.7397365, 0.23468444), (0.7427894, 0.23468444), (0.7458423, 0.23468442), (0.74889517, 0.23468441), (0.75194806, 0.2346844), (0.7550009, 0.2346844), (0.7580538, 0.23468438), (0.76110667, 0.23468436), (0.76415956, 0.23468435), (0.76721245, 0.23468435), (0.77026534, 0.23468433), (0.72752494, 0.2316316), (0.7305778, 0.23163159), (0.7336307, 0.23163159), (0.7366836, 0.23163158), (0.7397365, 0.23163156), (0.7427894, 0.23163155), (0.7458423, 0.23163153), (0.7488951, 0.23163153), (0.751948, 0.23163152), (0.7550009, 0.2316315), (0.7580538, 0.23163149), (0.76110667, 0.23163147), (0.76415956, 0.23163147), (0.76721245, 0.23163146), (0.77026534, 0.23163144), (0.2726448, 0.2743737), (0.27264482, 0.2774266), (0.2726448, 0.27132082), (0.27264476, 0.26826793), (0.27264476, 0.26521504), (0.27264476, 0.26216218), (0.27264473, 0.2591093), (0.27264473, 0.2560564), (0.2726447, 0.2530035), (0.2726447, 0.24995063), (0.2726447, 0.24689774), (0.27264467, 0.24384487), (0.27264467, 0.24079198), (0.27569577, 0.19459896), (0.27264464, 0.23773909), (0.27264288, 0.20614743), (0.27569574, 0.20309453), (0.27264464, 0.2346862), (0.27264285, 0.21464294), (0.27569574, 0.21159004), (0.27264464, 0.2316333), (0.27264285, 0.22313851), (0.27264303, 0.26587892), (0.2695919, 0.2743737), (0.26959014, 0.27699256), (0.2695919, 0.27132085), (0.26959187, 0.26826796), (0.26959187, 0.26521507), (0.26959187, 0.2621622), (0.26959184, 0.25910932), (0.26959184, 0.25605643), (0.2695918, 0.25300354), (0.2695918, 0.24995063), (0.2695918, 0.24689776), (0.26959178, 0.24384487), (0.26959178, 0.24079198), (0.26959175, 0.2377391), (0.26959175, 0.23468621), (0.26959175, 0.23163332), (0.26959193, 0.2774266), (0.26653904, 0.27437374), (0.26653904, 0.27742663), (0.266539, 0.27132085), (0.266539, 0.26826796), (0.26653898, 0.26521507), (0.26653898, 0.2621622), (0.26653895, 0.25910932), (0.26653895, 0.25605643), (0.26653892, 0.25300354), (0.26653892, 0.24995065), (0.26653892, 0.24689776), (0.2665389, 0.24384488), (0.2665389, 0.24079199), (0.26653886, 0.2377391), (0.26653886, 0.23468621), (0.26653886, 0.23163332), (0.26348615, 0.27437374), (0.26348615, 0.27742663), (0.26348612, 0.27132085), (0.26348612, 0.268268), (0.2634861, 0.2652151), (0.2634861, 0.2621622), (0.2634861, 0.25910932), (0.26348606, 0.25605643), (0.26348606, 0.25300354), (0.26348603, 0.24995066), (0.26348603, 0.24689777), (0.263486, 0.2438449), (0.263486, 0.240792), (0.263486, 0.23773912), (0.26348597, 0.23468623), (0.26348597, 0.23163334), (0.26043326, 0.27437374), (0.26043326, 0.27742663), (0.26043323, 0.27132088), (0.26043323, 0.268268), (0.2604332, 0.2652151), (0.2604332, 0.2621622), (0.2604332, 0.25910932), (0.26043317, 0.25605646), (0.26043317, 0.25300357), (0.26043317, 0.24995068), (0.26043314, 0.24689779), (0.26043314, 0.24384491), (0.2604331, 0.24079202), (0.2604331, 0.23773913), (0.26043308, 0.23468624), (0.26043308, 0.23163335), (0.25738037, 0.27437377), (0.2573804, 0.27742666), (0.25738037, 0.27132088), (0.25738034, 0.268268), (0.25738034, 0.26521513), (0.25738034, 0.26216224), (0.2573803, 0.25910935), (0.2573803, 0.25605646), (0.25738028, 0.25300357), (0.25738028, 0.24995069), (0.25738025, 0.2468978), (0.25738025, 0.24384491), (0.25738025, 0.24079202), (0.25738022, 0.23773915), (0.25738022, 0.23468626), (0.2573802, 0.23163337), (0.2543275, 0.27437377), (0.2543275, 0.27742666), (0.25432748, 0.27132088), (0.25432748, 0.26826802), (0.25432745, 0.26521513), (0.25432745, 0.26216224), (0.25432742, 0.25910935), (0.25432742, 0.25605646), (0.2543274, 0.25300357), (0.2543274, 0.24995069), (0.2543274, 0.2468978), (0.25432736, 0.24384493), (0.25432736, 0.24079204), (0.25432733, 0.23773915), (0.25432733, 0.23468626), (0.2543273, 0.23163338), (0.25127462, 0.2743738), (0.25127462, 0.2774267), (0.2512746, 0.2713209), (0.2512746, 0.26826802), (0.25127456, 0.26521513), (0.25127456, 0.26216227), (0.25127453, 0.25910938), (0.25127453, 0.2560565), (0.2512745, 0.2530036), (0.2512745, 0.2499507), (0.2512745, 0.24689782), (0.25127447, 0.24384494), (0.25127447, 0.24079205), (0.25127444, 0.23773916), (0.25127444, 0.23468627), (0.25127444, 0.23163338), (0.24822171, 0.2743738), (0.24822173, 0.2774267), (0.2482217, 0.2713209), (0.24822168, 0.26826802), (0.24822167, 0.26521516), (0.24822167, 0.26216227), (0.24822165, 0.25910938), (0.24822164, 0.2560565), (0.24822162, 0.2530036), (0.2482216, 0.24995072), (0.24822159, 0.24689783), (0.24822158, 0.24384494), (0.24822158, 0.24079207), (0.24822155, 0.23773918), (0.24822155, 0.23468629), (0.24822153, 0.2316334), (0.24516882, 0.27437383), (0.24516883, 0.27742672), (0.2451688, 0.27132094), (0.24516879, 0.26826805), (0.24516879, 0.26521516), (0.24516878, 0.2621623), (0.24516876, 0.2591094), (0.24516875, 0.25605652), (0.24516873, 0.25300363), (0.24516872, 0.24995074), (0.2451687, 0.24689785), (0.24516869, 0.24384496), (0.24516869, 0.24079208), (0.24516867, 0.23773919), (0.24516866, 0.2346863), (0.24516864, 0.23163341), (0.24211593, 0.27437383), (0.24211594, 0.27742672), (0.24211591, 0.27132094), (0.2421159, 0.26826805), (0.2421159, 0.2652152), (0.24211589, 0.2621623), (0.24211587, 0.2591094), (0.24211586, 0.25605652), (0.24211584, 0.25300363), (0.24211583, 0.24995074), (0.24211583, 0.24689786), (0.24211581, 0.24384497), (0.2421158, 0.24079208), (0.24211578, 0.23773919), (0.24211577, 0.23468632), (0.24211575, 0.23163342), (0.23906304, 0.27437383), (0.23906305, 0.27742672), (0.23906302, 0.27132094), (0.23906301, 0.26826805), (0.23906301, 0.2652152), (0.239063, 0.2621623), (0.23906298, 0.2591094), (0.23906296, 0.25605652), (0.23906295, 0.25300363), (0.23906294, 0.24995075), (0.23906294, 0.24689786), (0.23906292, 0.24384499), (0.2390629, 0.2407921), (0.23906289, 0.2377392), (0.23906288, 0.23468632), (0.23906288, 0.23163344), (0.23601015, 0.27437386), (0.23601016, 0.27742675), (0.23601013, 0.27132097), (0.23601013, 0.26826808), (0.23601012, 0.2652152), (0.2360101, 0.26216233), (0.23601009, 0.25910944), (0.23601007, 0.25605655), (0.23601006, 0.25300366), (0.23601006, 0.24995077), (0.23601004, 0.24689788), (0.23601003, 0.243845), (0.23601002, 0.24079211), (0.23601, 0.23773922), (0.23600999, 0.23468633), (0.23600999, 0.23163344), (0.23295727, 0.27437386), (0.23295729, 0.27742675), (0.23295726, 0.27132097), (0.23295724, 0.26826808), (0.23295723, 0.26521522), (0.23295723, 0.26216233), (0.23295721, 0.25910944), (0.2329572, 0.25605655), (0.23295718, 0.25300366), (0.23295717, 0.24995078), (0.23295715, 0.24689789), (0.23295714, 0.243845), (0.23295712, 0.24079211), (0.23295712, 0.23773924), (0.23295711, 0.23468634), (0.2329571, 0.23163345), (0.22990438, 0.2743739), (0.2299044, 0.27742678), (0.22990437, 0.271321), (0.22990435, 0.2682681), (0.22990435, 0.26521522), (0.22990434, 0.26216233), (0.22990432, 0.25910947), (0.22990431, 0.25605658), (0.2299043, 0.2530037), (0.22990428, 0.2499508), (0.22990426, 0.2468979), (0.22990425, 0.24384502), (0.22990425, 0.24079213), (0.22990423, 0.23773925), (0.22990422, 0.23468636), (0.2299042, 0.23163347), (0.27264658, 0.6993661), (0.2695937, 0.6993661), (0.2665408, 0.6993661), (0.2634879, 0.69936615), (0.26043504, 0.69936615), (0.25738215, 0.69936615), (0.25432926, 0.69936615), (0.25127637, 0.69936615), (0.24822348, 0.6993662), (0.2451706, 0.6993662), (0.2421177, 0.6993662), (0.23906483, 0.6993662), (0.23601194, 0.6993662), (0.23295905, 0.6993663), (0.22990616, 0.6993663), (0.2726466, 0.702419), (0.2756995, 0.702419), (0.26959372, 0.702419), (0.26654083, 0.702419), (0.26348794, 0.70241904), (0.26043504, 0.70241904), (0.25738215, 0.70241904), (0.25432926, 0.70241904), (0.25127637, 0.70241904), (0.2482235, 0.7024191), (0.24517061, 0.7024191), (0.24211772, 0.7024191), (0.23906484, 0.7024191), (0.23601195, 0.7024191), (0.23295906, 0.70241916), (0.22990617, 0.70241916), (0.2726466, 0.7054719), (0.2756995, 0.7054719), (0.26959372, 0.7054719), (0.26654083, 0.7054719), (0.26348794, 0.70547193), (0.26043507, 0.70547193), (0.25738218, 0.70547193), (0.2543293, 0.70547193), (0.2512764, 0.70547193), (0.24822351, 0.705472), (0.24517062, 0.705472), (0.24211773, 0.705472), (0.23906486, 0.705472), (0.23601197, 0.705472), (0.23295908, 0.70547205), (0.22990619, 0.70547205), (0.27264664, 0.70852476), (0.27569953, 0.70852476), (0.26959375, 0.70852476), (0.26654086, 0.70852476), (0.26348796, 0.7085248), (0.26043507, 0.7085248), (0.25738218, 0.7085248), (0.2543293, 0.7085248), (0.2512764, 0.7085248), (0.24822353, 0.7085249), (0.24517064, 0.7085249), (0.24211775, 0.7085249), (0.23906486, 0.7085249), (0.23601198, 0.7085249), (0.23295909, 0.70852494), (0.2299062, 0.70852494), (0.27264664, 0.71157765), (0.27569953, 0.71157765), (0.26959375, 0.71157765), (0.26654086, 0.71157765), (0.26348796, 0.7115777), (0.2604351, 0.7115777), (0.2573822, 0.7115777), (0.25432932, 0.7115777), (0.25127643, 0.7115777), (0.24822353, 0.7115778), (0.24517064, 0.7115778), (0.24211776, 0.7115778), (0.23906487, 0.7115778), (0.23601198, 0.7115778), (0.23295909, 0.71157783), (0.2299062, 0.71157783), (0.27264664, 0.71463054), (0.27569953, 0.71463054), (0.26959375, 0.71463054), (0.26654086, 0.71463054), (0.26348796, 0.7146306), (0.2604351, 0.7146306), (0.2573822, 0.7146306), (0.25432932, 0.7146306), (0.25127643, 0.7146306), (0.24822354, 0.71463066), (0.24517065, 0.71463066), (0.24211776, 0.71463066), (0.23906489, 0.71463066), (0.236012, 0.71463066), (0.2329591, 0.7146307), (0.22990622, 0.7146307), (0.27264667, 0.71768343), (0.27569956, 0.71768343), (0.26959378, 0.71768343), (0.26654088, 0.71768343), (0.263488, 0.7176835), (0.2604351, 0.7176835), (0.2573822, 0.7176835), (0.25432932, 0.7176835), (0.25127646, 0.7176835), (0.24822356, 0.71768355), (0.24517067, 0.71768355), (0.24211778, 0.71768355), (0.2390649, 0.71768355), (0.23601201, 0.71768355), (0.23295912, 0.7176836), (0.22990623, 0.7176836), (0.27264667, 0.7207363), (0.27569956, 0.7207363), (0.26959378, 0.7207363), (0.26654088, 0.7207363), (0.263488, 0.7207364), (0.26043513, 0.7207364), (0.25738224, 0.7207364), (0.25432935, 0.7207364), (0.25127646, 0.7207364), (0.24822357, 0.7207364), (0.24517068, 0.72073644), (0.24211779, 0.72073644), (0.23906492, 0.72073644), (0.23601203, 0.72073644), (0.23295914, 0.72073644), (0.22990625, 0.7207365), (0.2726467, 0.72378916), (0.2756996, 0.72378916), (0.2695938, 0.72378916), (0.2665409, 0.7237892), (0.26348802, 0.7237892), (0.26043513, 0.7237892), (0.25738224, 0.7237892), (0.25432935, 0.7237893), (0.25127646, 0.7237893), (0.24822359, 0.7237893), (0.2451707, 0.7237893), (0.2421178, 0.72378933), (0.23906493, 0.72378933), (0.23601204, 0.72378933), (0.23295915, 0.72378933), (0.22990626, 0.72378933), (0.2726467, 0.72684205), (0.2756996, 0.72684205), (0.2695938, 0.72684205), (0.2665409, 0.7268421), (0.26348802, 0.7268421), (0.26043513, 0.7268421), (0.25738227, 0.7268421), (0.25432938, 0.72684216), (0.2512765, 0.72684216), (0.2482236, 0.72684216), (0.24517071, 0.72684216), (0.24211782, 0.7268422), (0.23906493, 0.7268422), (0.23601206, 0.7268422), (0.23295917, 0.7268422), (0.22990628, 0.7268422), (0.2726467, 0.72989494), (0.2756996, 0.72989494), (0.2695938, 0.72989494), (0.2665409, 0.729895), (0.26348805, 0.729895), (0.26043516, 0.729895), (0.25738227, 0.729895), (0.25432938, 0.72989506), (0.2512765, 0.72989506), (0.2482236, 0.72989506), (0.24517073, 0.72989506), (0.24211784, 0.72989506), (0.23906495, 0.7298951), (0.23601206, 0.7298951), (0.23295918, 0.7298951), (0.22990629, 0.7298951), (0.27264673, 0.7329478), (0.27569962, 0.7329478), (0.26959383, 0.7329478), (0.26654094, 0.7329479), (0.26348805, 0.7329479), (0.26043516, 0.7329479), (0.25738227, 0.7329479), (0.2543294, 0.73294795), (0.25127652, 0.73294795), (0.24822362, 0.73294795), (0.24517074, 0.73294795), (0.24211785, 0.73294795), (0.23906496, 0.732948), (0.23601207, 0.732948), (0.23295918, 0.732948), (0.2299063, 0.732948), (0.27264673, 0.7360007), (0.27569962, 0.7360007), (0.26959383, 0.7360007), (0.26654094, 0.7360008), (0.26348805, 0.7360008), (0.2604352, 0.7360008), (0.2573823, 0.7360008), (0.2543294, 0.7360008), (0.25127652, 0.73600084), (0.24822363, 0.73600084), (0.24517074, 0.73600084), (0.24211787, 0.73600084), (0.23906498, 0.7360009), (0.23601209, 0.7360009), (0.2329592, 0.7360009), (0.2299063, 0.7360009), (0.27264675, 0.7390536), (0.27569965, 0.7390536), (0.26959386, 0.7390536), (0.26654097, 0.73905367), (0.26348808, 0.73905367), (0.2604352, 0.73905367), (0.2573823, 0.73905367), (0.25432944, 0.73905367), (0.25127655, 0.7390537), (0.24822365, 0.7390537), (0.24517076, 0.7390537), (0.24211788, 0.7390537), (0.23906499, 0.7390537), (0.2360121, 0.7390538), (0.23295921, 0.7390538), (0.22990632, 0.7390538), (0.27264675, 0.7421065), (0.27569965, 0.7421065), (0.26959386, 0.7421065), (0.26654097, 0.74210656), (0.26348808, 0.74210656), (0.26043522, 0.74210656), (0.25738233, 0.74210656), (0.25432944, 0.74210656), (0.25127655, 0.7421066), (0.24822366, 0.7421066), (0.24517077, 0.7421066), (0.24211788, 0.7421066), (0.239065, 0.7421066), (0.23601212, 0.7421067), (0.23295923, 0.7421067), (0.22990634, 0.7421067), (0.27264675, 0.7451594), (0.27569965, 0.7451594), (0.26959386, 0.7451594), (0.26654097, 0.74515945), (0.2634881, 0.74515945), (0.26043522, 0.74515945), (0.25738233, 0.74515945), (0.25432944, 0.74515945), (0.25127655, 0.7451595), (0.24822366, 0.7451595), (0.24517079, 0.7451595), (0.2421179, 0.7451595), (0.239065, 0.7451595), (0.23601212, 0.74515957), (0.23295924, 0.74515957), (0.22990635, 0.74515957), (0.7244739, 0.70241725), (0.7244739, 0.70547014), (0.7244739, 0.70852304), (0.72447395, 0.7115759), (0.72447395, 0.7146288), (0.72447395, 0.7176817), (0.72447395, 0.7207346), (0.72447395, 0.7237874), (0.724474, 0.7268403), (0.724474, 0.7298932), (0.724474, 0.7329461), (0.724474, 0.735999), (0.724474, 0.7390519), (0.7244741, 0.74210477), (0.7244741, 0.74515766), (0.7275268, 0.70241725), (0.7275267, 0.69936436), (0.7275268, 0.70547014), (0.7275268, 0.70852304), (0.72752684, 0.7115759), (0.72752684, 0.7146288), (0.72752684, 0.7176817), (0.72752684, 0.7207346), (0.72752684, 0.7237874), (0.7275269, 0.7268403), (0.7275269, 0.7298932), (0.7275269, 0.7329461), (0.7275269, 0.735999), (0.7275269, 0.7390519), (0.72752696, 0.74210477), (0.72752696, 0.74515766), (0.7305796, 0.70241725), (0.7305796, 0.69936436), (0.7305797, 0.70547014), (0.7305797, 0.70852304), (0.73057973, 0.7115759), (0.73057973, 0.7146288), (0.73057973, 0.7176817), (0.73057973, 0.7207346), (0.73057973, 0.7237874), (0.7305798, 0.7268403), (0.7305798, 0.7298932), (0.7305798, 0.7329461), (0.7305798, 0.735999), (0.7305798, 0.7390519), (0.73057985, 0.74210477), (0.73057985, 0.74515766), (0.7336325, 0.7024172), (0.7336325, 0.6993643), (0.73363256, 0.7054701), (0.73363256, 0.708523), (0.73363256, 0.71157587), (0.7336326, 0.71462876), (0.7336326, 0.71768165), (0.7336326, 0.72073454), (0.7336326, 0.7237874), (0.7336327, 0.72684026), (0.7336327, 0.72989315), (0.7336327, 0.73294604), (0.7336327, 0.7359989), (0.7336327, 0.7390518), (0.73363274, 0.7421047), (0.73363274, 0.7451576), (0.7366854, 0.7024172), (0.7366854, 0.6993643), (0.73668545, 0.7054701), (0.73668545, 0.708523), (0.73668545, 0.71157587), (0.7366855, 0.71462876), (0.7366855, 0.71768165), (0.7366855, 0.72073454), (0.7366855, 0.72378737), (0.7366856, 0.72684026), (0.7366856, 0.72989315), (0.7366856, 0.73294604), (0.7366856, 0.7359989), (0.7366856, 0.7390518), (0.73668563, 0.7421047), (0.73668563, 0.7451576), (0.7397383, 0.7024172), (0.7397383, 0.6993643), (0.73973835, 0.7054701), (0.73973835, 0.708523), (0.73973835, 0.71157587), (0.73973835, 0.71462876), (0.7397384, 0.71768165), (0.7397384, 0.72073454), (0.7397384, 0.72378737), (0.7397384, 0.72684026), (0.73973846, 0.72989315), (0.73973846, 0.73294604), (0.73973846, 0.7359989), (0.73973846, 0.7390518), (0.7397385, 0.7421047), (0.7397385, 0.7451576), (0.7427912, 0.7024172), (0.7427912, 0.6993643), (0.74279124, 0.7054701), (0.74279124, 0.708523), (0.74279124, 0.71157587), (0.74279124, 0.71462876), (0.7427913, 0.71768165), (0.7427913, 0.72073454), (0.7427913, 0.72378737), (0.7427913, 0.72684026), (0.74279135, 0.72989315), (0.74279135, 0.73294604), (0.74279135, 0.7359989), (0.74279135, 0.7390518), (0.7427914, 0.7421047), (0.7427914, 0.7451576), (0.74584407, 0.7024172), (0.74584407, 0.6993643), (0.74584407, 0.7054701), (0.7458441, 0.708523), (0.7458441, 0.71157587), (0.7458441, 0.7146287), (0.7458441, 0.7176816), (0.7458442, 0.7207345), (0.7458442, 0.72378737), (0.7458442, 0.72684026), (0.7458442, 0.72989315), (0.74584424, 0.73294604), (0.74584424, 0.7359989), (0.74584424, 0.7390518), (0.74584424, 0.7421047), (0.7458443, 0.7451576), (0.74889696, 0.70241714), (0.74889696, 0.69936424), (0.74889696, 0.70547), (0.748897, 0.7085229), (0.748897, 0.7115758), (0.748897, 0.7146287), (0.748897, 0.7176816), (0.7488971, 0.7207345), (0.7488971, 0.72378737), (0.7488971, 0.72684026), (0.7488971, 0.72989315), (0.74889714, 0.73294604), (0.74889714, 0.7359989), (0.74889714, 0.73905176), (0.74889714, 0.74210465), (0.74889714, 0.74515754), (0.75194985, 0.70241714), (0.75194985, 0.69936424), (0.75194985, 0.70547), (0.7519499, 0.7085229), (0.7519499, 0.7115758), (0.7519499, 0.7146287), (0.7519499, 0.7176816), (0.75194997, 0.7207345), (0.75194997, 0.72378737), (0.75194997, 0.7268402), (0.75194997, 0.7298931), (0.75194997, 0.732946), (0.75195, 0.73599887), (0.75195, 0.73905176), (0.75195, 0.74210465), (0.75195, 0.74515754), (0.75500274, 0.70241714), (0.75500274, 0.69936424), (0.75500274, 0.70547), (0.7550028, 0.7085229), (0.7550028, 0.7115758), (0.7550028, 0.7146287), (0.7550028, 0.7176816), (0.75500286, 0.7207345), (0.75500286, 0.7237873), (0.75500286, 0.7268402), (0.75500286, 0.7298931), (0.75500286, 0.732946), (0.7550029, 0.73599887), (0.7550029, 0.73905176), (0.7550029, 0.74210465), (0.7550029, 0.74515754), (0.7580556, 0.70241714), (0.7580556, 0.69936424), (0.7580556, 0.70547), (0.7580557, 0.7085229), (0.7580557, 0.7115758), (0.7580557, 0.7146287), (0.7580557, 0.7176816), (0.75805575, 0.7207344), (0.75805575, 0.7237873), (0.75805575, 0.7268402), (0.75805575, 0.7298931), (0.75805575, 0.732946), (0.7580558, 0.73599887), (0.7580558, 0.73905176), (0.7580558, 0.74210465), (0.7580558, 0.74515754), (0.7611085, 0.70241714), (0.7611085, 0.69936424), (0.7611085, 0.70547), (0.7611086, 0.7085229), (0.7611086, 0.7115758), (0.7611086, 0.7146287), (0.7611086, 0.7176815), (0.7611086, 0.7207344), (0.76110864, 0.7237873), (0.76110864, 0.7268402), (0.76110864, 0.7298931), (0.76110864, 0.732946), (0.7611087, 0.73599887), (0.7611087, 0.73905176), (0.7611087, 0.74210465), (0.7611087, 0.74515754), (0.7641614, 0.7024171), (0.7641614, 0.6993642), (0.7641614, 0.70546997), (0.76416147, 0.70852286), (0.76416147, 0.71157575), (0.76416147, 0.71462864), (0.76416147, 0.7176815), (0.76416147, 0.7207344), (0.7641615, 0.7237873), (0.7641615, 0.7268402), (0.7641615, 0.7298931), (0.7641615, 0.732946), (0.7641615, 0.73599887), (0.7641616, 0.7390517), (0.7641616, 0.7421046), (0.7641616, 0.7451575), (0.7672143, 0.7024171), (0.7672143, 0.6993642), (0.7672143, 0.70546997), (0.76721436, 0.70852286), (0.76721436, 0.71157575), (0.76721436, 0.71462864), (0.76721436, 0.7176815), (0.76721436, 0.7207344), (0.7672144, 0.7237873), (0.7672144, 0.7268402), (0.7672144, 0.729893), (0.7672144, 0.7329459), (0.7672144, 0.7359988), (0.7672145, 0.7390517), (0.7672145, 0.7421046), (0.7672145, 0.7451575), (0.7702672, 0.7024171), (0.7702672, 0.6993642), (0.7702672, 0.70546997), (0.77026725, 0.70852286), (0.77026725, 0.71157575), (0.77026725, 0.71462864), (0.77026725, 0.7176815), (0.77026725, 0.7207344), (0.7702673, 0.72378725), (0.7702673, 0.72684014), (0.7702673, 0.729893), (0.7702673, 0.7329459), (0.7702673, 0.7359988), (0.77026737, 0.7390517), (0.77026737, 0.7421046), (0.77026737, 0.7451575), (0.7275278, 0.9724097), (0.7275271, 0.79095095), (0.7305807, 0.9724097), (0.73058, 0.79095095), (0.7336336, 0.97240967), (0.73363286, 0.7909509), (0.73668647, 0.97240967), (0.73668575, 0.7909509), (0.73973936, 0.97240967), (0.73973864, 0.7909509), (0.74279225, 0.97240967), (0.74279153, 0.7909509), (0.74584514, 0.97240967), (0.7458444, 0.7909509), (0.74889797, 0.9724096), (0.7488973, 0.7909509), (0.75195086, 0.9724096), (0.7519502, 0.79095083), (0.75500375, 0.9724096), (0.7550031, 0.79095083), (0.75805664, 0.9724096), (0.758056, 0.79095083), (0.76110953, 0.9724096), (0.7611089, 0.79095083), (0.7641624, 0.97240955), (0.76416177, 0.79095083), (0.7672153, 0.97240955), (0.76721466, 0.7909508), (0.7702682, 0.97240955), (0.77026755, 0.7909508), (0.7275271, 0.78789806), (0.72447425, 0.78789806), (0.73058, 0.78789806), (0.73363286, 0.787898), (0.73668575, 0.787898), (0.73973864, 0.787898), (0.74279153, 0.787898), (0.7458444, 0.787898), (0.7488973, 0.787898), (0.7519502, 0.78789794), (0.7550031, 0.78789794), (0.758056, 0.78789794), (0.7611089, 0.78789794), (0.76416177, 0.78789794), (0.76721466, 0.7878979), (0.77026755, 0.7878979), (0.7275271, 0.7848452), (0.7244742, 0.7848452), (0.73058, 0.7848452), (0.73363286, 0.7848451), (0.73668575, 0.7848451), (0.73973864, 0.7848451), (0.74279153, 0.7848451), (0.7458444, 0.7848451), (0.7488973, 0.7848451), (0.7519502, 0.78484505), (0.7550031, 0.78484505), (0.758056, 0.78484505), (0.7611089, 0.78484505), (0.76416177, 0.78484505), (0.76721466, 0.784845), (0.77026755, 0.784845), (0.7275271, 0.7817923), (0.7244742, 0.7817923), (0.73058, 0.7817923), (0.73363286, 0.7817922), (0.73668575, 0.7817922), (0.73973864, 0.7817922), (0.74279153, 0.7817922), (0.7458444, 0.7817922), (0.74889725, 0.7817922), (0.75195014, 0.78179216), (0.75500304, 0.78179216), (0.7580559, 0.78179216), (0.7611088, 0.78179216), (0.7641617, 0.78179216), (0.7672146, 0.7817921), (0.7702675, 0.7817921), (0.7275271, 0.7787394), (0.7244742, 0.7787394), (0.73058, 0.7787394), (0.73363286, 0.77873933), (0.73668575, 0.77873933), (0.7397386, 0.77873933), (0.7427915, 0.77873933), (0.74584436, 0.77873933), (0.74889725, 0.77873933), (0.75195014, 0.7787393), (0.75500304, 0.7787393), (0.7580559, 0.7787393), (0.7611088, 0.7787393), (0.7641617, 0.7787393), (0.7672146, 0.7787392), (0.7702675, 0.7787392), (0.7275271, 0.7756865), (0.7244742, 0.7756865), (0.73058, 0.7756865), (0.73363286, 0.77568644), (0.7366857, 0.77568644), (0.7397386, 0.77568644), (0.7427915, 0.77568644), (0.74584436, 0.77568644), (0.74889725, 0.77568644), (0.75195014, 0.7756864), (0.75500304, 0.7756864), (0.7580559, 0.7756864), (0.7611088, 0.7756864), (0.7641617, 0.7756864), (0.7672146, 0.7756863), (0.7702675, 0.7756863), (0.7275271, 0.7726336), (0.7244742, 0.7726336), (0.73058, 0.7726336), (0.73363286, 0.7726336), (0.7366857, 0.77263355), (0.7397386, 0.77263355), (0.7427915, 0.77263355), (0.74584436, 0.77263355), (0.74889725, 0.77263355), (0.75195014, 0.7726335), (0.75500304, 0.7726335), (0.7580559, 0.7726335), (0.7611088, 0.7726335), (0.7641617, 0.7726335), (0.7672146, 0.77263343), (0.7702675, 0.77263343), (0.727527, 0.7695807), (0.72447413, 0.7695807), (0.7305799, 0.7695807), (0.7336328, 0.7695807), (0.7366857, 0.76958066), (0.7397386, 0.76958066), (0.7427915, 0.76958066), (0.74584436, 0.76958066), (0.74889725, 0.76958066), (0.75195014, 0.76958066), (0.75500304, 0.7695806), (0.7580559, 0.7695806), (0.7611088, 0.7695806), (0.7641617, 0.7695806), (0.7672146, 0.7695806), (0.7702675, 0.76958054), (0.727527, 0.7665279), (0.72447413, 0.7665279), (0.7305799, 0.7665279), (0.7336328, 0.76652783), (0.7366857, 0.76652783), (0.7397386, 0.76652783), (0.7427915, 0.76652783), (0.74584436, 0.7665278), (0.74889725, 0.7665278), (0.75195014, 0.7665278), (0.75500304, 0.7665278), (0.7580559, 0.7665277), (0.76110876, 0.7665277), (0.76416165, 0.7665277), (0.76721454, 0.7665277), (0.7702674, 0.7665277), (0.727527, 0.763475), (0.72447413, 0.763475), (0.7305799, 0.763475), (0.7336328, 0.76347494), (0.7366857, 0.76347494), (0.7397386, 0.76347494), (0.7427915, 0.76347494), (0.74584436, 0.7634749), (0.7488972, 0.7634749), (0.7519501, 0.7634749), (0.755003, 0.7634749), (0.75805587, 0.7634749), (0.76110876, 0.7634748), (0.76416165, 0.7634748), (0.76721454, 0.7634748), (0.7702674, 0.7634748), (0.727527, 0.7604221), (0.72447413, 0.7604221), (0.7305799, 0.7604221), (0.7336328, 0.76042205), (0.7366857, 0.76042205), (0.7397386, 0.76042205), (0.7427915, 0.76042205), (0.7458443, 0.760422), (0.7488972, 0.760422), (0.7519501, 0.760422), (0.755003, 0.760422), (0.75805587, 0.760422), (0.76110876, 0.76042193), (0.76416165, 0.76042193), (0.76721454, 0.76042193), (0.7702674, 0.76042193), (0.727527, 0.7573692), (0.72447413, 0.7573692), (0.7305799, 0.7573692), (0.7336328, 0.75736916), (0.7366857, 0.75736916), (0.7397386, 0.75736916), (0.7427914, 0.75736916), (0.7458443, 0.7573691), (0.7488972, 0.7573691), (0.7519501, 0.7573691), (0.755003, 0.7573691), (0.75805587, 0.7573691), (0.76110876, 0.75736904), (0.76416165, 0.75736904), (0.76721454, 0.75736904), (0.7702674, 0.75736904), (0.72752696, 0.75431633), (0.7244741, 0.75431633), (0.73057985, 0.75431633), (0.73363274, 0.7543163), (0.73668563, 0.7543163), (0.7397385, 0.7543163), (0.7427914, 0.7543163), (0.7458443, 0.7543163), (0.7488972, 0.7543162), (0.7519501, 0.7543162), (0.755003, 0.7543162), (0.75805587, 0.7543162), (0.76110876, 0.75431615), (0.76416165, 0.75431615), (0.76721454, 0.75431615), (0.7702674, 0.75431615), (0.72752696, 0.75126344), (0.7244741, 0.75126344), (0.73057985, 0.75126344), (0.73363274, 0.7512634), (0.73668563, 0.7512634), (0.7397385, 0.7512634), (0.7427914, 0.7512634), (0.7458443, 0.7512634), (0.7488972, 0.7512633), (0.7519501, 0.7512633), (0.755003, 0.7512633), (0.75805587, 0.7512633), (0.76110876, 0.7512633), (0.7641616, 0.75126326), (0.7672145, 0.75126326), (0.77026737, 0.75126326), (0.72752696, 0.74821055), (0.7244741, 0.74821055), (0.73057985, 0.74821055), (0.73363274, 0.7482105), (0.73668563, 0.7482105), (0.7397385, 0.7482105), (0.7427914, 0.7482105), (0.7458443, 0.7482105), (0.7488972, 0.74821043), (0.7519501, 0.74821043), (0.7550029, 0.74821043), (0.7580558, 0.74821043), (0.7611087, 0.74821043), (0.7641616, 0.7482104), (0.7672145, 0.7482104), (0.77026737, 0.7482104), (0.27569982, 0.78789985), (0.27569982, 0.78484696), (0.2756998, 0.7817941), (0.2756998, 0.7787412), (0.27569976, 0.7756883), (0.27569976, 0.7726354), (0.27569976, 0.7695825), (0.27569973, 0.7665296), (0.27569973, 0.7634767), (0.2756997, 0.76042384), (0.2756997, 0.75737095), (0.2756997, 0.75431806), (0.27569968, 0.75126517), (0.27569968, 0.7482123), (0.27264693, 0.78789985), (0.27264693, 0.79095274), (0.27264693, 0.78484696), (0.2726469, 0.7817941), (0.2726469, 0.7787412), (0.27264687, 0.7756883), (0.27264687, 0.7726354), (0.27264687, 0.7695825), (0.27264684, 0.7665296), (0.27264684, 0.7634767), (0.2726468, 0.76042384), (0.2726468, 0.75737095), (0.2726468, 0.75431806), (0.27264678, 0.75126517), (0.27264678, 0.7482123), (0.26959404, 0.78789985), (0.26959404, 0.79095274), (0.26959404, 0.78484696), (0.269594, 0.7817941), (0.269594, 0.7787412), (0.26959398, 0.7756883), (0.26959398, 0.7726354), (0.26959398, 0.7695825), (0.26959395, 0.7665296), (0.26959395, 0.7634767), (0.26959392, 0.76042384), (0.26959392, 0.75737095), (0.26959392, 0.75431806), (0.2695939, 0.75126517), (0.2695939, 0.7482123), (0.26654115, 0.78789985), (0.26654115, 0.79095274), (0.26654115, 0.78484696), (0.26654112, 0.7817941), (0.26654112, 0.7787412), (0.2665411, 0.7756883), (0.2665411, 0.7726354), (0.2665411, 0.7695825), (0.26654106, 0.7665297), (0.26654106, 0.7634768), (0.26654103, 0.7604239), (0.26654103, 0.757371), (0.26654103, 0.7543181), (0.266541, 0.7512652), (0.266541, 0.74821234), (0.26348826, 0.78789985), (0.26348826, 0.79095274), (0.26348826, 0.78484696), (0.26348823, 0.7817941), (0.26348823, 0.7787412), (0.2634882, 0.77568835), (0.2634882, 0.77263546), (0.2634882, 0.76958257), (0.26348817, 0.7665297), (0.26348817, 0.7634768), (0.26348817, 0.7604239), (0.26348814, 0.757371), (0.26348814, 0.7543181), (0.2634881, 0.7512652), (0.2634881, 0.74821234), (0.2604354, 0.7878999), (0.2604354, 0.7909528), (0.26043537, 0.784847), (0.26043537, 0.78179413), (0.26043534, 0.77874124), (0.26043534, 0.77568835), (0.26043534, 0.77263546), (0.2604353, 0.76958257), (0.2604353, 0.7665297), (0.26043528, 0.7634768), (0.26043528, 0.7604239), (0.26043528, 0.757371), (0.26043525, 0.7543181), (0.26043525, 0.7512652), (0.26043522, 0.74821234), (0.2573825, 0.7878999), (0.2573825, 0.7909528), (0.25738248, 0.784847), (0.25738248, 0.78179413), (0.25738245, 0.77874124), (0.25738245, 0.77568835), (0.25738245, 0.77263546), (0.25738242, 0.76958257), (0.25738242, 0.7665297), (0.2573824, 0.7634768), (0.2573824, 0.7604239), (0.2573824, 0.757371), (0.25738236, 0.7543181), (0.25738236, 0.7512652), (0.25738236, 0.74821234), (0.25432962, 0.7878999), (0.25432962, 0.7909528), (0.2543296, 0.784847), (0.2543296, 0.78179413), (0.25432956, 0.77874124), (0.25432956, 0.77568835), (0.25432956, 0.77263546), (0.25432953, 0.76958257), (0.25432953, 0.7665297), (0.25432953, 0.7634768), (0.2543295, 0.7604239), (0.2543295, 0.757371), (0.25432947, 0.7543181), (0.25432947, 0.7512652), (0.25432947, 0.74821234), (0.25127673, 0.7878999), (0.25127673, 0.7909528), (0.2512767, 0.784847), (0.2512767, 0.78179413), (0.2512767, 0.77874124), (0.25127667, 0.77568835), (0.25127667, 0.77263546), (0.25127664, 0.76958257), (0.25127664, 0.7665297), (0.25127664, 0.7634768), (0.2512766, 0.7604239), (0.2512766, 0.757371), (0.2512766, 0.7543182), (0.25127658, 0.7512653), (0.25127658, 0.7482124), (0.24822383, 0.7878999), (0.24822384, 0.7909528), (0.24822383, 0.784847), (0.24822381, 0.78179413), (0.2482238, 0.77874124), (0.24822378, 0.77568835), (0.24822378, 0.77263546), (0.24822377, 0.76958257), (0.24822375, 0.76652974), (0.24822374, 0.76347685), (0.24822372, 0.76042396), (0.24822372, 0.75737107), (0.2482237, 0.7543182), (0.24822369, 0.7512653), (0.24822369, 0.7482124), (0.24517094, 0.7878999), (0.24517095, 0.7909528), (0.24517094, 0.784847), (0.24517092, 0.78179413), (0.2451709, 0.77874124), (0.24517089, 0.77568835), (0.24517089, 0.77263546), (0.24517088, 0.7695826), (0.24517086, 0.76652974), (0.24517085, 0.76347685), (0.24517085, 0.76042396), (0.24517083, 0.75737107), (0.24517082, 0.7543182), (0.2451708, 0.7512653), (0.2451708, 0.7482124), (0.24211805, 0.7879), (0.24211806, 0.79095286), (0.24211805, 0.7848471), (0.24211803, 0.7817942), (0.24211802, 0.7787413), (0.242118, 0.7756884), (0.242118, 0.7726355), (0.24211799, 0.7695826), (0.24211797, 0.76652974), (0.24211797, 0.76347685), (0.24211796, 0.76042396), (0.24211794, 0.75737107), (0.24211794, 0.7543182), (0.24211793, 0.7512653), (0.24211791, 0.7482124), (0.23906517, 0.7879), (0.23906519, 0.79095286), (0.23906516, 0.7848471), (0.23906516, 0.7817942), (0.23906514, 0.7787413), (0.23906513, 0.7756884), (0.23906511, 0.7726355), (0.23906511, 0.7695826), (0.2390651, 0.76652974), (0.23906508, 0.76347685), (0.23906507, 0.76042396), (0.23906505, 0.75737107), (0.23906505, 0.7543182), (0.23906504, 0.7512653), (0.23906502, 0.7482124), (0.23601228, 0.7879), (0.2360123, 0.79095286), (0.23601227, 0.7848471), (0.23601227, 0.7817942), (0.23601225, 0.7787413), (0.23601224, 0.7756884), (0.23601222, 0.7726355), (0.23601222, 0.7695826), (0.2360122, 0.76652974), (0.23601219, 0.76347685), (0.23601218, 0.76042396), (0.23601218, 0.75737107), (0.23601216, 0.7543182), (0.23601215, 0.75126535), (0.23601213, 0.74821246), (0.23295939, 0.7879), (0.2329594, 0.79095286), (0.23295939, 0.7848471), (0.23295937, 0.7817942), (0.23295936, 0.7787413), (0.23295934, 0.7756884), (0.23295934, 0.7726355), (0.23295933, 0.7695826), (0.23295932, 0.76652974), (0.2329593, 0.76347685), (0.2329593, 0.760424), (0.23295929, 0.7573711), (0.23295927, 0.75431824), (0.23295926, 0.75126535), (0.23295926, 0.74821246), (0.2299065, 0.7879), (0.22990651, 0.79095286), (0.2299065, 0.7848471), (0.22990648, 0.7817942), (0.22990647, 0.7787413), (0.22990645, 0.7756884), (0.22990645, 0.7726355), (0.22990644, 0.7695826), (0.22990642, 0.7665298), (0.22990641, 0.7634769), (0.22990641, 0.760424), (0.2299064, 0.7573711), (0.22990638, 0.75431824), (0.22990637, 0.75126535), (0.22990637, 0.74821246), (0.22990718, 0.9724117), (0.002654043, 0.7024201), (0.18411285, 0.70241934), (0.0026540558, 0.705473), (0.18411286, 0.70547223), (0.0026540684, 0.7085259), (0.18411288, 0.7085251), (0.0026540812, 0.7115788), (0.18411289, 0.711578), (0.002654094, 0.7146317), (0.1841129, 0.7146309), (0.0026541068, 0.71768457), (0.18411292, 0.7176838), (0.0026541196, 0.72073746), (0.18411292, 0.7207367), (0.0026541322, 0.7237903), (0.18411294, 0.7237896), (0.002654145, 0.7268432), (0.18411295, 0.72684246), (0.0026541578, 0.72989607), (0.18411297, 0.7298953), (0.0026541706, 0.73294896), (0.18411298, 0.7329482), (0.0026541834, 0.73600185), (0.184113, 0.7360011), (0.002654196, 0.73905474), (0.18411301, 0.73905396), (0.0026542088, 0.7421076), (0.18411301, 0.74210685), (0.0026542216, 0.7451605), (0.18411303, 0.74515975), (0.18716574, 0.70241934), (0.18716572, 0.69936645), (0.18716575, 0.70547223), (0.18716577, 0.7085251), (0.18716578, 0.711578), (0.1871658, 0.7146309), (0.18716581, 0.7176838), (0.18716581, 0.7207367), (0.18716583, 0.7237896), (0.18716584, 0.72684246), (0.18716586, 0.7298953), (0.18716587, 0.7329482), (0.18716589, 0.7360011), (0.1871659, 0.73905396), (0.1871659, 0.74210685), (0.18716592, 0.74515975), (0.19021863, 0.70241934), (0.19021861, 0.69936645), (0.19021864, 0.70547223), (0.19021866, 0.7085251), (0.19021867, 0.711578), (0.19021869, 0.7146309), (0.1902187, 0.7176838), (0.1902187, 0.7207367), (0.19021872, 0.7237896), (0.19021873, 0.7268424), (0.19021875, 0.7298953), (0.19021876, 0.7329482), (0.19021878, 0.7360011), (0.19021879, 0.73905396), (0.19021879, 0.74210685), (0.1902188, 0.74515975), (0.19327152, 0.7024193), (0.1932715, 0.6993664), (0.19327153, 0.7054722), (0.19327155, 0.70852506), (0.19327155, 0.71157795), (0.19327156, 0.71463084), (0.19327158, 0.71768373), (0.19327159, 0.7207366), (0.1932716, 0.7237895), (0.19327162, 0.7268424), (0.19327164, 0.72989523), (0.19327165, 0.7329481), (0.19327165, 0.736001), (0.19327167, 0.7390539), (0.19327168, 0.7421068), (0.1932717, 0.7451597), (0.19632441, 0.7024193), (0.1963244, 0.6993664), (0.19632442, 0.7054722), (0.19632442, 0.70852506), (0.19632444, 0.71157795), (0.19632445, 0.71463084), (0.19632447, 0.71768373), (0.19632448, 0.7207366), (0.1963245, 0.7237895), (0.1963245, 0.7268424), (0.19632451, 0.72989523), (0.19632453, 0.7329481), (0.19632454, 0.736001), (0.19632456, 0.7390539), (0.19632457, 0.7421068), (0.19632457, 0.7451597), (0.19937728, 0.7024193), (0.19937727, 0.6993664), (0.1993773, 0.7054722), (0.19937731, 0.70852506), (0.19937733, 0.71157795), (0.19937734, 0.71463084), (0.19937736, 0.71768373), (0.19937736, 0.7207366), (0.19937737, 0.7237895), (0.19937739, 0.7268424), (0.1993774, 0.72989523), (0.19937742, 0.7329481), (0.19937743, 0.736001), (0.19937745, 0.7390539), (0.19937745, 0.7421068), (0.19937746, 0.7451597), (0.20243017, 0.7024193), (0.20243016, 0.6993664), (0.20243019, 0.7054722), (0.2024302, 0.70852506), (0.20243022, 0.71157795), (0.20243023, 0.71463084), (0.20243025, 0.71768373), (0.20243025, 0.7207366), (0.20243026, 0.7237895), (0.20243028, 0.72684234), (0.2024303, 0.72989523), (0.20243031, 0.7329481), (0.20243032, 0.736001), (0.20243034, 0.7390539), (0.20243034, 0.7421068), (0.20243035, 0.7451597), (0.20548306, 0.7024193), (0.20548305, 0.6993664), (0.20548308, 0.7054722), (0.2054831, 0.70852506), (0.20548311, 0.71157795), (0.20548312, 0.71463084), (0.20548312, 0.7176837), (0.20548314, 0.72073656), (0.20548315, 0.72378945), (0.20548317, 0.72684234), (0.20548318, 0.72989523), (0.2054832, 0.7329481), (0.20548321, 0.736001), (0.20548323, 0.7390539), (0.20548323, 0.7421068), (0.20548324, 0.7451597), (0.20853595, 0.7024192), (0.20853594, 0.69936633), (0.20853597, 0.7054721), (0.20853598, 0.708525), (0.208536, 0.7115779), (0.208536, 0.7146308), (0.20853601, 0.7176837), (0.20853603, 0.72073656), (0.20853604, 0.72378945), (0.20853606, 0.72684234), (0.20853607, 0.72989523), (0.20853609, 0.7329481), (0.2085361, 0.736001), (0.20853612, 0.73905385), (0.20853612, 0.74210674), (0.20853613, 0.7451596), (0.21158884, 0.7024192), (0.21158883, 0.69936633), (0.21158886, 0.7054721), (0.21158887, 0.708525), (0.21158887, 0.7115779), (0.21158889, 0.7146308), (0.2115889, 0.7176837), (0.21158892, 0.72073656), (0.21158893, 0.72378945), (0.21158895, 0.72684234), (0.21158896, 0.7298952), (0.21158898, 0.73294806), (0.21158898, 0.73600096), (0.211589, 0.73905385), (0.21158901, 0.74210674), (0.21158902, 0.7451596), (0.21464173, 0.7024192), (0.21464172, 0.69936633), (0.21464175, 0.7054721), (0.21464176, 0.708525), (0.21464176, 0.7115779), (0.21464178, 0.7146308), (0.2146418, 0.7176837), (0.21464181, 0.72073656), (0.21464182, 0.72378945), (0.21464184, 0.7268423), (0.21464184, 0.7298952), (0.21464185, 0.73294806), (0.21464187, 0.73600096), (0.21464188, 0.73905385), (0.2146419, 0.74210674), (0.21464191, 0.7451596), (0.21769463, 0.7024192), (0.21769461, 0.69936633), (0.21769464, 0.7054721), (0.21769466, 0.708525), (0.21769466, 0.7115779), (0.21769467, 0.7146308), (0.21769468, 0.7176837), (0.2176947, 0.7207365), (0.21769471, 0.7237894), (0.21769473, 0.7268423), (0.21769473, 0.7298952), (0.21769474, 0.73294806), (0.21769476, 0.73600096), (0.21769477, 0.73905385), (0.21769479, 0.74210674), (0.2176948, 0.7451596), (0.22074752, 0.7024192), (0.2207475, 0.69936633), (0.22074753, 0.7054721), (0.22074753, 0.708525), (0.22074755, 0.7115779), (0.22074756, 0.7146308), (0.22074758, 0.7176836), (0.22074759, 0.7207365), (0.2207476, 0.7237894), (0.2207476, 0.7268423), (0.22074762, 0.7298952), (0.22074763, 0.73294806), (0.22074765, 0.73600096), (0.22074766, 0.73905385), (0.22074768, 0.74210674), (0.22074768, 0.7451596), (0.22380039, 0.70241916), (0.22380038, 0.6993663), (0.2238004, 0.70547205), (0.22380042, 0.70852494), (0.22380044, 0.71157783), (0.22380044, 0.7146307), (0.22380045, 0.7176836), (0.22380047, 0.7207365), (0.22380048, 0.7237894), (0.2238005, 0.7268423), (0.22380051, 0.7298952), (0.22380053, 0.73294806), (0.22380054, 0.73600096), (0.22380055, 0.73905385), (0.22380055, 0.7421067), (0.22380057, 0.74515957), (0.22685328, 0.70241916), (0.22685327, 0.6993663), (0.2268533, 0.70547205), (0.22685331, 0.70852494), (0.22685333, 0.71157783), (0.22685333, 0.7146307), (0.22685334, 0.7176836), (0.22685336, 0.7207365), (0.22685337, 0.7237894), (0.22685339, 0.7268423), (0.2268534, 0.7298951), (0.22685342, 0.732948), (0.22685343, 0.7360009), (0.22685343, 0.7390538), (0.22685345, 0.7421067), (0.22685346, 0.74515957), (0.18716395, 0.27742696), (0.19021684, 0.27742693), (0.19326973, 0.27742693), (0.19632262, 0.2774269), (0.19937551, 0.2774269), (0.2024284, 0.2774269), (0.20548128, 0.27742687), (0.20853417, 0.27742687), (0.21158706, 0.27742684), (0.21463995, 0.27742684), (0.21769284, 0.2774268), (0.22074573, 0.2774268), (0.22379862, 0.2774268), (0.22685151, 0.27742678), (0.18716395, 0.27437407), (0.18411106, 0.27437407), (0.19021682, 0.27437404), (0.19326971, 0.27437404), (0.1963226, 0.274374), (0.1993755, 0.274374), (0.20242839, 0.274374), (0.20548126, 0.27437398), (0.20853415, 0.27437398), (0.21158704, 0.27437395), (0.21463993, 0.27437395), (0.21769282, 0.27437392), (0.22074571, 0.27437392), (0.2237986, 0.27437392), (0.2268515, 0.2743739), (0.18716393, 0.27132118), (0.18411104, 0.27132118), (0.19021682, 0.27132115), (0.1932697, 0.27132115), (0.19632259, 0.27132112), (0.19937548, 0.27132112), (0.20242837, 0.27132112), (0.20548126, 0.2713211), (0.20853414, 0.2713211), (0.21158703, 0.27132106), (0.21463992, 0.27132106), (0.2176928, 0.27132103), (0.2207457, 0.27132103), (0.22379859, 0.27132103), (0.22685148, 0.271321), (0.18716392, 0.2682683), (0.18411103, 0.2682683), (0.19021681, 0.26826826), (0.1932697, 0.26826826), (0.19632259, 0.26826823), (0.19937547, 0.26826823), (0.20242836, 0.26826823), (0.20548125, 0.2682682), (0.20853414, 0.2682682), (0.21158703, 0.26826817), (0.21463992, 0.26826817), (0.2176928, 0.26826814), (0.22074568, 0.26826814), (0.22379857, 0.26826814), (0.22685146, 0.2682681), (0.1871639, 0.2652154), (0.18411101, 0.2652154), (0.1902168, 0.26521537), (0.19326968, 0.26521537), (0.19632258, 0.26521534), (0.19937547, 0.26521534), (0.20242836, 0.26521534), (0.20548123, 0.2652153), (0.20853412, 0.2652153), (0.21158701, 0.2652153), (0.2146399, 0.26521528), (0.21769279, 0.26521528), (0.22074568, 0.26521525), (0.22379857, 0.26521525), (0.22685146, 0.26521525), (0.18716389, 0.26216254), (0.184111, 0.26216254), (0.19021678, 0.2621625), (0.19326967, 0.2621625), (0.19632256, 0.26216248), (0.19937545, 0.26216248), (0.20242834, 0.26216245), (0.20548122, 0.26216245), (0.2085341, 0.26216242), (0.211587, 0.26216242), (0.21463989, 0.26216242), (0.21769278, 0.2621624), (0.22074567, 0.2621624), (0.22379856, 0.26216236), (0.22685145, 0.26216236), (0.18716387, 0.25910965), (0.18411098, 0.25910965), (0.19021676, 0.25910962), (0.19326966, 0.25910962), (0.19632255, 0.2591096), (0.19937544, 0.2591096), (0.20242833, 0.25910956), (0.2054812, 0.25910956), (0.20853409, 0.25910956), (0.21158698, 0.25910953), (0.21463987, 0.25910953), (0.21769276, 0.2591095), (0.22074565, 0.2591095), (0.22379854, 0.2591095), (0.22685143, 0.25910947), (0.18716387, 0.25605676), (0.18411098, 0.25605676), (0.19021676, 0.25605673), (0.19326966, 0.25605673), (0.19632253, 0.2560567), (0.19937542, 0.2560567), (0.20242831, 0.25605667), (0.2054812, 0.25605667), (0.20853409, 0.25605667), (0.21158697, 0.25605664), (0.21463986, 0.25605664), (0.21769275, 0.2560566), (0.22074564, 0.2560566), (0.22379853, 0.2560566), (0.22685142, 0.25605658), (0.18716386, 0.25300387), (0.18411097, 0.25300387), (0.19021675, 0.25300384), (0.19326964, 0.25300384), (0.19632252, 0.2530038), (0.1993754, 0.2530038), (0.2024283, 0.2530038), (0.20548119, 0.25300378), (0.20853408, 0.25300378), (0.21158697, 0.25300375), (0.21463986, 0.25300375), (0.21769273, 0.25300372), (0.22074562, 0.25300372), (0.22379851, 0.25300372), (0.2268514, 0.2530037), (0.18716384, 0.24995096), (0.18411095, 0.24995098), (0.19021674, 0.24995095), (0.19326963, 0.24995095), (0.19632252, 0.24995093), (0.19937539, 0.24995092), (0.20242828, 0.2499509), (0.20548117, 0.24995089), (0.20853406, 0.24995087), (0.21158695, 0.24995086), (0.21463984, 0.24995086), (0.21769273, 0.24995084), (0.22074561, 0.24995083), (0.2237985, 0.24995083), (0.22685139, 0.2499508), (0.18716383, 0.24689807), (0.18411094, 0.24689808), (0.19021672, 0.24689806), (0.19326961, 0.24689806), (0.1963225, 0.24689804), (0.19937538, 0.24689803), (0.20242827, 0.24689801), (0.20548116, 0.246898), (0.20853405, 0.246898), (0.21158694, 0.24689798), (0.21463983, 0.24689797), (0.21769272, 0.24689795), (0.22074561, 0.24689794), (0.2237985, 0.24689794), (0.22685137, 0.24689792), (0.18716381, 0.24384518), (0.18411092, 0.2438452), (0.1902167, 0.24384516), (0.1932696, 0.24384516), (0.19632249, 0.24384515), (0.19937538, 0.24384513), (0.20242825, 0.24384512), (0.20548114, 0.2438451), (0.20853403, 0.2438451), (0.21158692, 0.24384509), (0.21463981, 0.24384508), (0.2176927, 0.24384506), (0.2207456, 0.24384505), (0.22379848, 0.24384505), (0.22685137, 0.24384503), (0.18716381, 0.24079229), (0.18411092, 0.2407923), (0.1902167, 0.24079227), (0.19326958, 0.24079227), (0.19632247, 0.24079226), (0.19937536, 0.24079224), (0.20242825, 0.24079223), (0.20548114, 0.24079223), (0.20853403, 0.24079221), (0.21158691, 0.2407922), (0.2146398, 0.24079219), (0.21769269, 0.24079217), (0.22074558, 0.24079217), (0.22379847, 0.24079216), (0.22685136, 0.24079214), (0.1871638, 0.23773941), (0.18411091, 0.23773943), (0.19021669, 0.2377394), (0.19326958, 0.2377394), (0.19632246, 0.23773938), (0.19937535, 0.23773937), (0.20242824, 0.23773935), (0.20548113, 0.23773934), (0.20853402, 0.23773932), (0.21158691, 0.23773931), (0.21463978, 0.23773931), (0.21769267, 0.2377393), (0.22074556, 0.23773928), (0.22379845, 0.23773926), (0.22685134, 0.23773925), (0.18716379, 0.23468652), (0.1841109, 0.23468654), (0.19021668, 0.23468651), (0.19326957, 0.23468651), (0.19632244, 0.2346865), (0.19937533, 0.23468648), (0.20242822, 0.23468646), (0.20548111, 0.23468645), (0.208534, 0.23468643), (0.2115869, 0.23468643), (0.21463978, 0.23468642), (0.21769266, 0.2346864), (0.22074555, 0.23468639), (0.22379844, 0.23468637), (0.22685133, 0.23468637), (0.18716377, 0.23163363), (0.18411088, 0.23163365), (0.19021666, 0.23163362), (0.19326955, 0.23163362), (0.19632243, 0.2316336), (0.19937532, 0.23163359), (0.2024282, 0.23163357), (0.2054811, 0.23163356), (0.20853399, 0.23163356), (0.21158688, 0.23163354), (0.21463977, 0.23163353), (0.21769266, 0.23163351), (0.22074553, 0.2316335), (0.22379842, 0.2316335), (0.22685131, 0.23163348), (0.0026520758, 0.23163436), (0.2726438, 0.0043813004), (0.27264446, 0.18584001), (0.2695909, 0.0043813125), (0.26959157, 0.18584003), (0.26653802, 0.0043813246), (0.26653868, 0.18584004), (0.26348513, 0.0043813367), (0.2634858, 0.18584006), (0.26043224, 0.004381349), (0.2604329, 0.18584006), (0.25737935, 0.004381361), (0.25738004, 0.18584007), (0.25432646, 0.004381373), (0.25432715, 0.18584009), (0.2512736, 0.004381385), (0.25127426, 0.1858401), (0.2482207, 0.0043813973), (0.24822137, 0.1858401), (0.2451678, 0.0043814094), (0.24516848, 0.18584011), (0.24211492, 0.0043814215), (0.24211559, 0.18584013), (0.23906204, 0.0043814336), (0.2390627, 0.18584014), (0.23600915, 0.0043814457), (0.2360098, 0.18584014), (0.23295626, 0.004381458), (0.23295693, 0.18584016), (0.22990337, 0.00438147), (0.22990404, 0.18584017), (0.27264446, 0.1888929), (0.27569735, 0.1888929), (0.26959157, 0.18889292), (0.26653868, 0.18889293), (0.2634858, 0.18889295), (0.2604329, 0.18889295), (0.25738004, 0.18889296), (0.25432715, 0.18889298), (0.25127426, 0.18889299), (0.24822138, 0.18889299), (0.24516849, 0.188893), (0.2421156, 0.18889302), (0.23906271, 0.18889304), (0.23600982, 0.18889304), (0.23295695, 0.18889305), (0.22990406, 0.18889306), (0.2726445, 0.19194579), (0.27569738, 0.19194578), (0.2695916, 0.19194579), (0.2665387, 0.1919458), (0.26348582, 0.19194582), (0.26043293, 0.19194584), (0.25738007, 0.19194584), (0.25432718, 0.19194585), (0.2512743, 0.19194587), (0.24822138, 0.19194588), (0.24516849, 0.19194588), (0.24211562, 0.1919459), (0.23906273, 0.19194591), (0.23600984, 0.19194593), (0.23295695, 0.19194593), (0.22990406, 0.19194594), (0.2726445, 0.19499868), (0.27569738, 0.19499867), (0.2695916, 0.19499868), (0.2665387, 0.1949987), (0.26348582, 0.19499871), (0.26043293, 0.19499871), (0.25738007, 0.19499873), (0.25432718, 0.19499874), (0.2512743, 0.19499876), (0.2482214, 0.19499876), (0.2451685, 0.19499877), (0.24211562, 0.19499879), (0.23906273, 0.1949988), (0.23600984, 0.1949988), (0.23295696, 0.19499882), (0.22990407, 0.19499883), (0.27264452, 0.19805157), (0.2756974, 0.19805156), (0.26959163, 0.19805157), (0.26653874, 0.19805159), (0.26348585, 0.1980516), (0.26043296, 0.1980516), (0.25738007, 0.19805162), (0.25432718, 0.19805163), (0.2512743, 0.19805165), (0.24822141, 0.19805165), (0.24516852, 0.19805166), (0.24211563, 0.19805168), (0.23906274, 0.19805169), (0.23600985, 0.19805169), (0.23295698, 0.1980517), (0.22990409, 0.19805172), (0.27264452, 0.20110445), (0.2756974, 0.20110443), (0.26959163, 0.20110446), (0.26653874, 0.20110446), (0.26348585, 0.20110448), (0.26043296, 0.20110449), (0.2573801, 0.2011045), (0.2543272, 0.20110452), (0.25127432, 0.20110452), (0.24822143, 0.20110454), (0.24516854, 0.20110455), (0.24211565, 0.20110457), (0.23906276, 0.20110458), (0.23600987, 0.20110458), (0.23295699, 0.2011046), (0.2299041, 0.20110461), (0.27264452, 0.20415734), (0.2756974, 0.20415732), (0.26959163, 0.20415734), (0.26653874, 0.20415735), (0.26348585, 0.20415737), (0.260433, 0.20415738), (0.2573801, 0.20415738), (0.2543272, 0.2041574), (0.25127432, 0.20415741), (0.24822143, 0.20415743), (0.24516854, 0.20415743), (0.24211565, 0.20415744), (0.23906277, 0.20415746), (0.23600988, 0.20415747), (0.23295699, 0.20415747), (0.2299041, 0.20415749), (0.27264455, 0.20721023), (0.27569744, 0.20721021), (0.26959166, 0.20721023), (0.26653877, 0.20721024), (0.26348588, 0.20721026), (0.260433, 0.20721027), (0.2573801, 0.20721027), (0.2543272, 0.20721029), (0.25127435, 0.2072103), (0.24822144, 0.2072103), (0.24516855, 0.20721032), (0.24211566, 0.20721033), (0.23906277, 0.20721035), (0.23600988, 0.20721035), (0.232957, 0.20721036), (0.22990412, 0.20721038), (0.27264455, 0.21026312), (0.27569744, 0.2102631), (0.26959166, 0.21026312), (0.26653877, 0.21026313), (0.26348588, 0.21026315), (0.260433, 0.21026315), (0.25738013, 0.21026316), (0.25432724, 0.21026318), (0.25127435, 0.2102632), (0.24822146, 0.2102632), (0.24516857, 0.21026321), (0.24211568, 0.21026322), (0.23906279, 0.21026324), (0.2360099, 0.21026324), (0.23295702, 0.21026325), (0.22990413, 0.21026327), (0.27264455, 0.213316), (0.27569744, 0.21331598), (0.26959166, 0.21331601), (0.26653877, 0.21331601), (0.26348588, 0.21331602), (0.26043302, 0.21331604), (0.25738013, 0.21331605), (0.25432724, 0.21331605), (0.25127435, 0.21331607), (0.24822146, 0.21331608), (0.24516858, 0.2133161), (0.24211569, 0.21331611), (0.2390628, 0.21331611), (0.23600991, 0.21331613), (0.23295702, 0.21331614), (0.22990415, 0.21331616), (0.27264458, 0.21636888), (0.27569747, 0.21636887), (0.2695917, 0.21636888), (0.2665388, 0.2163689), (0.2634859, 0.21636891), (0.26043302, 0.21636893), (0.25738013, 0.21636893), (0.25432727, 0.21636894), (0.25127438, 0.21636896), (0.24822147, 0.21636897), (0.24516858, 0.21636897), (0.2421157, 0.21636899), (0.23906282, 0.216369), (0.23600993, 0.21636902), (0.23295704, 0.21636902), (0.22990415, 0.21636903), (0.27264458, 0.21942177), (0.27569747, 0.21942176), (0.2695917, 0.21942177), (0.2665388, 0.21942179), (0.2634859, 0.2194218), (0.26043305, 0.21942182), (0.25738016, 0.21942182), (0.25432727, 0.21942183), (0.25127438, 0.21942185), (0.24822149, 0.21942186), (0.2451686, 0.21942186), (0.2421157, 0.21942188), (0.23906282, 0.2194219), (0.23600994, 0.2194219), (0.23295705, 0.21942191), (0.22990416, 0.21942192), (0.2726446, 0.22247465), (0.2756975, 0.22247463), (0.26959172, 0.22247466), (0.26653883, 0.22247466), (0.26348594, 0.22247468), (0.26043305, 0.2224747), (0.25738016, 0.22247471), (0.25432727, 0.22247472), (0.25127438, 0.22247472), (0.2482215, 0.22247474), (0.24516861, 0.22247475), (0.24211572, 0.22247477), (0.23906283, 0.22247477), (0.23600994, 0.22247478), (0.23295707, 0.2224748), (0.22990417, 0.22247481), (0.2726446, 0.22552754), (0.2756975, 0.22552752), (0.26959172, 0.22552755), (0.26653883, 0.22552755), (0.26348594, 0.22552757), (0.26043305, 0.22552758), (0.2573802, 0.2255276), (0.2543273, 0.2255276), (0.2512744, 0.22552761), (0.24822152, 0.22552763), (0.24516863, 0.22552764), (0.24211574, 0.22552764), (0.23906285, 0.22552766), (0.23600996, 0.22552767), (0.23295707, 0.22552769), (0.22990419, 0.2255277), (0.2726446, 0.22858043), (0.2756975, 0.22858042), (0.26959172, 0.22858043), (0.26653883, 0.22858045), (0.26348594, 0.22858046), (0.26043308, 0.22858047), (0.2573802, 0.22858047), (0.2543273, 0.22858049), (0.2512744, 0.2285805), (0.24822152, 0.22858052), (0.24516863, 0.22858052), (0.24211574, 0.22858053), (0.23906286, 0.22858055), (0.23600997, 0.22858056), (0.23295708, 0.22858056), (0.22990419, 0.22858058), (0.72447187, 0.1888912), (0.72447187, 0.19194409), (0.72447187, 0.19499697), (0.7244719, 0.19804986), (0.7244719, 0.20110275), (0.7244719, 0.20415564), (0.7244719, 0.20720851), (0.7244719, 0.2102614), (0.7244719, 0.2133143), (0.724472, 0.21636719), (0.724472, 0.21942006), (0.724472, 0.22247295), (0.724472, 0.22552584), (0.724472, 0.22857873), (0.72752476, 0.18889117), (0.7275247, 0.18583828), (0.72752476, 0.19194408), (0.72752476, 0.19499695), (0.7275248, 0.19804984), (0.7275248, 0.20110273), (0.7275248, 0.20415562), (0.7275248, 0.2072085), (0.7275248, 0.21026139), (0.7275248, 0.21331428), (0.7275249, 0.21636717), (0.7275249, 0.21942005), (0.7275249, 0.22247294), (0.7275249, 0.22552583), (0.7275249, 0.22857872), (0.7305776, 0.18889116), (0.7305776, 0.18583827), (0.73057765, 0.19194406), (0.73057765, 0.19499694), (0.7305777, 0.19804983), (0.7305777, 0.20110272), (0.7305777, 0.20415561), (0.7305777, 0.20720848), (0.7305777, 0.21026137), (0.7305777, 0.21331427), (0.73057777, 0.21636716), (0.73057777, 0.21942003), (0.73057777, 0.22247292), (0.73057777, 0.22552581), (0.73057777, 0.2285787), (0.7336305, 0.18889114), (0.7336305, 0.18583825), (0.73363054, 0.19194403), (0.73363054, 0.19499692), (0.73363054, 0.19804981), (0.7336306, 0.2011027), (0.7336306, 0.2041556), (0.7336306, 0.20720848), (0.7336306, 0.21026137), (0.7336306, 0.21331425), (0.73363066, 0.21636714), (0.73363066, 0.21942003), (0.73363066, 0.22247292), (0.73363066, 0.22552581), (0.73363066, 0.2285787), (0.73668337, 0.18889114), (0.73668337, 0.18583825), (0.7366834, 0.19194403), (0.7366834, 0.19499692), (0.7366834, 0.19804981), (0.7366835, 0.20110269), (0.7366835, 0.20415558), (0.7366835, 0.20720847), (0.7366835, 0.21026136), (0.7366835, 0.21331425), (0.73668355, 0.21636714), (0.73668355, 0.21942002), (0.73668355, 0.2224729), (0.73668355, 0.2255258), (0.73668355, 0.22857869), (0.73973626, 0.18889113), (0.73973626, 0.18583824), (0.7397363, 0.19194402), (0.7397363, 0.19499691), (0.7397363, 0.1980498), (0.7397363, 0.20110269), (0.7397364, 0.20415556), (0.7397364, 0.20720845), (0.7397364, 0.21026134), (0.7397364, 0.21331424), (0.73973644, 0.21636713), (0.73973644, 0.21942), (0.73973644, 0.22247289), (0.73973644, 0.22552578), (0.73973644, 0.22857867), (0.74278915, 0.18889111), (0.74278915, 0.18583822), (0.7427892, 0.191944), (0.7427892, 0.1949969), (0.7427892, 0.19804978), (0.7427892, 0.20110267), (0.74278927, 0.20415556), (0.74278927, 0.20720844), (0.74278927, 0.21026133), (0.74278927, 0.21331422), (0.7427893, 0.21636711), (0.7427893, 0.21941999), (0.7427893, 0.22247288), (0.7427893, 0.22552577), (0.7427893, 0.22857866), (0.74584204, 0.1888911), (0.74584204, 0.18583821), (0.74584204, 0.19194399), (0.7458421, 0.19499688), (0.7458421, 0.19804977), (0.7458421, 0.20110266), (0.7458421, 0.20415555), (0.74584216, 0.20720842), (0.74584216, 0.21026132), (0.74584216, 0.2133142), (0.74584216, 0.2163671), (0.7458422, 0.21941999), (0.7458422, 0.22247288), (0.7458422, 0.22552577), (0.7458422, 0.22857864), (0.74889493, 0.1888911), (0.74889493, 0.18583821), (0.74889493, 0.19194399), (0.748895, 0.19499686), (0.748895, 0.19804975), (0.748895, 0.20110264), (0.748895, 0.20415553), (0.74889505, 0.20720842), (0.74889505, 0.21026132), (0.74889505, 0.2133142), (0.74889505, 0.21636708), (0.7488951, 0.21941997), (0.7488951, 0.22247286), (0.7488951, 0.22552575), (0.7488951, 0.22857864), (0.7519478, 0.18889108), (0.7519478, 0.1858382), (0.7519478, 0.19194397), (0.7519479, 0.19499686), (0.7519479, 0.19804974), (0.7519479, 0.20110263), (0.7519479, 0.20415552), (0.75194794, 0.20720841), (0.75194794, 0.2102613), (0.75194794, 0.21331419), (0.75194794, 0.21636708), (0.75194794, 0.21941996), (0.751948, 0.22247285), (0.751948, 0.22552574), (0.751948, 0.22857863), (0.7550007, 0.18889107), (0.7550007, 0.18583818), (0.7550007, 0.19194396), (0.75500077, 0.19499685), (0.75500077, 0.19804972), (0.75500077, 0.20110261), (0.75500077, 0.2041555), (0.7550008, 0.2072084), (0.7550008, 0.21026129), (0.7550008, 0.21331418), (0.7550008, 0.21636707), (0.7550008, 0.21941994), (0.7550009, 0.22247283), (0.7550009, 0.22552572), (0.7550009, 0.22857861), (0.7580536, 0.18889105), (0.7580536, 0.18583816), (0.7580536, 0.19194394), (0.75805366, 0.19499683), (0.75805366, 0.19804972), (0.75805366, 0.2011026), (0.75805366, 0.20415549), (0.7580537, 0.20720838), (0.7580537, 0.21026127), (0.7580537, 0.21331416), (0.7580537, 0.21636705), (0.7580537, 0.21941994), (0.7580538, 0.22247283), (0.7580538, 0.2255257), (0.7580538, 0.2285786), (0.7611065, 0.18889105), (0.7611065, 0.18583816), (0.7611065, 0.19194394), (0.76110655, 0.19499682), (0.76110655, 0.19804971), (0.76110655, 0.2011026), (0.76110655, 0.20415549), (0.76110655, 0.20720838), (0.7611066, 0.21026127), (0.7611066, 0.21331415), (0.7611066, 0.21636704), (0.7611066, 0.21941993), (0.76110667, 0.22247282), (0.76110667, 0.2255257), (0.76110667, 0.2285786), (0.7641594, 0.18889104), (0.7641594, 0.18583815), (0.7641594, 0.19194393), (0.76415944, 0.19499682), (0.76415944, 0.1980497), (0.76415944, 0.20110258), (0.76415944, 0.20415547), (0.76415944, 0.20720837), (0.7641595, 0.21026126), (0.7641595, 0.21331415), (0.7641595, 0.21636702), (0.7641595, 0.21941991), (0.7641595, 0.2224728), (0.76415956, 0.22552569), (0.76415956, 0.22857858), (0.7672123, 0.18889102), (0.7672123, 0.18583813), (0.7672123, 0.19194391), (0.76721233, 0.1949968), (0.76721233, 0.19804968), (0.76721233, 0.20110257), (0.76721233, 0.20415546), (0.76721233, 0.20720835), (0.7672124, 0.21026124), (0.7672124, 0.21331413), (0.7672124, 0.21636702), (0.7672124, 0.2194199), (0.7672124, 0.22247279), (0.76721245, 0.22552568), (0.76721245, 0.22857857), (0.77026516, 0.18889101), (0.77026516, 0.18583812), (0.77026516, 0.1919439), (0.7702652, 0.19499679), (0.7702652, 0.19804966), (0.7702652, 0.20110255), (0.7702652, 0.20415545), (0.7702652, 0.20720834), (0.7702653, 0.21026123), (0.7702653, 0.21331412), (0.7702653, 0.216367), (0.7702653, 0.2194199), (0.7702653, 0.22247277), (0.77026534, 0.22552566), (0.77026534, 0.22857855), (0.7702645, 0.004379324), (0.9975175, 0.2743709), (0.8160588, 0.27437165), (0.9975175, 0.27131802), (0.8160588, 0.27131876), (0.99751747, 0.26826513), (0.8160588, 0.26826587), (0.99751747, 0.26521224), (0.81605875, 0.265213), (0.99751747, 0.26215935), (0.81605875, 0.26216012), (0.99751747, 0.2591065), (0.81605875, 0.25910723), (0.99751747, 0.2560536), (0.81605875, 0.25605434), (0.9975174, 0.2530007), (0.81605875, 0.25300145), (0.9975174, 0.24994782), (0.8160587, 0.24994856), (0.9975174, 0.24689493), (0.8160587, 0.24689569), (0.9975174, 0.24384204), (0.8160587, 0.2438428), (0.9975174, 0.24078915), (0.8160587, 0.2407899), (0.99751735, 0.23773627), (0.81605864, 0.23773703), (0.99751735, 0.23468338), (0.81605864, 0.23468414), (0.99751735, 0.23163049), (0.81605864, 0.23163125), (0.81300586, 0.27437168), (0.81300586, 0.27742457), (0.8130059, 0.2713188), (0.8130059, 0.2682659), (0.81300586, 0.265213), (0.81300586, 0.26216012), (0.81300586, 0.25910723), (0.81300586, 0.25605434), (0.81300586, 0.25300145), (0.8130058, 0.24994858), (0.8130058, 0.2468957), (0.8130058, 0.24384281), (0.8130058, 0.24078992), (0.81300575, 0.23773704), (0.81300575, 0.23468415), (0.81300575, 0.23163126), (0.809953, 0.27437168), (0.809953, 0.27742457), (0.809953, 0.2713188), (0.80995303, 0.2682659), (0.809953, 0.26521304), (0.809953, 0.26216015), (0.809953, 0.25910726), (0.809953, 0.25605437), (0.809953, 0.25300148), (0.8099529, 0.24994859), (0.8099529, 0.24689572), (0.8099529, 0.24384283), (0.8099529, 0.24078993), (0.80995286, 0.23773706), (0.80995286, 0.23468417), (0.80995286, 0.23163128), (0.8069001, 0.2743717), (0.8069001, 0.2774246), (0.8069001, 0.27131882), (0.8069001, 0.26826593), (0.8069001, 0.26521304), (0.8069001, 0.26216015), (0.8069001, 0.25910726), (0.8069001, 0.25605437), (0.8069001, 0.25300148), (0.8069, 0.2499486), (0.8069, 0.24689573), (0.8069, 0.24384284), (0.8069, 0.24078995), (0.80689996, 0.23773706), (0.80689996, 0.23468418), (0.80689996, 0.2316313), (0.80384725, 0.2743717), (0.80384725, 0.2774246), (0.80384725, 0.27131882), (0.80384725, 0.26826593), (0.8038472, 0.26521307), (0.8038472, 0.26216018), (0.8038472, 0.2591073), (0.8038472, 0.2560544), (0.8038472, 0.2530015), (0.80384713, 0.24994862), (0.80384713, 0.24689573), (0.80384713, 0.24384284), (0.80384713, 0.24078996), (0.8038471, 0.23773707), (0.8038471, 0.23468418), (0.8038471, 0.2316313), (0.80079436, 0.27437174), (0.80079436, 0.27742463), (0.80079436, 0.27131885), (0.80079436, 0.26826596), (0.8007943, 0.26521307), (0.8007943, 0.26216018), (0.8007943, 0.2591073), (0.8007943, 0.2560544), (0.8007943, 0.2530015), (0.80079424, 0.24994864), (0.80079424, 0.24689575), (0.80079424, 0.24384286), (0.80079424, 0.24078996), (0.8007942, 0.23773709), (0.8007942, 0.2346842), (0.8007942, 0.23163131), (0.7977415, 0.27437174), (0.7977415, 0.27742463), (0.7977415, 0.27131885), (0.7977415, 0.26826596), (0.7977414, 0.26521307), (0.7977414, 0.2621602), (0.7977414, 0.25910732), (0.7977414, 0.25605443), (0.7977414, 0.25300154), (0.79774135, 0.24994865), (0.79774135, 0.24689576), (0.79774135, 0.24384287), (0.79774135, 0.24078998), (0.79774135, 0.2377371), (0.7977413, 0.23468421), (0.7977413, 0.23163132), (0.7946886, 0.27437174), (0.7946886, 0.27742463), (0.7946886, 0.27131885), (0.7946886, 0.26826596), (0.7946885, 0.2652131), (0.7946885, 0.2621602), (0.7946885, 0.25910732), (0.7946885, 0.25605443), (0.7946885, 0.25300154), (0.7946885, 0.24994865), (0.79468846, 0.24689578), (0.79468846, 0.24384288), (0.79468846, 0.24079), (0.79468846, 0.23773712), (0.79468846, 0.23468423), (0.7946884, 0.23163134), (0.7916357, 0.27437177), (0.7916357, 0.27742466), (0.7916357, 0.27131888), (0.7916357, 0.268266), (0.79163563, 0.2652131), (0.79163563, 0.2621602), (0.79163563, 0.25910735), (0.79163563, 0.25605446), (0.79163563, 0.25300157), (0.79163563, 0.24994867), (0.7916356, 0.24689579), (0.7916356, 0.2438429), (0.7916356, 0.24079001), (0.7916356, 0.23773713), (0.7916356, 0.23468424), (0.7916356, 0.23163135), (0.7885828, 0.27437177), (0.7885828, 0.27742466), (0.7885828, 0.27131888), (0.7885828, 0.268266), (0.78858274, 0.26521313), (0.78858274, 0.26216024), (0.78858274, 0.25910735), (0.78858274, 0.25605446), (0.78858274, 0.25300157), (0.78858274, 0.24994868), (0.78858274, 0.2468958), (0.7885827, 0.24384291), (0.7885827, 0.24079002), (0.7885827, 0.23773713), (0.7885827, 0.23468426), (0.7885827, 0.23163137), (0.7855299, 0.2743718), (0.7855299, 0.2774247), (0.7855299, 0.2713189), (0.7855299, 0.26826602), (0.78552985, 0.26521313), (0.78552985, 0.26216024), (0.78552985, 0.25910735), (0.78552985, 0.2560545), (0.78552985, 0.2530016), (0.78552985, 0.2499487), (0.78552985, 0.24689582), (0.7855298, 0.24384293), (0.7855298, 0.24079004), (0.7855298, 0.23773715), (0.7855298, 0.23468426), (0.7855298, 0.23163138), (0.782477, 0.2743718), (0.782477, 0.2774247), (0.782477, 0.2713189), (0.782477, 0.26826602), (0.78247696, 0.26521313), (0.78247696, 0.26216027), (0.78247696, 0.25910738), (0.78247696, 0.2560545), (0.78247696, 0.2530016), (0.78247696, 0.24994871), (0.78247696, 0.24689582), (0.7824769, 0.24384294), (0.7824769, 0.24079005), (0.7824769, 0.23773716), (0.7824769, 0.23468427), (0.7824769, 0.2316314), (0.7794242, 0.2743718), (0.7794242, 0.2774247), (0.7794242, 0.2713189), (0.77942413, 0.26826602), (0.77942413, 0.26521316), (0.77942413, 0.26216027), (0.77942413, 0.25910738), (0.77942413, 0.2560545), (0.7794241, 0.2530016), (0.7794241, 0.24994873), (0.7794241, 0.24689583), (0.7794241, 0.24384294), (0.779424, 0.24079007), (0.779424, 0.23773718), (0.779424, 0.23468429), (0.779424, 0.2316314), (0.7763713, 0.27437183), (0.7763713, 0.27742472), (0.7763713, 0.27131894), (0.77637124, 0.26826605), (0.77637124, 0.26521316), (0.77637124, 0.2621603), (0.77637124, 0.2591074), (0.77637124, 0.25605452), (0.7763712, 0.25300163), (0.7763712, 0.24994874), (0.7763712, 0.24689585), (0.7763712, 0.24384296), (0.7763712, 0.24079008), (0.7763711, 0.2377372), (0.7763711, 0.2346843), (0.7763711, 0.23163141), (0.7733184, 0.27437183), (0.7733184, 0.27742472), (0.7733184, 0.27131894), (0.77331835, 0.26826605), (0.77331835, 0.2652132), (0.77331835, 0.2621603), (0.77331835, 0.2591074), (0.77331835, 0.25605452), (0.7733183, 0.25300163), (0.7733183, 0.24994874), (0.7733183, 0.24689586), (0.7733183, 0.24384297), (0.7733183, 0.24079008), (0.77331823, 0.23773721), (0.77331823, 0.23468432), (0.77331823, 0.23163143), (0.8130076, 0.699364), (0.8099547, 0.699364), (0.8069018, 0.69936407), (0.8038489, 0.69936407), (0.80079603, 0.69936407), (0.79774314, 0.69936407), (0.79469025, 0.69936407), (0.7916374, 0.6993641), (0.78858453, 0.6993641), (0.78553164, 0.6993641), (0.78247875, 0.6993641), (0.77942586, 0.6993641), (0.77637297, 0.6993642), (0.7733201, 0.6993642), (0.8130076, 0.7024169), (0.8160605, 0.7024169), (0.8099547, 0.7024169), (0.8069018, 0.70241696), (0.8038489, 0.70241696), (0.80079603, 0.70241696), (0.79774314, 0.70241696), (0.79469025, 0.70241696), (0.7916374, 0.702417), (0.78858453, 0.702417), (0.78553164, 0.702417), (0.78247875, 0.702417), (0.77942586, 0.702417), (0.77637297, 0.7024171), (0.7733201, 0.7024171), (0.8130076, 0.7054698), (0.8160605, 0.7054698), (0.8099547, 0.7054698), (0.8069018, 0.70546985), (0.8038489, 0.70546985), (0.80079603, 0.70546985), (0.79774314, 0.70546985), (0.79469025, 0.70546985), (0.7916374, 0.7054699), (0.78858453, 0.7054699), (0.78553164, 0.7054699), (0.78247875, 0.7054699), (0.77942586, 0.7054699), (0.77637297, 0.70546997), (0.7733201, 0.70546997), (0.8130076, 0.7085227), (0.8160605, 0.7085227), (0.8099547, 0.7085227), (0.8069018, 0.70852274), (0.803849, 0.70852274), (0.8007961, 0.70852274), (0.7977432, 0.70852274), (0.7946903, 0.70852274), (0.7916374, 0.7085228), (0.78858453, 0.7085228), (0.78553164, 0.7085228), (0.78247875, 0.7085228), (0.7794259, 0.7085228), (0.776373, 0.70852286), (0.77332014, 0.70852286), (0.8130076, 0.71157557), (0.8160605, 0.71157557), (0.8099547, 0.71157557), (0.8069019, 0.7115756), (0.803849, 0.7115756), (0.8007961, 0.7115756), (0.7977432, 0.7115756), (0.7946903, 0.7115756), (0.7916374, 0.7115757), (0.7885846, 0.7115757), (0.7855317, 0.7115757), (0.7824788, 0.7115757), (0.7794259, 0.7115757), (0.776373, 0.71157575), (0.77332014, 0.71157575), (0.8130076, 0.71462846), (0.8160605, 0.71462846), (0.8099547, 0.71462846), (0.8069019, 0.7146285), (0.803849, 0.7146285), (0.8007961, 0.7146285), (0.7977432, 0.7146285), (0.7946903, 0.7146285), (0.7916375, 0.7146285), (0.7885846, 0.7146286), (0.7855317, 0.7146286), (0.7824788, 0.7146286), (0.7794259, 0.7146286), (0.776373, 0.71462864), (0.77332014, 0.71462864), (0.81300765, 0.71768135), (0.81606054, 0.71768135), (0.80995476, 0.71768135), (0.8069019, 0.71768135), (0.803849, 0.7176814), (0.8007961, 0.7176814), (0.7977432, 0.7176814), (0.7946903, 0.7176814), (0.7916375, 0.7176814), (0.7885846, 0.71768147), (0.7855317, 0.71768147), (0.7824788, 0.71768147), (0.7794259, 0.71768147), (0.776373, 0.71768147), (0.77332014, 0.7176815), (0.81300765, 0.7207342), (0.81606054, 0.7207342), (0.80995476, 0.7207342), (0.8069019, 0.72073424), (0.803849, 0.72073424), (0.8007961, 0.72073424), (0.79774326, 0.72073424), (0.7946904, 0.7207343), (0.7916375, 0.7207343), (0.7885846, 0.7207343), (0.7855317, 0.7207343), (0.7824788, 0.72073436), (0.7794259, 0.72073436), (0.776373, 0.72073436), (0.77332014, 0.72073436), (0.81300765, 0.72378707), (0.81606054, 0.72378707), (0.80995476, 0.72378707), (0.8069019, 0.7237871), (0.803849, 0.7237871), (0.80079615, 0.7237871), (0.79774326, 0.7237871), (0.7946904, 0.7237872), (0.7916375, 0.7237872), (0.7885846, 0.7237872), (0.7855317, 0.7237872), (0.7824788, 0.72378725), (0.7794259, 0.72378725), (0.776373, 0.72378725), (0.7733202, 0.72378725), (0.81300765, 0.72683996), (0.81606054, 0.72683996), (0.80995476, 0.72683996), (0.8069019, 0.72684), (0.80384904, 0.72684), (0.80079615, 0.72684), (0.79774326, 0.72684), (0.7946904, 0.7268401), (0.7916375, 0.7268401), (0.7885846, 0.7268401), (0.7855317, 0.7268401), (0.7824788, 0.7268401), (0.779426, 0.72684014), (0.7763731, 0.72684014), (0.7733202, 0.72684014), (0.8130077, 0.72989285), (0.8160606, 0.72989285), (0.8099548, 0.72989285), (0.80690193, 0.7298929), (0.80384904, 0.7298929), (0.80079615, 0.7298929), (0.79774326, 0.7298929), (0.7946904, 0.72989297), (0.79163754, 0.72989297), (0.78858465, 0.72989297), (0.78553176, 0.72989297), (0.78247887, 0.72989297), (0.779426, 0.729893), (0.7763731, 0.729893), (0.7733202, 0.729893), (0.8130077, 0.73294574), (0.8160606, 0.73294574), (0.8099548, 0.73294574), (0.80690193, 0.7329458), (0.80384904, 0.7329458), (0.80079615, 0.7329458), (0.79774326, 0.7329458), (0.79469043, 0.73294586), (0.79163754, 0.73294586), (0.78858465, 0.73294586), (0.78553176, 0.73294586), (0.78247887, 0.73294586), (0.779426, 0.7329459), (0.7763731, 0.7329459), (0.7733202, 0.7329459), (0.8130077, 0.73599863), (0.8160606, 0.73599863), (0.8099548, 0.73599863), (0.80690193, 0.7359987), (0.80384904, 0.7359987), (0.80079615, 0.7359987), (0.7977433, 0.7359987), (0.79469043, 0.7359987), (0.79163754, 0.73599875), (0.78858465, 0.73599875), (0.78553176, 0.73599875), (0.78247887, 0.73599875), (0.779426, 0.7359988), (0.7763731, 0.7359988), (0.7733202, 0.7359988), (0.8130077, 0.7390515), (0.8160606, 0.7390515), (0.8099548, 0.7390515), (0.80690193, 0.7390516), (0.80384904, 0.7390516), (0.8007962, 0.7390516), (0.7977433, 0.7390516), (0.79469043, 0.7390516), (0.79163754, 0.73905164), (0.78858465, 0.73905164), (0.78553176, 0.73905164), (0.78247887, 0.73905164), (0.779426, 0.73905164), (0.7763731, 0.7390517), (0.77332026, 0.7390517), (0.8130077, 0.7421044), (0.8160606, 0.7421044), (0.8099548, 0.7421044), (0.80690193, 0.7421045), (0.80384904, 0.7421045), (0.8007962, 0.7421045), (0.7977433, 0.7421045), (0.79469043, 0.7421045), (0.79163754, 0.74210453), (0.78858465, 0.74210453), (0.78553176, 0.74210453), (0.78247887, 0.74210453), (0.779426, 0.74210453), (0.77637315, 0.7421046), (0.77332026, 0.7421046), (0.8130078, 0.7451573), (0.81606066, 0.7451573), (0.8099549, 0.7451573), (0.806902, 0.74515736), (0.8038491, 0.74515736), (0.8007962, 0.74515736), (0.7977433, 0.74515736), (0.79469043, 0.74515736), (0.7916376, 0.7451574), (0.7885847, 0.7451574), (0.7855318, 0.7451574), (0.7824789, 0.7451574), (0.77942604, 0.7451574), (0.77637315, 0.7451575), (0.77332026, 0.7451575), (0.99751925, 0.7451565)] (
            interpolation = "faceVarying"
        )
        int[] primvars:st:indices = [0, 1, 2, 3, 4, 5, 6, 7, 8, 9, 10, 11, 12, 13, 14, 15, 16, 17, 18, 19, 2, 1, 20, 21, 21, 20, 22, 23, 23, 22, 24, 25, 25, 24, 26, 27, 27, 26, 28, 29, 29, 28, 30, 31, 31, 30, 32, 33, 33, 32, 34, 35, 35, 34, 36, 37, 37, 36, 38, 39, 39, 38, 40, 41, 41, 40, 42, 43, 43, 42, 44, 45, 45, 44, 46, 47, 47, 46, 48, 49, 1, 50, 51, 20, 50, 52, 53, 51, 52, 54, 55, 53, 54, 56, 57, 55, 56, 58, 59, 57, 58, 60, 61, 59, 60, 62, 63, 61, 62, 64, 65, 63, 64, 66, 67, 65, 66, 68, 69, 67, 68, 70, 71, 69, 70, 72, 73, 71, 72, 74, 75, 73, 74, 76, 77, 75, 76, 78, 79, 77, 20, 51, 80, 22, 51, 53, 81, 80, 53, 55, 82, 81, 55, 57, 83, 82, 57, 59, 84, 83, 59, 61, 85, 84, 61, 63, 86, 85, 63, 65, 87, 86, 65, 67, 88, 87, 67, 69, 89, 88, 69, 71, 90, 89, 71, 73, 91, 90, 73, 75, 92, 91, 75, 77, 93, 92, 77, 79, 94, 93, 22, 80, 95, 24, 80, 81, 96, 95, 81, 82, 97, 96, 82, 83, 98, 97, 83, 84, 99, 98, 84, 85, 100, 99, 85, 86, 101, 100, 86, 87, 102, 101, 87, 88, 103, 102, 88, 89, 104, 103, 89, 90, 105, 104, 90, 91, 106, 105, 91, 92, 107, 106, 92, 93, 108, 107, 93, 94, 109, 108, 24, 95, 110, 26, 95, 96, 111, 110, 96, 97, 112, 111, 97, 98, 113, 112, 98, 99, 114, 113, 99, 100, 115, 114, 100, 101, 116, 115, 101, 102, 117, 116, 102, 103, 118, 117, 103, 104, 119, 118, 104, 105, 120, 119, 105, 106, 121, 120, 106, 107, 122, 121, 107, 108, 123, 122, 108, 109, 124, 123, 26, 110, 125, 28, 110, 111, 126, 125, 111, 112, 127, 126, 112, 113, 128, 127, 113, 114, 129, 128, 114, 115, 130, 129, 115, 116, 131, 130, 116, 117, 132, 131, 117, 118, 133, 132, 118, 119, 134, 133, 119, 120, 135, 134, 120, 121, 136, 135, 121, 122, 137, 136, 122, 123, 138, 137, 123, 124, 139, 138, 28, 125, 140, 30, 125, 126, 141, 140, 126, 127, 142, 141, 127, 128, 143, 142, 128, 129, 144, 143, 129, 130, 145, 144, 130, 131, 146, 145, 131, 132, 147, 146, 132, 133, 148, 147, 133, 134, 149, 148, 134, 135, 150, 149, 135, 136, 151, 150, 136, 137, 152, 151, 137, 138, 153, 152, 138, 139, 154, 153, 30, 140, 155, 32, 140, 141, 156, 155, 141, 142, 157, 156, 142, 143, 158, 157, 143, 144, 159, 158, 144, 145, 160, 159, 145, 146, 161, 160, 146, 147, 162, 161, 147, 148, 163, 162, 148, 149, 164, 163, 149, 150, 165, 164, 150, 151, 166, 165, 151, 152, 167, 166, 152, 153, 168, 167, 153, 154, 169, 168, 170, 155, 171, 172, 173, 156, 174, 175, 176, 157, 177, 178, 179, 158, 180, 181, 158, 159, 182, 180, 159, 160, 183, 182, 160, 161, 184, 183, 161, 162, 185, 184, 162, 163, 186, 185, 163, 164, 187, 186, 164, 165, 188, 187, 165, 166, 189, 188, 166, 167, 190, 189, 167, 168, 191, 190, 168, 169, 192, 191, 34, 171, 193, 36, 171, 174, 194, 193, 174, 177, 195, 194, 177, 180, 196, 195, 180, 182, 197, 196, 182, 183, 198, 197, 183, 184, 199, 198, 184, 185, 200, 199, 185, 186, 201, 200, 186, 187, 202, 201, 187, 188, 203, 202, 188, 189, 204, 203, 189, 190, 205, 204, 190, 191, 206, 205, 191, 192, 207, 206, 36, 193, 208, 38, 193, 194, 209, 208, 194, 195, 210, 209, 195, 196, 211, 210, 196, 197, 212, 211, 197, 198, 213, 212, 198, 199, 214, 213, 199, 200, 215, 214, 200, 201, 216, 215, 201, 202, 217, 216, 202, 203, 218, 217, 203, 204, 219, 218, 204, 205, 220, 219, 205, 206, 221, 220, 222, 207, 223, 224, 225, 208, 226, 227, 228, 209, 229, 230, 231, 210, 232, 233, 210, 211, 234, 232, 211, 212, 235, 234, 212, 213, 236, 235, 213, 214, 237, 236, 214, 215, 238, 237, 215, 216, 239, 238, 216, 217, 240, 239, 217, 218, 241, 240, 218, 219, 242, 241, 219, 220, 243, 242, 220, 221, 244, 243, 221, 223, 245, 244, 40, 226, 246, 42, 226, 229, 247, 246, 229, 232, 248, 247, 232, 234, 249, 248, 234, 235, 250, 249, 235, 236, 251, 250, 236, 237, 252, 251, 237, 238, 253, 252, 238, 239, 254, 253, 239, 240, 255, 254, 240, 241, 256, 255, 241, 242, 257, 256, 242, 243, 258, 257, 243, 244, 259, 258, 244, 245, 260, 259, 42, 246, 261, 44, 246, 247, 262, 261, 247, 248, 263, 262, 248, 249, 264, 263, 249, 250, 265, 264, 250, 251, 266, 265, 251, 252, 267, 266, 252, 253, 268, 267, 253, 254, 269, 268, 254, 255, 270, 269, 255, 256, 271, 270, 256, 257, 272, 271, 257, 258, 273, 272, 274, 259, 275, 276, 277, 260, 278, 279, 280, 261, 281, 282, 283, 262, 284, 285, 262, 263, 286, 284, 263, 264, 287, 286, 264, 265, 288, 287, 265, 266, 289, 288, 266, 267, 290, 289, 267, 268, 291, 290, 268, 269, 292, 291, 269, 270, 293, 292, 270, 271, 294, 293, 271, 272, 295, 294, 272, 273, 296, 295, 273, 275, 297, 296, 275, 278, 298, 297, 46, 281, 299, 48, 281, 284, 300, 299, 284, 286, 301, 300, 286, 287, 302, 301, 287, 288, 303, 302, 288, 289, 304, 303, 289, 290, 305, 304, 290, 291, 306, 305, 291, 292, 307, 306, 292, 293, 308, 307, 293, 294, 309, 308, 294, 295, 310, 309, 295, 296, 311, 310, 296, 297, 312, 311, 297, 298, 313, 312, 2, 21, 314, 315, 21, 23, 316, 314, 23, 25, 317, 316, 25, 27, 318, 317, 27, 29, 319, 318, 29, 31, 320, 319, 31, 33, 321, 320, 33, 35, 322, 321, 35, 37, 323, 322, 37, 39, 324, 323, 39, 41, 325, 324, 41, 43, 326, 325, 327, 45, 328, 329, 330, 47, 331, 332, 333, 49, 334, 335, 336, 314, 337, 338, 314, 316, 339, 337, 316, 317, 340, 339, 317, 318, 341, 340, 318, 319, 342, 341, 319, 320, 343, 342, 320, 321, 344, 343, 321, 322, 345, 344, 322, 323, 346, 345, 323, 324, 347, 346, 324, 325, 348, 347, 325, 326, 349, 348, 326, 328, 350, 349, 328, 331, 351, 350, 331, 334, 352, 351, 353, 337, 354, 355, 337, 339, 356, 354, 339, 340, 357, 356, 340, 341, 358, 357, 341, 342, 359, 358, 342, 343, 360, 359, 343, 344, 361, 360, 344, 345, 362, 361, 345, 346, 363, 362, 346, 347, 364, 363, 347, 348, 365, 364, 348, 349, 366, 365, 349, 350, 367, 366, 350, 351, 368, 367, 351, 352, 369, 368, 355, 354, 370, 371, 354, 356, 372, 370, 356, 357, 373, 372, 357, 358, 374, 373, 358, 359, 375, 374, 359, 360, 376, 375, 360, 361, 377, 376, 361, 362, 378, 377, 362, 363, 379, 378, 363, 364, 380, 379, 364, 365, 381, 380, 365, 366, 382, 381, 366, 367, 383, 382, 367, 368, 384, 383, 368, 369, 385, 384, 371, 370, 386, 387, 370, 372, 388, 386, 372, 373, 389, 388, 373, 374, 390, 389, 374, 375, 391, 390, 375, 376, 392, 391, 376, 377, 393, 392, 377, 378, 394, 393, 378, 379, 395, 394, 379, 380, 396, 395, 380, 381, 397, 396, 381, 382, 398, 397, 382, 383, 399, 398, 383, 384, 400, 399, 384, 385, 401, 400, 387, 386, 402, 403, 386, 388, 404, 402, 388, 389, 405, 404, 389, 390, 406, 405, 390, 391, 407, 406, 391, 392, 408, 407, 392, 393, 409, 408, 393, 394, 410, 409, 394, 395, 411, 410, 395, 396, 412, 411, 396, 397, 413, 412, 397, 398, 414, 413, 398, 399, 415, 414, 399, 400, 416, 415, 400, 401, 417, 416, 403, 402, 418, 419, 402, 404, 420, 418, 404, 405, 421, 420, 405, 406, 422, 421, 406, 407, 423, 422, 407, 408, 424, 423, 408, 409, 425, 424, 409, 410, 426, 425, 410, 411, 427, 426, 411, 412, 428, 427, 412, 413, 429, 428, 413, 414, 430, 429, 414, 415, 431, 430, 415, 416, 432, 431, 416, 417, 433, 432, 419, 418, 434, 435, 418, 420, 436, 434, 420, 421, 437, 436, 421, 422, 438, 437, 422, 423, 439, 438, 423, 424, 440, 439, 424, 425, 441, 440, 425, 426, 442, 441, 426, 427, 443, 442, 427, 428, 444, 443, 428, 429, 445, 444, 429, 430, 446, 445, 430, 431, 447, 446, 431, 432, 448, 447, 432, 433, 449, 448, 435, 434, 450, 451, 434, 436, 452, 450, 436, 437, 453, 452, 437, 438, 454, 453, 438, 439, 455, 454, 439, 440, 456, 455, 440, 441, 457, 456, 441, 442, 458, 457, 442, 443, 459, 458, 443, 444, 460, 459, 444, 445, 461, 460, 445, 446, 462, 461, 446, 447, 463, 462, 447, 448, 464, 463, 448, 449, 465, 464, 451, 450, 466, 467, 450, 452, 468, 466, 452, 453, 469, 468, 453, 454, 470, 469, 454, 455, 471, 470, 455, 456, 472, 471, 456, 457, 473, 472, 457, 458, 474, 473, 458, 459, 475, 474, 459, 460, 476, 475, 460, 461, 477, 476, 461, 462, 478, 477, 462, 463, 479, 478, 463, 464, 480, 479, 464, 465, 481, 480, 467, 466, 482, 483, 466, 468, 484, 482, 468, 469, 485, 484, 469, 470, 486, 485, 470, 471, 487, 486, 471, 472, 488, 487, 472, 473, 489, 488, 473, 474, 490, 489, 474, 475, 491, 490, 475, 476, 492, 491, 476, 477, 493, 492, 477, 478, 494, 493, 478, 479, 495, 494, 479, 480, 496, 495, 480, 481, 497, 496, 483, 482, 498, 499, 482, 484, 500, 498, 484, 485, 501, 500, 485, 486, 502, 501, 486, 487, 503, 502, 487, 488, 504, 503, 488, 489, 505, 504, 489, 490, 506, 505, 490, 491, 507, 506, 491, 492, 508, 507, 492, 493, 509, 508, 493, 494, 510, 509, 494, 495, 511, 510, 495, 496, 512, 511, 496, 497, 513, 512, 499, 498, 514, 515, 498, 500, 516, 514, 500, 501, 517, 516, 501, 502, 518, 517, 502, 503, 519, 518, 503, 504, 520, 519, 504, 505, 521, 520, 505, 506, 522, 521, 506, 507, 523, 522, 507, 508, 524, 523, 508, 509, 525, 524, 509, 510, 526, 525, 510, 511, 527, 526, 511, 512, 528, 527, 512, 513, 529, 528, 515, 514, 530, 531, 514, 516, 532, 530, 516, 517, 533, 532, 517, 518, 534, 533, 518, 519, 535, 534, 519, 520, 536, 535, 520, 521, 537, 536, 521, 522, 538, 537, 522, 523, 539, 538, 523, 524, 540, 539, 524, 525, 541, 540, 525, 526, 542, 541, 526, 527, 543, 542, 527, 528, 544, 543, 528, 529, 545, 544, 531, 530, 546, 547, 530, 532, 548, 546, 532, 533, 549, 548, 533, 534, 550, 549, 534, 535, 551, 550, 535, 536, 552, 551, 536, 537, 553, 552, 537, 538, 554, 553, 538, 539, 555, 554, 539, 540, 556, 555, 540, 541, 557, 556, 541, 542, 558, 557, 542, 543, 559, 558, 543, 544, 560, 559, 544, 545, 561, 560, 3, 2, 315, 562, 562, 315, 353, 563, 563, 353, 355, 564, 564, 355, 371, 565, 565, 371, 387, 566, 566, 387, 403, 567, 567, 403, 419, 568, 568, 419, 435, 569, 569, 435, 451, 570, 570, 451, 467, 571, 571, 467, 483, 572, 572, 483, 499, 573, 573, 499, 515, 574, 574, 515, 531, 575, 575, 531, 547, 576, 3, 562, 577, 578, 562, 563, 579, 577, 563, 564, 580, 579, 564, 565, 581, 580, 565, 566, 582, 581, 566, 567, 583, 582, 567, 568, 584, 583, 568, 569, 585, 584, 569, 570, 586, 585, 570, 571, 587, 586, 571, 572, 588, 587, 572, 573, 589, 588, 573, 574, 590, 589, 574, 575, 591, 590, 575, 576, 592, 591, 578, 577, 593, 594, 577, 579, 595, 593, 579, 580, 596, 595, 580, 581, 597, 596, 581, 582, 598, 597, 582, 583, 599, 598, 583, 584, 600, 599, 584, 585, 601, 600, 585, 586, 602, 601, 586, 587, 603, 602, 587, 588, 604, 603, 588, 589, 605, 604, 589, 590, 606, 605, 590, 591, 607, 606, 591, 592, 608, 607, 594, 593, 609, 610, 593, 595, 611, 609, 595, 596, 612, 611, 596, 597, 613, 612, 597, 598, 614, 613, 598, 599, 615, 614, 599, 600, 616, 615, 600, 601, 617, 616, 601, 602, 618, 617, 602, 603, 619, 618, 603, 604, 620, 619, 604, 605, 621, 620, 605, 606, 622, 621, 606, 607, 623, 622, 607, 608, 624, 623, 610, 609, 625, 626, 609, 611, 627, 625, 611, 612, 628, 627, 612, 613, 629, 628, 613, 614, 630, 629, 614, 615, 631, 630, 615, 616, 632, 631, 616, 617, 633, 632, 617, 618, 634, 633, 618, 619, 635, 634, 619, 620, 636, 635, 620, 621, 637, 636, 621, 622, 638, 637, 622, 623, 639, 638, 623, 624, 640, 639, 626, 625, 641, 642, 625, 627, 643, 641, 627, 628, 644, 643, 628, 629, 645, 644, 629, 630, 646, 645, 630, 631, 647, 646, 631, 632, 648, 647, 632, 633, 649, 648, 633, 634, 650, 649, 634, 635, 651, 650, 635, 636, 652, 651, 636, 637, 653, 652, 637, 638, 654, 653, 638, 639, 655, 654, 639, 640, 656, 655, 642, 641, 657, 658, 641, 643, 659, 657, 643, 644, 660, 659, 644, 645, 661, 660, 645, 646, 662, 661, 646, 647, 663, 662, 647, 648, 664, 663, 648, 649, 665, 664, 649, 650, 666, 665, 650, 651, 667, 666, 651, 652, 668, 667, 652, 653, 669, 668, 653, 654, 670, 669, 654, 655, 671, 670, 655, 656, 672, 671, 658, 657, 673, 674, 657, 659, 675, 673, 659, 660, 676, 675, 660, 661, 677, 676, 661, 662, 678, 677, 662, 663, 679, 678, 663, 664, 680, 679, 664, 665, 681, 680, 665, 666, 682, 681, 666, 667, 683, 682, 667, 668, 684, 683, 668, 669, 685, 684, 669, 670, 686, 685, 670, 671, 687, 686, 671, 672, 688, 687, 674, 673, 689, 690, 673, 675, 691, 689, 675, 676, 692, 691, 676, 677, 693, 692, 677, 678, 694, 693, 678, 679, 695, 694, 679, 680, 696, 695, 680, 681, 697, 696, 681, 682, 698, 697, 682, 683, 699, 698, 683, 684, 700, 699, 684, 685, 701, 700, 685, 686, 702, 701, 686, 687, 703, 702, 687, 688, 704, 703, 690, 689, 705, 706, 689, 691, 707, 705, 691, 692, 708, 707, 692, 693, 709, 708, 693, 694, 710, 709, 694, 695, 711, 710, 695, 696, 712, 711, 696, 697, 713, 712, 697, 698, 714, 713, 698, 699, 715, 714, 699, 700, 716, 715, 700, 701, 717, 716, 701, 702, 718, 717, 702, 703, 719, 718, 703, 704, 720, 719, 706, 705, 721, 722, 705, 707, 723, 721, 707, 708, 724, 723, 708, 709, 725, 724, 709, 710, 726, 725, 710, 711, 727, 726, 711, 712, 728, 727, 712, 713, 729, 728, 713, 714, 730, 729, 714, 715, 731, 730, 715, 716, 732, 731, 716, 717, 733, 732, 717, 718, 734, 733, 718, 719, 735, 734, 719, 720, 736, 735, 722, 721, 737, 738, 721, 723, 739, 737, 723, 724, 740, 739, 724, 725, 741, 740, 725, 726, 742, 741, 726, 727, 743, 742, 727, 728, 744, 743, 728, 729, 745, 744, 729, 730, 746, 745, 730, 731, 747, 746, 731, 732, 748, 747, 732, 733, 749, 748, 733, 734, 750, 749, 734, 735, 751, 750, 735, 736, 752, 751, 738, 737, 753, 754, 737, 739, 755, 753, 739, 740, 756, 755, 740, 741, 757, 756, 741, 742, 758, 757, 742, 743, 759, 758, 743, 744, 760, 759, 744, 745, 761, 760, 745, 746, 762, 761, 746, 747, 763, 762, 747, 748, 764, 763, 748, 749, 765, 764, 749, 750, 766, 765, 750, 751, 767, 766, 751, 752, 768, 767, 754, 753, 769, 770, 753, 755, 771, 769, 755, 756, 772, 771, 756, 757, 773, 772, 757, 758, 774, 773, 758, 759, 775, 774, 759, 760, 776, 775, 760, 761, 777, 776, 761, 762, 778, 777, 762, 763, 779, 778, 763, 764, 780, 779, 764, 765, 781, 780, 765, 766, 782, 781, 766, 767, 783, 782, 767, 768, 784, 783, 770, 769, 785, 786, 769, 771, 787, 785, 771, 772, 788, 787, 772, 773, 789, 788, 773, 774, 790, 789, 774, 775, 791, 790, 775, 776, 792, 791, 776, 777, 793, 792, 777, 778, 794, 793, 778, 779, 795, 794, 779, 780, 796, 795, 780, 781, 797, 796, 781, 782, 798, 797, 782, 783, 799, 798, 783, 784, 800, 799, 786, 785, 801, 802, 785, 787, 803, 801, 787, 788, 804, 803, 788, 789, 805, 804, 789, 790, 806, 805, 790, 791, 807, 806, 791, 792, 808, 807, 792, 793, 809, 808, 793, 794, 810, 809, 794, 795, 811, 810, 795, 796, 812, 811, 796, 797, 813, 812, 797, 798, 814, 813, 798, 799, 815, 814, 799, 800, 816, 815, 0, 3, 578, 817, 817, 578, 594, 818, 818, 594, 610, 819, 819, 610, 626, 820, 820, 626, 642, 821, 821, 642, 658, 822, 822, 658, 674, 823, 823, 674, 690, 824, 824, 690, 706, 825, 825, 706, 722, 826, 826, 722, 738, 827, 827, 738, 754, 828, 828, 754, 770, 829, 829, 770, 786, 830, 830, 786, 802, 831, 0, 817, 832, 833, 817, 818, 834, 832, 818, 819, 835, 834, 819, 820, 836, 835, 820, 821, 837, 836, 821, 822, 838, 837, 822, 823, 839, 838, 823, 824, 840, 839, 824, 825, 841, 840, 825, 826, 842, 841, 826, 827, 843, 842, 827, 828, 844, 843, 828, 829, 845, 844, 829, 830, 846, 845, 830, 831, 847, 846, 833, 832, 848, 849, 832, 834, 850, 848, 834, 835, 851, 850, 835, 836, 852, 851, 836, 837, 853, 852, 837, 838, 854, 853, 838, 839, 855, 854, 839, 840, 856, 855, 840, 841, 857, 856, 841, 842, 858, 857, 842, 843, 859, 858, 843, 844, 860, 859, 844, 845, 861, 860, 845, 846, 862, 861, 846, 847, 863, 862, 849, 848, 864, 865, 848, 850, 866, 864, 850, 851, 867, 866, 851, 852, 868, 867, 852, 853, 869, 868, 853, 854, 870, 869, 854, 855, 871, 870, 855, 856, 872, 871, 856, 857, 873, 872, 857, 858, 874, 873, 858, 859, 875, 874, 859, 860, 876, 875, 860, 861, 877, 876, 861, 862, 878, 877, 862, 863, 879, 878, 865, 864, 880, 881, 864, 866, 882, 880, 866, 867, 883, 882, 867, 868, 884, 883, 868, 869, 885, 884, 869, 870, 886, 885, 870, 871, 887, 886, 871, 872, 888, 887, 872, 873, 889, 888, 873, 874, 890, 889, 874, 875, 891, 890, 875, 876, 892, 891, 876, 877, 893, 892, 877, 878, 894, 893, 878, 879, 895, 894, 881, 880, 896, 897, 880, 882, 898, 896, 882, 883, 899, 898, 883, 884, 900, 899, 884, 885, 901, 900, 885, 886, 902, 901, 886, 887, 903, 902, 887, 888, 904, 903, 888, 889, 905, 904, 889, 890, 906, 905, 890, 891, 907, 906, 891, 892, 908, 907, 892, 893, 909, 908, 893, 894, 910, 909, 894, 895, 911, 910, 897, 896, 912, 913, 896, 898, 914, 912, 898, 899, 915, 914, 899, 900, 916, 915, 900, 901, 917, 916, 901, 902, 918, 917, 902, 903, 919, 918, 903, 904, 920, 919, 904, 905, 921, 920, 905, 906, 922, 921, 906, 907, 923, 922, 907, 908, 924, 923, 908, 909, 925, 924, 909, 910, 926, 925, 910, 911, 927, 926, 913, 912, 928, 929, 912, 914, 930, 928, 914, 915, 931, 930, 915, 916, 932, 931, 916, 917, 933, 932, 917, 918, 934, 933, 918, 919, 935, 934, 919, 920, 936, 935, 920, 921, 937, 936, 921, 922, 938, 937, 922, 923, 939, 938, 923, 924, 940, 939, 924, 925, 941, 940, 925, 926, 942, 941, 926, 927, 943, 942, 929, 928, 944, 945, 928, 930, 946, 944, 930, 931, 947, 946, 931, 932, 948, 947, 932, 933, 949, 948, 933, 934, 950, 949, 934, 935, 951, 950, 935, 936, 952, 951, 936, 937, 953, 952, 937, 938, 954, 953, 938, 939, 955, 954, 939, 940, 956, 955, 940, 941, 957, 956, 941, 942, 958, 957, 942, 943, 959, 958, 945, 944, 960, 961, 944, 946, 962, 960, 946, 947, 963, 962, 947, 948, 964, 963, 948, 949, 965, 964, 949, 950, 966, 965, 950, 951, 967, 966, 951, 952, 968, 967, 952, 953, 969, 968, 953, 954, 970, 969, 954, 955, 971, 970, 955, 956, 972, 971, 956, 957, 973, 972, 957, 958, 974, 973, 958, 959, 975, 974, 961, 960, 976, 977, 960, 962, 978, 976, 962, 963, 979, 978, 963, 964, 980, 979, 964, 965, 981, 980, 965, 966, 982, 981, 966, 967, 983, 982, 967, 968, 984, 983, 968, 969, 985, 984, 969, 970, 986, 985, 970, 971, 987, 986, 971, 972, 988, 987, 972, 973, 989, 988, 973, 974, 990, 989, 974, 975, 991, 990, 977, 976, 992, 993, 976, 978, 994, 992, 978, 979, 995, 994, 979, 980, 996, 995, 980, 981, 997, 996, 981, 982, 998, 997, 982, 983, 999, 998, 983, 984, 1000, 999, 984, 985, 1001, 1000, 985, 986, 1002, 1001, 986, 987, 1003, 1002, 987, 988, 1004, 1003, 988, 989, 1005, 1004, 989, 990, 1006, 1005, 990, 991, 1007, 1006, 993, 992, 1008, 1009, 992, 994, 1010, 1008, 994, 995, 1011, 1010, 995, 996, 1012, 1011, 996, 997, 1013, 1012, 997, 998, 1014, 1013, 998, 999, 1015, 1014, 999, 1000, 1016, 1015, 1000, 1001, 1017, 1016, 1001, 1002, 1018, 1017, 1002, 1003, 1019, 1018, 1003, 1004, 1020, 1019, 1004, 1005, 1021, 1020, 1005, 1006, 1022, 1021, 1006, 1007, 1023, 1022, 1009, 1008, 1024, 1025, 1008, 1010, 1026, 1024, 1010, 1011, 1027, 1026, 1011, 1012, 1028, 1027, 1012, 1013, 1029, 1028, 1013, 1014, 1030, 1029, 1014, 1015, 1031, 1030, 1015, 1016, 1032, 1031, 1016, 1017, 1033, 1032, 1017, 1018, 1034, 1033, 1018, 1019, 1035, 1034, 1019, 1020, 1036, 1035, 1020, 1021, 1037, 1036, 1021, 1022, 1038, 1037, 1022, 1023, 1039, 1038, 1025, 1024, 1040, 1041, 1024, 1026, 1042, 1040, 1026, 1027, 1043, 1042, 1027, 1028, 1044, 1043, 1028, 1029, 1045, 1044, 1029, 1030, 1046, 1045, 1030, 1031, 1047, 1046, 1031, 1032, 1048, 1047, 1032, 1033, 1049, 1048, 1033, 1034, 1050, 1049, 1034, 1035, 1051, 1050, 1035, 1036, 1052, 1051, 1036, 1037, 1053, 1052, 1037, 1038, 1054, 1053, 1038, 1039, 1055, 1054, 1041, 1040, 1056, 1057, 1040, 1042, 1058, 1056, 1042, 1043, 1059, 1058, 1043, 1044, 1060, 1059, 1044, 1045, 1061, 1060, 1045, 1046, 1062, 1061, 1046, 1047, 1063, 1062, 1047, 1048, 1064, 1063, 1048, 1049, 1065, 1064, 1049, 1050, 1066, 1065, 1050, 1051, 1067, 1066, 1051, 1052, 1068, 1067, 1052, 1053, 1069, 1068, 1053, 1054, 1070, 1069, 1054, 1055, 1071, 1070, 1, 0, 833, 50, 50, 833, 849, 52, 52, 849, 865, 54, 54, 865, 881, 56, 56, 881, 897, 58, 58, 897, 913, 60, 60, 913, 929, 62, 62, 929, 945, 64, 64, 945, 961, 66, 66, 961, 977, 68, 68, 977, 993, 70, 70, 993, 1009, 72, 72, 1009, 1025, 74, 74, 1025, 1041, 76, 76, 1041, 1057, 78, 5, 4, 1072, 1073, 1073, 1072, 1074, 1075, 1075, 1074, 1076, 1077, 1077, 1076, 1078, 1079, 1079, 1078, 1080, 1081, 1081, 1080, 1082, 1083, 1083, 1082, 1084, 1085, 1085, 1084, 1086, 1087, 1087, 1086, 1088, 1089, 1089, 1088, 1090, 1091, 1091, 1090, 1092, 1093, 1093, 1092, 1094, 1095, 1095, 1094, 1096, 1097, 1097, 1096, 1098, 1099, 1099, 1098, 1100, 1101, 5, 1073, 1102, 1103, 1073, 1075, 1104, 1102, 1075, 1077, 1105, 1104, 1077, 1079, 1106, 1105, 1079, 1081, 1107, 1106, 1081, 1083, 1108, 1107, 1083, 1085, 1109, 1108, 1085, 1087, 1110, 1109, 1087, 1089, 1111, 1110, 1089, 1091, 1112, 1111, 1091, 1093, 1113, 1112, 1093, 1095, 1114, 1113, 1095, 1097, 1115, 1114, 1097, 1099, 1116, 1115, 1099, 1101, 1117, 1116, 1103, 1102, 1118, 1119, 1102, 1104, 1120, 1118, 1104, 1105, 1121, 1120, 1105, 1106, 1122, 1121, 1106, 1107, 1123, 1122, 1107, 1108, 1124, 1123, 1108, 1109, 1125, 1124, 1109, 1110, 1126, 1125, 1110, 1111, 1127, 1126, 1111, 1112, 1128, 1127, 1112, 1113, 1129, 1128, 1113, 1114, 1130, 1129, 1114, 1115, 1131, 1130, 1115, 1116, 1132, 1131, 1116, 1117, 1133, 1132, 1119, 1118, 1134, 1135, 1118, 1120, 1136, 1134, 1120, 1121, 1137, 1136, 1121, 1122, 1138, 1137, 1122, 1123, 1139, 1138, 1123, 1124, 1140, 1139, 1124, 1125, 1141, 1140, 1125, 1126, 1142, 1141, 1126, 1127, 1143, 1142, 1127, 1128, 1144, 1143, 1128, 1129, 1145, 1144, 1129, 1130, 1146, 1145, 1130, 1131, 1147, 1146, 1131, 1132, 1148, 1147, 1132, 1133, 1149, 1148, 1135, 1134, 1150, 1151, 1134, 1136, 1152, 1150, 1136, 1137, 1153, 1152, 1137, 1138, 1154, 1153, 1138, 1139, 1155, 1154, 1139, 1140, 1156, 1155, 1140, 1141, 1157, 1156, 1141, 1142, 1158, 1157, 1142, 1143, 1159, 1158, 1143, 1144, 1160, 1159, 1144, 1145, 1161, 1160, 1145, 1146, 1162, 1161, 1146, 1147, 1163, 1162, 1147, 1148, 1164, 1163, 1148, 1149, 1165, 1164, 1151, 1150, 1166, 1167, 1150, 1152, 1168, 1166, 1152, 1153, 1169, 1168, 1153, 1154, 1170, 1169, 1154, 1155, 1171, 1170, 1155, 1156, 1172, 1171, 1156, 1157, 1173, 1172, 1157, 1158, 1174, 1173, 1158, 1159, 1175, 1174, 1159, 1160, 1176, 1175, 1160, 1161, 1177, 1176, 1161, 1162, 1178, 1177, 1162, 1163, 1179, 1178, 1163, 1164, 1180, 1179, 1164, 1165, 1181, 1180, 1167, 1166, 1182, 1183, 1166, 1168, 1184, 1182, 1168, 1169, 1185, 1184, 1169, 1170, 1186, 1185, 1170, 1171, 1187, 1186, 1171, 1172, 1188, 1187, 1172, 1173, 1189, 1188, 1173, 1174, 1190, 1189, 1174, 1175, 1191, 1190, 1175, 1176, 1192, 1191, 1176, 1177, 1193, 1192, 1177, 1178, 1194, 1193, 1178, 1179, 1195, 1194, 1179, 1180, 1196, 1195, 1180, 1181, 1197, 1196, 1183, 1182, 1198, 1199, 1182, 1184, 1200, 1198, 1184, 1185, 1201, 1200, 1185, 1186, 1202, 1201, 1186, 1187, 1203, 1202, 1187, 1188, 1204, 1203, 1188, 1189, 1205, 1204, 1189, 1190, 1206, 1205, 1190, 1191, 1207, 1206, 1191, 1192, 1208, 1207, 1192, 1193, 1209, 1208, 1193, 1194, 1210, 1209, 1194, 1195, 1211, 1210, 1195, 1196, 1212, 1211, 1196, 1197, 1213, 1212, 1199, 1198, 1214, 1215, 1198, 1200, 1216, 1214, 1200, 1201, 1217, 1216, 1201, 1202, 1218, 1217, 1202, 1203, 1219, 1218, 1203, 1204, 1220, 1219, 1204, 1205, 1221, 1220, 1205, 1206, 1222, 1221, 1206, 1207, 1223, 1222, 1207, 1208, 1224, 1223, 1208, 1209, 1225, 1224, 1209, 1210, 1226, 1225, 1210, 1211, 1227, 1226, 1211, 1212, 1228, 1227, 1212, 1213, 1229, 1228, 1215, 1214, 1230, 1231, 1214, 1216, 1232, 1230, 1216, 1217, 1233, 1232, 1217, 1218, 1234, 1233, 1218, 1219, 1235, 1234, 1219, 1220, 1236, 1235, 1220, 1221, 1237, 1236, 1221, 1222, 1238, 1237, 1222, 1223, 1239, 1238, 1223, 1224, 1240, 1239, 1224, 1225, 1241, 1240, 1225, 1226, 1242, 1241, 1226, 1227, 1243, 1242, 1227, 1228, 1244, 1243, 1228, 1229, 1245, 1244, 1231, 1230, 1246, 1247, 1230, 1232, 1248, 1246, 1232, 1233, 1249, 1248, 1233, 1234, 1250, 1249, 1234, 1235, 1251, 1250, 1235, 1236, 1252, 1251, 1236, 1237, 1253, 1252, 1237, 1238, 1254, 1253, 1238, 1239, 1255, 1254, 1239, 1240, 1256, 1255, 1240, 1241, 1257, 1256, 1241, 1242, 1258, 1257, 1242, 1243, 1259, 1258, 1243, 1244, 1260, 1259, 1244, 1245, 1261, 1260, 1247, 1246, 1262, 1263, 1246, 1248, 1264, 1262, 1248, 1249, 1265, 1264, 1249, 1250, 1266, 1265, 1250, 1251, 1267, 1266, 1251, 1252, 1268, 1267, 1252, 1253, 1269, 1268, 1253, 1254, 1270, 1269, 1254, 1255, 1271, 1270, 1255, 1256, 1272, 1271, 1256, 1257, 1273, 1272, 1257, 1258, 1274, 1273, 1258, 1259, 1275, 1274, 1259, 1260, 1276, 1275, 1260, 1261, 1277, 1276, 1263, 1262, 1278, 1279, 1262, 1264, 1280, 1278, 1264, 1265, 1281, 1280, 1265, 1266, 1282, 1281, 1266, 1267, 1283, 1282, 1267, 1268, 1284, 1283, 1268, 1269, 1285, 1284, 1269, 1270, 1286, 1285, 1270, 1271, 1287, 1286, 1271, 1272, 1288, 1287, 1272, 1273, 1289, 1288, 1273, 1274, 1290, 1289, 1274, 1275, 1291, 1290, 1275, 1276, 1292, 1291, 1276, 1277, 1293, 1292, 1279, 1278, 1294, 1295, 1278, 1280, 1296, 1294, 1280, 1281, 1297, 1296, 1281, 1282, 1298, 1297, 1282, 1283, 1299, 1298, 1283, 1284, 1300, 1299, 1284, 1285, 1301, 1300, 1285, 1286, 1302, 1301, 1286, 1287, 1303, 1302, 1287, 1288, 1304, 1303, 1288, 1289, 1305, 1304, 1289, 1290, 1306, 1305, 1290, 1291, 1307, 1306, 1291, 1292, 1308, 1307, 1292, 1293, 1309, 1308, 1295, 1294, 1310, 1311, 1294, 1296, 1312, 1310, 1296, 1297, 1313, 1312, 1297, 1298, 1314, 1313, 1298, 1299, 1315, 1314, 1299, 1300, 1316, 1315, 1300, 1301, 1317, 1316, 1301, 1302, 1318, 1317, 1302, 1303, 1319, 1318, 1303, 1304, 1320, 1319, 1304, 1305, 1321, 1320, 1305, 1306, 1322, 1321, 1306, 1307, 1323, 1322, 1307, 1308, 1324, 1323, 1308, 1309, 1325, 1324, 1311, 1310, 847, 831, 1310, 1312, 863, 847, 1312, 1313, 879, 863, 1313, 1314, 895, 879, 1314, 1315, 911, 895, 1315, 1316, 927, 911, 1316, 1317, 943, 927, 1317, 1318, 959, 943, 1318, 1319, 975, 959, 1319, 1320, 991, 975, 1320, 1321, 1007, 991, 1321, 1322, 1023, 1007, 1322, 1323, 1039, 1023, 1323, 1324, 1055, 1039, 1324, 1325, 1071, 1055, 6, 5, 1103, 1326, 1326, 1103, 1119, 1327, 1327, 1119, 1135, 1328, 1328, 1135, 1151, 1329, 1329, 1151, 1167, 1330, 1330, 1167, 1183, 1331, 1331, 1183, 1199, 1332, 1332, 1199, 1215, 1333, 1333, 1215, 1231, 1334, 1334, 1231, 1247, 1335, 1335, 1247, 1263, 1336, 1336, 1263, 1279, 1337, 1337, 1279, 1295, 1338, 1338, 1295, 1311, 1339, 1339, 1311, 831, 802, 6, 1326, 1340, 1341, 1326, 1327, 1342, 1340, 1327, 1328, 1343, 1342, 1328, 1329, 1344, 1343, 1329, 1330, 1345, 1344, 1330, 1331, 1346, 1345, 1331, 1332, 1347, 1346, 1332, 1333, 1348, 1347, 1333, 1334, 1349, 1348, 1334, 1335, 1350, 1349, 1335, 1336, 1351, 1350, 1336, 1337, 1352, 1351, 1337, 1338, 1353, 1352, 1338, 1339, 1354, 1353, 1339, 802, 801, 1354, 1341, 1340, 1355, 1356, 1340, 1342, 1357, 1355, 1342, 1343, 1358, 1357, 1343, 1344, 1359, 1358, 1344, 1345, 1360, 1359, 1345, 1346, 1361, 1360, 1346, 1347, 1362, 1361, 1347, 1348, 1363, 1362, 1348, 1349, 1364, 1363, 1349, 1350, 1365, 1364, 1350, 1351, 1366, 1365, 1351, 1352, 1367, 1366, 1352, 1353, 1368, 1367, 1353, 1354, 1369, 1368, 1354, 801, 803, 1369, 1356, 1355, 1370, 1371, 1355, 1357, 1372, 1370, 1357, 1358, 1373, 1372, 1358, 1359, 1374, 1373, 1359, 1360, 1375, 1374, 1360, 1361, 1376, 1375, 1361, 1362, 1377, 1376, 1362, 1363, 1378, 1377, 1363, 1364, 1379, 1378, 1364, 1365, 1380, 1379, 1365, 1366, 1381, 1380, 1366, 1367, 1382, 1381, 1367, 1368, 1383, 1382, 1368, 1369, 1384, 1383, 1369, 803, 804, 1384, 1371, 1370, 1385, 1386, 1370, 1372, 1387, 1385, 1372, 1373, 1388, 1387, 1373, 1374, 1389, 1388, 1374, 1375, 1390, 1389, 1375, 1376, 1391, 1390, 1376, 1377, 1392, 1391, 1377, 1378, 1393, 1392, 1378, 1379, 1394, 1393, 1379, 1380, 1395, 1394, 1380, 1381, 1396, 1395, 1381, 1382, 1397, 1396, 1382, 1383, 1398, 1397, 1383, 1384, 1399, 1398, 1384, 804, 805, 1399, 1386, 1385, 1400, 1401, 1385, 1387, 1402, 1400, 1387, 1388, 1403, 1402, 1388, 1389, 1404, 1403, 1389, 1390, 1405, 1404, 1390, 1391, 1406, 1405, 1391, 1392, 1407, 1406, 1392, 1393, 1408, 1407, 1393, 1394, 1409, 1408, 1394, 1395, 1410, 1409, 1395, 1396, 1411, 1410, 1396, 1397, 1412, 1411, 1397, 1398, 1413, 1412, 1398, 1399, 1414, 1413, 1399, 805, 806, 1414, 1401, 1400, 1415, 1416, 1400, 1402, 1417, 1415, 1402, 1403, 1418, 1417, 1403, 1404, 1419, 1418, 1404, 1405, 1420, 1419, 1405, 1406, 1421, 1420, 1406, 1407, 1422, 1421, 1407, 1408, 1423, 1422, 1408, 1409, 1424, 1423, 1409, 1410, 1425, 1424, 1410, 1411, 1426, 1425, 1411, 1412, 1427, 1426, 1412, 1413, 1428, 1427, 1413, 1414, 1429, 1428, 1414, 806, 807, 1429, 1416, 1415, 1430, 1431, 1415, 1417, 1432, 1430, 1417, 1418, 1433, 1432, 1418, 1419, 1434, 1433, 1419, 1420, 1435, 1434, 1420, 1421, 1436, 1435, 1421, 1422, 1437, 1436, 1422, 1423, 1438, 1437, 1423, 1424, 1439, 1438, 1424, 1425, 1440, 1439, 1425, 1426, 1441, 1440, 1426, 1427, 1442, 1441, 1427, 1428, 1443, 1442, 1428, 1429, 1444, 1443, 1429, 807, 808, 1444, 1431, 1430, 1445, 1446, 1430, 1432, 1447, 1445, 1432, 1433, 1448, 1447, 1433, 1434, 1449, 1448, 1434, 1435, 1450, 1449, 1435, 1436, 1451, 1450, 1436, 1437, 1452, 1451, 1437, 1438, 1453, 1452, 1438, 1439, 1454, 1453, 1439, 1440, 1455, 1454, 1440, 1441, 1456, 1455, 1441, 1442, 1457, 1456, 1442, 1443, 1458, 1457, 1443, 1444, 1459, 1458, 1444, 808, 809, 1459, 1446, 1445, 1460, 1461, 1445, 1447, 1462, 1460, 1447, 1448, 1463, 1462, 1448, 1449, 1464, 1463, 1449, 1450, 1465, 1464, 1450, 1451, 1466, 1465, 1451, 1452, 1467, 1466, 1452, 1453, 1468, 1467, 1453, 1454, 1469, 1468, 1454, 1455, 1470, 1469, 1455, 1456, 1471, 1470, 1456, 1457, 1472, 1471, 1457, 1458, 1473, 1472, 1458, 1459, 1474, 1473, 1459, 809, 810, 1474, 1461, 1460, 1475, 1476, 1460, 1462, 1477, 1475, 1462, 1463, 1478, 1477, 1463, 1464, 1479, 1478, 1464, 1465, 1480, 1479, 1465, 1466, 1481, 1480, 1466, 1467, 1482, 1481, 1467, 1468, 1483, 1482, 1468, 1469, 1484, 1483, 1469, 1470, 1485, 1484, 1470, 1471, 1486, 1485, 1471, 1472, 1487, 1486, 1472, 1473, 1488, 1487, 1473, 1474, 1489, 1488, 1474, 810, 811, 1489, 1476, 1475, 1490, 1491, 1475, 1477, 1492, 1490, 1477, 1478, 1493, 1492, 1478, 1479, 1494, 1493, 1479, 1480, 1495, 1494, 1480, 1481, 1496, 1495, 1481, 1482, 1497, 1496, 1482, 1483, 1498, 1497, 1483, 1484, 1499, 1498, 1484, 1485, 1500, 1499, 1485, 1486, 1501, 1500, 1486, 1487, 1502, 1501, 1487, 1488, 1503, 1502, 1488, 1489, 1504, 1503, 1489, 811, 812, 1504, 1491, 1490, 1505, 1506, 1490, 1492, 1507, 1505, 1492, 1493, 1508, 1507, 1493, 1494, 1509, 1508, 1494, 1495, 1510, 1509, 1495, 1496, 1511, 1510, 1496, 1497, 1512, 1511, 1497, 1498, 1513, 1512, 1498, 1499, 1514, 1513, 1499, 1500, 1515, 1514, 1500, 1501, 1516, 1515, 1501, 1502, 1517, 1516, 1502, 1503, 1518, 1517, 1503, 1504, 1519, 1518, 1504, 812, 813, 1519, 1506, 1505, 1520, 1521, 1505, 1507, 1522, 1520, 1507, 1508, 1523, 1522, 1508, 1509, 1524, 1523, 1509, 1510, 1525, 1524, 1510, 1511, 1526, 1525, 1511, 1512, 1527, 1526, 1512, 1513, 1528, 1527, 1513, 1514, 1529, 1528, 1514, 1515, 1530, 1529, 1515, 1516, 1531, 1530, 1516, 1517, 1532, 1531, 1517, 1518, 1533, 1532, 1518, 1519, 1534, 1533, 1519, 813, 814, 1534, 1521, 1520, 1535, 1536, 1520, 1522, 1537, 1535, 1522, 1523, 1538, 1537, 1523, 1524, 1539, 1538, 1524, 1525, 1540, 1539, 1525, 1526, 1541, 1540, 1526, 1527, 1542, 1541, 1527, 1528, 1543, 1542, 1528, 1529, 1544, 1543, 1529, 1530, 1545, 1544, 1530, 1531, 1546, 1545, 1531, 1532, 1547, 1546, 1532, 1533, 1548, 1547, 1533, 1534, 1549, 1548, 1534, 814, 815, 1549, 1536, 1535, 1550, 1551, 1535, 1537, 1552, 1550, 1537, 1538, 1553, 1552, 1538, 1539, 1554, 1553, 1539, 1540, 1555, 1554, 1540, 1541, 1556, 1555, 1541, 1542, 1557, 1556, 1542, 1543, 1558, 1557, 1543, 1544, 1559, 1558, 1544, 1545, 1560, 1559, 1545, 1546, 1561, 1560, 1546, 1547, 1562, 1561, 1547, 1548, 1563, 1562, 1548, 1549, 1564, 1563, 1549, 815, 816, 1564, 1565, 6, 1341, 1565, 1565, 1341, 1356, 1565, 1565, 1356, 1371, 1565, 1565, 1371, 1386, 1565, 1565, 1386, 1401, 1565, 1565, 1401, 1416, 1565, 1565, 1416, 1431, 1565, 1565, 1431, 1446, 1565, 1565, 1446, 1461, 1565, 1565, 1461, 1476, 1565, 1565, 1476, 1491, 1565, 1565, 1491, 1506, 1565, 1565, 1506, 1521, 1565, 1565, 1521, 1536, 1565, 1565, 1536, 1551, 1565, 16, 19, 1566, 1567, 1567, 1566, 1568, 1569, 1569, 1568, 1570, 1571, 1571, 1570, 1572, 1573, 1573, 1572, 1574, 1575, 1575, 1574, 1576, 1577, 1577, 1576, 1578, 1579, 1579, 1578, 1580, 1581, 1581, 1580, 1582, 1583, 1583, 1582, 1584, 1585, 1585, 1584, 1586, 1587, 1587, 1586, 1588, 1589, 1589, 1588, 1590, 1591, 1591, 1590, 1592, 1593, 1593, 1592, 1594, 1595, 16, 1567, 1596, 1597, 1567, 1569, 1598, 1596, 1569, 1571, 1599, 1598, 1571, 1573, 1600, 1599, 1573, 1575, 1601, 1600, 1575, 1577, 1602, 1601, 1577, 1579, 1603, 1602, 1579, 1581, 1604, 1603, 1581, 1583, 1605, 1604, 1583, 1585, 1606, 1605, 1585, 1587, 1607, 1606, 1587, 1589, 1608, 1607, 1589, 1591, 1609, 1608, 1591, 1593, 1610, 1609, 1593, 1595, 1611, 1610, 1597, 1596, 1612, 1613, 1596, 1598, 1614, 1612, 1598, 1599, 1615, 1614, 1599, 1600, 1616, 1615, 1600, 1601, 1617, 1616, 1601, 1602, 1618, 1617, 1602, 1603, 1619, 1618, 1603, 1604, 1620, 1619, 1604, 1605, 1621, 1620, 1605, 1606, 1622, 1621, 1606, 1607, 1623, 1622, 1607, 1608, 1624, 1623, 1608, 1609, 1625, 1624, 1609, 1610, 1626, 1625, 1610, 1611, 1627, 1626, 1613, 1612, 1628, 1629, 1612, 1614, 1630, 1628, 1614, 1615, 1631, 1630, 1615, 1616, 1632, 1631, 1616, 1617, 1633, 1632, 1617, 1618, 1634, 1633, 1618, 1619, 1635, 1634, 1619, 1620, 1636, 1635, 1620, 1621, 1637, 1636, 1621, 1622, 1638, 1637, 1622, 1623, 1639, 1638, 1623, 1624, 1640, 1639, 1624, 1625, 1641, 1640, 1625, 1626, 1642, 1641, 1626, 1627, 1643, 1642, 1629, 1628, 1644, 1645, 1628, 1630, 1646, 1644, 1630, 1631, 1647, 1646, 1631, 1632, 1648, 1647, 1632, 1633, 1649, 1648, 1633, 1634, 1650, 1649, 1634, 1635, 1651, 1650, 1635, 1636, 1652, 1651, 1636, 1637, 1653, 1652, 1637, 1638, 1654, 1653, 1638, 1639, 1655, 1654, 1639, 1640, 1656, 1655, 1640, 1641, 1657, 1656, 1641, 1642, 1658, 1657, 1642, 1643, 1659, 1658, 1645, 1644, 1660, 1661, 1644, 1646, 1662, 1660, 1646, 1647, 1663, 1662, 1647, 1648, 1664, 1663, 1648, 1649, 1665, 1664, 1649, 1650, 1666, 1665, 1650, 1651, 1667, 1666, 1651, 1652, 1668, 1667, 1652, 1653, 1669, 1668, 1653, 1654, 1670, 1669, 1654, 1655, 1671, 1670, 1655, 1656, 1672, 1671, 1656, 1657, 1673, 1672, 1657, 1658, 1674, 1673, 1658, 1659, 1675, 1674, 1661, 1660, 1676, 1677, 1660, 1662, 1678, 1676, 1662, 1663, 1679, 1678, 1663, 1664, 1680, 1679, 1664, 1665, 1681, 1680, 1665, 1666, 1682, 1681, 1666, 1667, 1683, 1682, 1667, 1668, 1684, 1683, 1668, 1669, 1685, 1684, 1669, 1670, 1686, 1685, 1670, 1671, 1687, 1686, 1671, 1672, 1688, 1687, 1672, 1673, 1689, 1688, 1673, 1674, 1690, 1689, 1674, 1675, 1691, 1690, 1677, 1676, 1692, 1693, 1676, 1678, 1694, 1692, 1678, 1679, 1695, 1694, 1679, 1680, 1696, 1695, 1680, 1681, 1697, 1696, 1681, 1682, 1698, 1697, 1682, 1683, 1699, 1698, 1683, 1684, 1700, 1699, 1684, 1685, 1701, 1700, 1685, 1686, 1702, 1701, 1686, 1687, 1703, 1702, 1687, 1688, 1704, 1703, 1688, 1689, 1705, 1704, 1689, 1690, 1706, 1705, 1690, 1691, 1707, 1706, 1693, 1692, 1708, 1709, 1692, 1694, 1710, 1708, 1694, 1695, 1711, 1710, 1695, 1696, 1712, 1711, 1696, 1697, 1713, 1712, 1697, 1698, 1714, 1713, 1698, 1699, 1715, 1714, 1699, 1700, 1716, 1715, 1700, 1701, 1717, 1716, 1701, 1702, 1718, 1717, 1702, 1703, 1719, 1718, 1703, 1704, 1720, 1719, 1704, 1705, 1721, 1720, 1705, 1706, 1722, 1721, 1706, 1707, 1723, 1722, 1709, 1708, 1724, 1725, 1708, 1710, 1726, 1724, 1710, 1711, 1727, 1726, 1711, 1712, 1728, 1727, 1712, 1713, 1729, 1728, 1713, 1714, 1730, 1729, 1714, 1715, 1731, 1730, 1715, 1716, 1732, 1731, 1716, 1717, 1733, 1732, 1717, 1718, 1734, 1733, 1718, 1719, 1735, 1734, 1719, 1720, 1736, 1735, 1720, 1721, 1737, 1736, 1721, 1722, 1738, 1737, 1722, 1723, 1739, 1738, 1725, 1724, 1740, 1741, 1724, 1726, 1742, 1740, 1726, 1727, 1743, 1742, 1727, 1728, 1744, 1743, 1728, 1729, 1745, 1744, 1729, 1730, 1746, 1745, 1730, 1731, 1747, 1746, 1731, 1732, 1748, 1747, 1732, 1733, 1749, 1748, 1733, 1734, 1750, 1749, 1734, 1735, 1751, 1750, 1735, 1736, 1752, 1751, 1736, 1737, 1753, 1752, 1737, 1738, 1754, 1753, 1738, 1739, 1755, 1754, 1741, 1740, 1756, 1757, 1740, 1742, 1758, 1756, 1742, 1743, 1759, 1758, 1743, 1744, 1760, 1759, 1744, 1745, 1761, 1760, 1745, 1746, 1762, 1761, 1746, 1747, 1763, 1762, 1747, 1748, 1764, 1763, 1748, 1749, 1765, 1764, 1749, 1750, 1766, 1765, 1750, 1751, 1767, 1766, 1751, 1752, 1768, 1767, 1752, 1753, 1769, 1768, 1753, 1754, 1770, 1769, 1754, 1755, 1771, 1770, 1757, 1756, 1772, 1773, 1756, 1758, 1774, 1772, 1758, 1759, 1775, 1774, 1759, 1760, 1776, 1775, 1760, 1761, 1777, 1776, 1761, 1762, 1778, 1777, 1762, 1763, 1779, 1778, 1763, 1764, 1780, 1779, 1764, 1765, 1781, 1780, 1765, 1766, 1782, 1781, 1766, 1767, 1783, 1782, 1767, 1768, 1784, 1783, 1768, 1769, 1785, 1784, 1769, 1770, 1786, 1785, 1770, 1771, 1787, 1786, 1773, 1772, 1788, 1789, 1772, 1774, 1790, 1788, 1774, 1775, 1791, 1790, 1775, 1776, 1792, 1791, 1776, 1777, 1793, 1792, 1777, 1778, 1794, 1793, 1778, 1779, 1795, 1794, 1779, 1780, 1796, 1795, 1780, 1781, 1797, 1796, 1781, 1782, 1798, 1797, 1782, 1783, 1799, 1798, 1783, 1784, 1800, 1799, 1784, 1785, 1801, 1800, 1785, 1786, 1802, 1801, 1786, 1787, 1803, 1802, 1789, 1788, 1804, 1805, 1788, 1790, 1806, 1804, 1790, 1791, 1807, 1806, 1791, 1792, 1808, 1807, 1792, 1793, 1809, 1808, 1793, 1794, 1810, 1809, 1794, 1795, 1811, 1810, 1795, 1796, 1812, 1811, 1796, 1797, 1813, 1812, 1797, 1798, 1814, 1813, 1798, 1799, 1815, 1814, 1799, 1800, 1816, 1815, 1800, 1801, 1817, 1816, 1801, 1802, 1818, 1817, 1802, 1803, 1819, 1818, 1805, 1804, 592, 576, 1804, 1806, 608, 592, 1806, 1807, 624, 608, 1807, 1808, 640, 624, 1808, 1809, 656, 640, 1809, 1810, 672, 656, 1810, 1811, 688, 672, 1811, 1812, 704, 688, 1812, 1813, 720, 704, 1813, 1814, 736, 720, 1814, 1815, 752, 736, 1815, 1816, 768, 752, 1816, 1817, 784, 768, 1817, 1818, 800, 784, 1818, 1819, 816, 800, 17, 16, 1597, 1820, 1820, 1597, 1613, 1821, 1821, 1613, 1629, 1822, 1822, 1629, 1645, 1823, 1823, 1645, 1661, 1824, 1824, 1661, 1677, 1825, 1825, 1677, 1693, 1826, 1826, 1693, 1709, 1827, 1827, 1709, 1725, 1828, 1828, 1725, 1741, 1829, 1829, 1741, 1757, 1830, 1830, 1757, 1773, 1831, 1831, 1773, 1789, 1832, 1832, 1789, 1805, 1833, 1833, 1805, 576, 547, 17, 1820, 1834, 1835, 1820, 1821, 1836, 1834, 1821, 1822, 1837, 1836, 1822, 1823, 1838, 1837, 1823, 1824, 1839, 1838, 1824, 1825, 1840, 1839, 1825, 1826, 1841, 1840, 1826, 1827, 1842, 1841, 1827, 1828, 1843, 1842, 1828, 1829, 1844, 1843, 1829, 1830, 1845, 1844, 1830, 1831, 1846, 1845, 1831, 1832, 1847, 1846, 1832, 1833, 1848, 1847, 1833, 547, 546, 1848, 1835, 1834, 1849, 1850, 1834, 1836, 1851, 1849, 1836, 1837, 1852, 1851, 1837, 1838, 1853, 1852, 1838, 1839, 1854, 1853, 1839, 1840, 1855, 1854, 1840, 1841, 1856, 1855, 1841, 1842, 1857, 1856, 1842, 1843, 1858, 1857, 1843, 1844, 1859, 1858, 1844, 1845, 1860, 1859, 1845, 1846, 1861, 1860, 1846, 1847, 1862, 1861, 1847, 1848, 1863, 1862, 1848, 546, 548, 1863, 1850, 1849, 1864, 1865, 1849, 1851, 1866, 1864, 1851, 1852, 1867, 1866, 1852, 1853, 1868, 1867, 1853, 1854, 1869, 1868, 1854, 1855, 1870, 1869, 1855, 1856, 1871, 1870, 1856, 1857, 1872, 1871, 1857, 1858, 1873, 1872, 1858, 1859, 1874, 1873, 1859, 1860, 1875, 1874, 1860, 1861, 1876, 1875, 1861, 1862, 1877, 1876, 1862, 1863, 1878, 1877, 1863, 548, 549, 1878, 1865, 1864, 1879, 1880, 1864, 1866, 1881, 1879, 1866, 1867, 1882, 1881, 1867, 1868, 1883, 1882, 1868, 1869, 1884, 1883, 1869, 1870, 1885, 1884, 1870, 1871, 1886, 1885, 1871, 1872, 1887, 1886, 1872, 1873, 1888, 1887, 1873, 1874, 1889, 1888, 1874, 1875, 1890, 1889, 1875, 1876, 1891, 1890, 1876, 1877, 1892, 1891, 1877, 1878, 1893, 1892, 1878, 549, 550, 1893, 1880, 1879, 1894, 1895, 1879, 1881, 1896, 1894, 1881, 1882, 1897, 1896, 1882, 1883, 1898, 1897, 1883, 1884, 1899, 1898, 1884, 1885, 1900, 1899, 1885, 1886, 1901, 1900, 1886, 1887, 1902, 1901, 1887, 1888, 1903, 1902, 1888, 1889, 1904, 1903, 1889, 1890, 1905, 1904, 1890, 1891, 1906, 1905, 1891, 1892, 1907, 1906, 1892, 1893, 1908, 1907, 1893, 550, 551, 1908, 1895, 1894, 1909, 1910, 1894, 1896, 1911, 1909, 1896, 1897, 1912, 1911, 1897, 1898, 1913, 1912, 1898, 1899, 1914, 1913, 1899, 1900, 1915, 1914, 1900, 1901, 1916, 1915, 1901, 1902, 1917, 1916, 1902, 1903, 1918, 1917, 1903, 1904, 1919, 1918, 1904, 1905, 1920, 1919, 1905, 1906, 1921, 1920, 1906, 1907, 1922, 1921, 1907, 1908, 1923, 1922, 1908, 551, 552, 1923, 1910, 1909, 1924, 1925, 1909, 1911, 1926, 1924, 1911, 1912, 1927, 1926, 1912, 1913, 1928, 1927, 1913, 1914, 1929, 1928, 1914, 1915, 1930, 1929, 1915, 1916, 1931, 1930, 1916, 1917, 1932, 1931, 1917, 1918, 1933, 1932, 1918, 1919, 1934, 1933, 1919, 1920, 1935, 1934, 1920, 1921, 1936, 1935, 1921, 1922, 1937, 1936, 1922, 1923, 1938, 1937, 1923, 552, 553, 1938, 1925, 1924, 1939, 1940, 1924, 1926, 1941, 1939, 1926, 1927, 1942, 1941, 1927, 1928, 1943, 1942, 1928, 1929, 1944, 1943, 1929, 1930, 1945, 1944, 1930, 1931, 1946, 1945, 1931, 1932, 1947, 1946, 1932, 1933, 1948, 1947, 1933, 1934, 1949, 1948, 1934, 1935, 1950, 1949, 1935, 1936, 1951, 1950, 1936, 1937, 1952, 1951, 1937, 1938, 1953, 1952, 1938, 553, 554, 1953, 1940, 1939, 1954, 1955, 1939, 1941, 1956, 1954, 1941, 1942, 1957, 1956, 1942, 1943, 1958, 1957, 1943, 1944, 1959, 1958, 1944, 1945, 1960, 1959, 1945, 1946, 1961, 1960, 1946, 1947, 1962, 1961, 1947, 1948, 1963, 1962, 1948, 1949, 1964, 1963, 1949, 1950, 1965, 1964, 1950, 1951, 1966, 1965, 1951, 1952, 1967, 1966, 1952, 1953, 1968, 1967, 1953, 554, 555, 1968, 1955, 1954, 1969, 1970, 1954, 1956, 1971, 1969, 1956, 1957, 1972, 1971, 1957, 1958, 1973, 1972, 1958, 1959, 1974, 1973, 1959, 1960, 1975, 1974, 1960, 1961, 1976, 1975, 1961, 1962, 1977, 1976, 1962, 1963, 1978, 1977, 1963, 1964, 1979, 1978, 1964, 1965, 1980, 1979, 1965, 1966, 1981, 1980, 1966, 1967, 1982, 1981, 1967, 1968, 1983, 1982, 1968, 555, 556, 1983, 1970, 1969, 1984, 1985, 1969, 1971, 1986, 1984, 1971, 1972, 1987, 1986, 1972, 1973, 1988, 1987, 1973, 1974, 1989, 1988, 1974, 1975, 1990, 1989, 1975, 1976, 1991, 1990, 1976, 1977, 1992, 1991, 1977, 1978, 1993, 1992, 1978, 1979, 1994, 1993, 1979, 1980, 1995, 1994, 1980, 1981, 1996, 1995, 1981, 1982, 1997, 1996, 1982, 1983, 1998, 1997, 1983, 556, 557, 1998, 1985, 1984, 1999, 2000, 1984, 1986, 2001, 1999, 1986, 1987, 2002, 2001, 1987, 1988, 2003, 2002, 1988, 1989, 2004, 2003, 1989, 1990, 2005, 2004, 1990, 1991, 2006, 2005, 1991, 1992, 2007, 2006, 1992, 1993, 2008, 2007, 1993, 1994, 2009, 2008, 1994, 1995, 2010, 2009, 1995, 1996, 2011, 2010, 1996, 1997, 2012, 2011, 1997, 1998, 2013, 2012, 1998, 557, 558, 2013, 2000, 1999, 2014, 2015, 1999, 2001, 2016, 2014, 2001, 2002, 2017, 2016, 2002, 2003, 2018, 2017, 2003, 2004, 2019, 2018, 2004, 2005, 2020, 2019, 2005, 2006, 2021, 2020, 2006, 2007, 2022, 2021, 2007, 2008, 2023, 2022, 2008, 2009, 2024, 2023, 2009, 2010, 2025, 2024, 2010, 2011, 2026, 2025, 2011, 2012, 2027, 2026, 2012, 2013, 2028, 2027, 2013, 558, 559, 2028, 2015, 2014, 2029, 2030, 2014, 2016, 2031, 2029, 2016, 2017, 2032, 2031, 2017, 2018, 2033, 2032, 2018, 2019, 2034, 2033, 2019, 2020, 2035, 2034, 2020, 2021, 2036, 2035, 2021, 2022, 2037, 2036, 2022, 2023, 2038, 2037, 2023, 2024, 2039, 2038, 2024, 2025, 2040, 2039, 2025, 2026, 2041, 2040, 2026, 2027, 2042, 2041, 2027, 2028, 2043, 2042, 2028, 559, 560, 2043, 2030, 2029, 2044, 2045, 2029, 2031, 2046, 2044, 2031, 2032, 2047, 2046, 2032, 2033, 2048, 2047, 2033, 2034, 2049, 2048, 2034, 2035, 2050, 2049, 2035, 2036, 2051, 2050, 2036, 2037, 2052, 2051, 2037, 2038, 2053, 2052, 2038, 2039, 2054, 2053, 2039, 2040, 2055, 2054, 2040, 2041, 2056, 2055, 2041, 2042, 2057, 2056, 2042, 2043, 2058, 2057, 2043, 560, 561, 2058, 2059, 17, 1835, 2059, 2059, 1835, 1850, 2059, 2059, 1850, 1865, 2059, 2059, 1865, 1880, 2059, 2059, 1880, 1895, 2059, 2059, 1895, 1910, 2059, 2059, 1910, 1925, 2059, 2059, 1925, 1940, 2059, 2059, 1940, 1955, 2059, 2059, 1955, 1970, 2059, 2059, 1970, 1985, 2059, 2059, 1985, 2000, 2059, 2059, 2000, 2015, 2059, 2059, 2015, 2030, 2059, 2059, 2030, 2045, 2059, 11, 10, 2060, 2061, 2061, 2060, 2062, 2063, 2063, 2062, 2064, 2065, 2065, 2064, 2066, 2067, 2067, 2066, 2068, 2069, 2069, 2068, 2070, 2071, 2071, 2070, 2072, 2073, 2073, 2072, 2074, 2075, 2075, 2074, 2076, 2077, 2077, 2076, 2078, 2079, 2079, 2078, 2080, 2081, 2081, 2080, 2082, 2083, 2083, 2082, 2084, 2085, 2085, 2084, 2086, 2087, 2087, 2086, 2088, 2089, 11, 2061, 2090, 2091, 2061, 2063, 2092, 2090, 2063, 2065, 2093, 2092, 2065, 2067, 2094, 2093, 2067, 2069, 2095, 2094, 2069, 2071, 2096, 2095, 2071, 2073, 2097, 2096, 2073, 2075, 2098, 2097, 2075, 2077, 2099, 2098, 2077, 2079, 2100, 2099, 2079, 2081, 2101, 2100, 2081, 2083, 2102, 2101, 2083, 2085, 2103, 2102, 2085, 2087, 2104, 2103, 2087, 2089, 2105, 2104, 2091, 2090, 2106, 2107, 2090, 2092, 2108, 2106, 2092, 2093, 2109, 2108, 2093, 2094, 2110, 2109, 2094, 2095, 2111, 2110, 2095, 2096, 2112, 2111, 2096, 2097, 2113, 2112, 2097, 2098, 2114, 2113, 2098, 2099, 2115, 2114, 2099, 2100, 2116, 2115, 2100, 2101, 2117, 2116, 2101, 2102, 2118, 2117, 2102, 2103, 2119, 2118, 2103, 2104, 2120, 2119, 2104, 2105, 2121, 2120, 2107, 2106, 2122, 2123, 2106, 2108, 2124, 2122, 2108, 2109, 2125, 2124, 2109, 2110, 2126, 2125, 2110, 2111, 2127, 2126, 2111, 2112, 2128, 2127, 2112, 2113, 2129, 2128, 2113, 2114, 2130, 2129, 2114, 2115, 2131, 2130, 2115, 2116, 2132, 2131, 2116, 2117, 2133, 2132, 2117, 2118, 2134, 2133, 2118, 2119, 2135, 2134, 2119, 2120, 2136, 2135, 2120, 2121, 2137, 2136, 2123, 2122, 2138, 2139, 2122, 2124, 2140, 2138, 2124, 2125, 2141, 2140, 2125, 2126, 2142, 2141, 2126, 2127, 2143, 2142, 2127, 2128, 2144, 2143, 2128, 2129, 2145, 2144, 2129, 2130, 2146, 2145, 2130, 2131, 2147, 2146, 2131, 2132, 2148, 2147, 2132, 2133, 2149, 2148, 2133, 2134, 2150, 2149, 2134, 2135, 2151, 2150, 2135, 2136, 2152, 2151, 2136, 2137, 2153, 2152, 2139, 2138, 2154, 2155, 2138, 2140, 2156, 2154, 2140, 2141, 2157, 2156, 2141, 2142, 2158, 2157, 2142, 2143, 2159, 2158, 2143, 2144, 2160, 2159, 2144, 2145, 2161, 2160, 2145, 2146, 2162, 2161, 2146, 2147, 2163, 2162, 2147, 2148, 2164, 2163, 2148, 2149, 2165, 2164, 2149, 2150, 2166, 2165, 2150, 2151, 2167, 2166, 2151, 2152, 2168, 2167, 2152, 2153, 2169, 2168, 2155, 2154, 2170, 2171, 2154, 2156, 2172, 2170, 2156, 2157, 2173, 2172, 2157, 2158, 2174, 2173, 2158, 2159, 2175, 2174, 2159, 2160, 2176, 2175, 2160, 2161, 2177, 2176, 2161, 2162, 2178, 2177, 2162, 2163, 2179, 2178, 2163, 2164, 2180, 2179, 2164, 2165, 2181, 2180, 2165, 2166, 2182, 2181, 2166, 2167, 2183, 2182, 2167, 2168, 2184, 2183, 2168, 2169, 2185, 2184, 2171, 2170, 2186, 2187, 2170, 2172, 2188, 2186, 2172, 2173, 2189, 2188, 2173, 2174, 2190, 2189, 2174, 2175, 2191, 2190, 2175, 2176, 2192, 2191, 2176, 2177, 2193, 2192, 2177, 2178, 2194, 2193, 2178, 2179, 2195, 2194, 2179, 2180, 2196, 2195, 2180, 2181, 2197, 2196, 2181, 2182, 2198, 2197, 2182, 2183, 2199, 2198, 2183, 2184, 2200, 2199, 2184, 2185, 2201, 2200, 2187, 2186, 2202, 2203, 2186, 2188, 2204, 2202, 2188, 2189, 2205, 2204, 2189, 2190, 2206, 2205, 2190, 2191, 2207, 2206, 2191, 2192, 2208, 2207, 2192, 2193, 2209, 2208, 2193, 2194, 2210, 2209, 2194, 2195, 2211, 2210, 2195, 2196, 2212, 2211, 2196, 2197, 2213, 2212, 2197, 2198, 2214, 2213, 2198, 2199, 2215, 2214, 2199, 2200, 2216, 2215, 2200, 2201, 2217, 2216, 2203, 2202, 2218, 2219, 2202, 2204, 2220, 2218, 2204, 2205, 2221, 2220, 2205, 2206, 2222, 2221, 2206, 2207, 2223, 2222, 2207, 2208, 2224, 2223, 2208, 2209, 2225, 2224, 2209, 2210, 2226, 2225, 2210, 2211, 2227, 2226, 2211, 2212, 2228, 2227, 2212, 2213, 2229, 2228, 2213, 2214, 2230, 2229, 2214, 2215, 2231, 2230, 2215, 2216, 2232, 2231, 2216, 2217, 2233, 2232, 2219, 2218, 2234, 2235, 2218, 2220, 2236, 2234, 2220, 2221, 2237, 2236, 2221, 2222, 2238, 2237, 2222, 2223, 2239, 2238, 2223, 2224, 2240, 2239, 2224, 2225, 2241, 2240, 2225, 2226, 2242, 2241, 2226, 2227, 2243, 2242, 2227, 2228, 2244, 2243, 2228, 2229, 2245, 2244, 2229, 2230, 2246, 2245, 2230, 2231, 2247, 2246, 2231, 2232, 2248, 2247, 2232, 2233, 2249, 2248, 2235, 2234, 2250, 2251, 2234, 2236, 2252, 2250, 2236, 2237, 2253, 2252, 2237, 2238, 2254, 2253, 2238, 2239, 2255, 2254, 2239, 2240, 2256, 2255, 2240, 2241, 2257, 2256, 2241, 2242, 2258, 2257, 2242, 2243, 2259, 2258, 2243, 2244, 2260, 2259, 2244, 2245, 2261, 2260, 2245, 2246, 2262, 2261, 2246, 2247, 2263, 2262, 2247, 2248, 2264, 2263, 2248, 2249, 2265, 2264, 2251, 2250, 2266, 2267, 2250, 2252, 2268, 2266, 2252, 2253, 2269, 2268, 2253, 2254, 2270, 2269, 2254, 2255, 2271, 2270, 2255, 2256, 2272, 2271, 2256, 2257, 2273, 2272, 2257, 2258, 2274, 2273, 2258, 2259, 2275, 2274, 2259, 2260, 2276, 2275, 2260, 2261, 2277, 2276, 2261, 2262, 2278, 2277, 2262, 2263, 2279, 2278, 2263, 2264, 2280, 2279, 2264, 2265, 2281, 2280, 2267, 2266, 2282, 2283, 2266, 2268, 2284, 2282, 2268, 2269, 2285, 2284, 2269, 2270, 2286, 2285, 2270, 2271, 2287, 2286, 2271, 2272, 2288, 2287, 2272, 2273, 2289, 2288, 2273, 2274, 2290, 2289, 2274, 2275, 2291, 2290, 2275, 2276, 2292, 2291, 2276, 2277, 2293, 2292, 2277, 2278, 2294, 2293, 2278, 2279, 2295, 2294, 2279, 2280, 2296, 2295, 2280, 2281, 2297, 2296, 2283, 2282, 2298, 2299, 2282, 2284, 2300, 2298, 2284, 2285, 2301, 2300, 2285, 2286, 2302, 2301, 2286, 2287, 2303, 2302, 2287, 2288, 2304, 2303, 2288, 2289, 2305, 2304, 2289, 2290, 2306, 2305, 2290, 2291, 2307, 2306, 2291, 2292, 2308, 2307, 2292, 2293, 2309, 2308, 2293, 2294, 2310, 2309, 2294, 2295, 2311, 2310, 2295, 2296, 2312, 2311, 2296, 2297, 2313, 2312, 2299, 2298, 334, 49, 2298, 2300, 352, 334, 2300, 2301, 369, 352, 2301, 2302, 385, 369, 2302, 2303, 401, 385, 2303, 2304, 417, 401, 2304, 2305, 433, 417, 2305, 2306, 449, 433, 2306, 2307, 465, 449, 2307, 2308, 481, 465, 2308, 2309, 497, 481, 2309, 2310, 513, 497, 2310, 2311, 529, 513, 2311, 2312, 545, 529, 2312, 2313, 561, 545, 8, 11, 2091, 2314, 2314, 2091, 2107, 2315, 2315, 2107, 2123, 2316, 2316, 2123, 2139, 2317, 2317, 2139, 2155, 2318, 2318, 2155, 2171, 2319, 2319, 2171, 2187, 2320, 2320, 2187, 2203, 2321, 2321, 2203, 2219, 2322, 2322, 2219, 2235, 2323, 2323, 2235, 2251, 2324, 2324, 2251, 2267, 2325, 2325, 2267, 2283, 2326, 2326, 2283, 2299, 2327, 2327, 2299, 49, 48, 8, 2314, 2328, 2329, 2314, 2315, 2330, 2328, 2315, 2316, 2331, 2330, 2316, 2317, 2332, 2331, 2317, 2318, 2333, 2332, 2318, 2319, 2334, 2333, 2319, 2320, 2335, 2334, 2320, 2321, 2336, 2335, 2321, 2322, 2337, 2336, 2322, 2323, 2338, 2337, 2323, 2324, 2339, 2338, 2324, 2325, 2340, 2339, 2325, 2326, 2341, 2340, 2326, 2327, 2342, 2341, 2327, 48, 299, 2342, 2329, 2328, 2343, 2344, 2328, 2330, 2345, 2343, 2330, 2331, 2346, 2345, 2331, 2332, 2347, 2346, 2332, 2333, 2348, 2347, 2333, 2334, 2349, 2348, 2334, 2335, 2350, 2349, 2335, 2336, 2351, 2350, 2336, 2337, 2352, 2351, 2337, 2338, 2353, 2352, 2338, 2339, 2354, 2353, 2339, 2340, 2355, 2354, 2340, 2341, 2356, 2355, 2341, 2342, 2357, 2356, 2342, 299, 300, 2357, 2344, 2343, 2358, 2359, 2343, 2345, 2360, 2358, 2345, 2346, 2361, 2360, 2346, 2347, 2362, 2361, 2347, 2348, 2363, 2362, 2348, 2349, 2364, 2363, 2349, 2350, 2365, 2364, 2350, 2351, 2366, 2365, 2351, 2352, 2367, 2366, 2352, 2353, 2368, 2367, 2353, 2354, 2369, 2368, 2354, 2355, 2370, 2369, 2355, 2356, 2371, 2370, 2356, 2357, 2372, 2371, 2357, 300, 301, 2372, 2359, 2358, 2373, 2374, 2358, 2360, 2375, 2373, 2360, 2361, 2376, 2375, 2361, 2362, 2377, 2376, 2362, 2363, 2378, 2377, 2363, 2364, 2379, 2378, 2364, 2365, 2380, 2379, 2365, 2366, 2381, 2380, 2366, 2367, 2382, 2381, 2367, 2368, 2383, 2382, 2368, 2369, 2384, 2383, 2369, 2370, 2385, 2384, 2370, 2371, 2386, 2385, 2371, 2372, 2387, 2386, 2372, 301, 302, 2387, 2374, 2373, 2388, 2389, 2373, 2375, 2390, 2388, 2375, 2376, 2391, 2390, 2376, 2377, 2392, 2391, 2377, 2378, 2393, 2392, 2378, 2379, 2394, 2393, 2379, 2380, 2395, 2394, 2380, 2381, 2396, 2395, 2381, 2382, 2397, 2396, 2382, 2383, 2398, 2397, 2383, 2384, 2399, 2398, 2384, 2385, 2400, 2399, 2385, 2386, 2401, 2400, 2386, 2387, 2402, 2401, 2387, 302, 303, 2402, 2389, 2388, 2403, 2404, 2388, 2390, 2405, 2403, 2390, 2391, 2406, 2405, 2391, 2392, 2407, 2406, 2392, 2393, 2408, 2407, 2393, 2394, 2409, 2408, 2394, 2395, 2410, 2409, 2395, 2396, 2411, 2410, 2396, 2397, 2412, 2411, 2397, 2398, 2413, 2412, 2398, 2399, 2414, 2413, 2399, 2400, 2415, 2414, 2400, 2401, 2416, 2415, 2401, 2402, 2417, 2416, 2402, 303, 304, 2417, 2404, 2403, 2418, 2419, 2403, 2405, 2420, 2418, 2405, 2406, 2421, 2420, 2406, 2407, 2422, 2421, 2407, 2408, 2423, 2422, 2408, 2409, 2424, 2423, 2409, 2410, 2425, 2424, 2410, 2411, 2426, 2425, 2411, 2412, 2427, 2426, 2412, 2413, 2428, 2427, 2413, 2414, 2429, 2428, 2414, 2415, 2430, 2429, 2415, 2416, 2431, 2430, 2416, 2417, 2432, 2431, 2417, 304, 305, 2432, 2419, 2418, 2433, 2434, 2418, 2420, 2435, 2433, 2420, 2421, 2436, 2435, 2421, 2422, 2437, 2436, 2422, 2423, 2438, 2437, 2423, 2424, 2439, 2438, 2424, 2425, 2440, 2439, 2425, 2426, 2441, 2440, 2426, 2427, 2442, 2441, 2427, 2428, 2443, 2442, 2428, 2429, 2444, 2443, 2429, 2430, 2445, 2444, 2430, 2431, 2446, 2445, 2431, 2432, 2447, 2446, 2432, 305, 306, 2447, 2434, 2433, 2448, 2449, 2433, 2435, 2450, 2448, 2435, 2436, 2451, 2450, 2436, 2437, 2452, 2451, 2437, 2438, 2453, 2452, 2438, 2439, 2454, 2453, 2439, 2440, 2455, 2454, 2440, 2441, 2456, 2455, 2441, 2442, 2457, 2456, 2442, 2443, 2458, 2457, 2443, 2444, 2459, 2458, 2444, 2445, 2460, 2459, 2445, 2446, 2461, 2460, 2446, 2447, 2462, 2461, 2447, 306, 307, 2462, 2449, 2448, 2463, 2464, 2448, 2450, 2465, 2463, 2450, 2451, 2466, 2465, 2451, 2452, 2467, 2466, 2452, 2453, 2468, 2467, 2453, 2454, 2469, 2468, 2454, 2455, 2470, 2469, 2455, 2456, 2471, 2470, 2456, 2457, 2472, 2471, 2457, 2458, 2473, 2472, 2458, 2459, 2474, 2473, 2459, 2460, 2475, 2474, 2460, 2461, 2476, 2475, 2461, 2462, 2477, 2476, 2462, 307, 308, 2477, 2464, 2463, 2478, 2479, 2463, 2465, 2480, 2478, 2465, 2466, 2481, 2480, 2466, 2467, 2482, 2481, 2467, 2468, 2483, 2482, 2468, 2469, 2484, 2483, 2469, 2470, 2485, 2484, 2470, 2471, 2486, 2485, 2471, 2472, 2487, 2486, 2472, 2473, 2488, 2487, 2473, 2474, 2489, 2488, 2474, 2475, 2490, 2489, 2475, 2476, 2491, 2490, 2476, 2477, 2492, 2491, 2477, 308, 309, 2492, 2479, 2478, 2493, 2494, 2478, 2480, 2495, 2493, 2480, 2481, 2496, 2495, 2481, 2482, 2497, 2496, 2482, 2483, 2498, 2497, 2483, 2484, 2499, 2498, 2484, 2485, 2500, 2499, 2485, 2486, 2501, 2500, 2486, 2487, 2502, 2501, 2487, 2488, 2503, 2502, 2488, 2489, 2504, 2503, 2489, 2490, 2505, 2504, 2490, 2491, 2506, 2505, 2491, 2492, 2507, 2506, 2492, 309, 310, 2507, 2494, 2493, 2508, 2509, 2493, 2495, 2510, 2508, 2495, 2496, 2511, 2510, 2496, 2497, 2512, 2511, 2497, 2498, 2513, 2512, 2498, 2499, 2514, 2513, 2499, 2500, 2515, 2514, 2500, 2501, 2516, 2515, 2501, 2502, 2517, 2516, 2502, 2503, 2518, 2517, 2503, 2504, 2519, 2518, 2504, 2505, 2520, 2519, 2505, 2506, 2521, 2520, 2506, 2507, 2522, 2521, 2507, 310, 311, 2522, 2509, 2508, 2523, 2524, 2508, 2510, 2525, 2523, 2510, 2511, 2526, 2525, 2511, 2512, 2527, 2526, 2512, 2513, 2528, 2527, 2513, 2514, 2529, 2528, 2514, 2515, 2530, 2529, 2515, 2516, 2531, 2530, 2516, 2517, 2532, 2531, 2517, 2518, 2533, 2532, 2518, 2519, 2534, 2533, 2519, 2520, 2535, 2534, 2520, 2521, 2536, 2535, 2521, 2522, 2537, 2536, 2522, 311, 312, 2537, 2524, 2523, 2538, 2539, 2523, 2525, 2540, 2538, 2525, 2526, 2541, 2540, 2526, 2527, 2542, 2541, 2527, 2528, 2543, 2542, 2528, 2529, 2544, 2543, 2529, 2530, 2545, 2544, 2530, 2531, 2546, 2545, 2531, 2532, 2547, 2546, 2532, 2533, 2548, 2547, 2533, 2534, 2549, 2548, 2534, 2535, 2550, 2549, 2535, 2536, 2551, 2550, 2536, 2537, 2552, 2551, 2537, 312, 313, 2552, 2553, 8, 2329, 2553, 2553, 2329, 2344, 2553, 2553, 2344, 2359, 2553, 2553, 2359, 2374, 2553, 2553, 2374, 2389, 2553, 2553, 2389, 2404, 2553, 2553, 2404, 2419, 2553, 2553, 2419, 2434, 2553, 2553, 2434, 2449, 2553, 2553, 2449, 2464, 2553, 2553, 2464, 2479, 2553, 2553, 2479, 2494, 2553, 2553, 2494, 2509, 2553, 2553, 2509, 2524, 2553, 2553, 2524, 2539, 2553, 14, 13, 2554, 2555, 2555, 2554, 2556, 2557, 2557, 2556, 2558, 2559, 2559, 2558, 2560, 2561, 2561, 2560, 2562, 2563, 2563, 2562, 2564, 2565, 2565, 2564, 2566, 2567, 2567, 2566, 2568, 2569, 2569, 2568, 2570, 2571, 2571, 2570, 2572, 2573, 2573, 2572, 2574, 2575, 2575, 2574, 2576, 2577, 2577, 2576, 2578, 2579, 2579, 2578, 2580, 2581, 2581, 2580, 2582, 2583, 14, 2555, 2584, 2585, 2555, 2557, 2586, 2584, 2557, 2559, 2587, 2586, 2559, 2561, 2588, 2587, 2561, 2563, 2589, 2588, 2563, 2565, 2590, 2589, 2565, 2567, 2591, 2590, 2567, 2569, 2592, 2591, 2569, 2571, 2593, 2592, 2571, 2573, 2594, 2593, 2573, 2575, 2595, 2594, 2575, 2577, 2596, 2595, 2577, 2579, 2597, 2596, 2579, 2581, 2598, 2597, 2581, 2583, 2599, 2598, 2585, 2584, 2600, 2601, 2584, 2586, 2602, 2600, 2586, 2587, 2603, 2602, 2587, 2588, 2604, 2603, 2588, 2589, 2605, 2604, 2589, 2590, 2606, 2605, 2590, 2591, 2607, 2606, 2591, 2592, 2608, 2607, 2592, 2593, 2609, 2608, 2593, 2594, 2610, 2609, 2594, 2595, 2611, 2610, 2595, 2596, 2612, 2611, 2596, 2597, 2613, 2612, 2597, 2598, 2614, 2613, 2598, 2599, 2615, 2614, 2601, 2600, 2616, 2617, 2600, 2602, 2618, 2616, 2602, 2603, 2619, 2618, 2603, 2604, 2620, 2619, 2604, 2605, 2621, 2620, 2605, 2606, 2622, 2621, 2606, 2607, 2623, 2622, 2607, 2608, 2624, 2623, 2608, 2609, 2625, 2624, 2609, 2610, 2626, 2625, 2610, 2611, 2627, 2626, 2611, 2612, 2628, 2627, 2612, 2613, 2629, 2628, 2613, 2614, 2630, 2629, 2614, 2615, 2631, 2630, 2617, 2616, 2632, 2633, 2616, 2618, 2634, 2632, 2618, 2619, 2635, 2634, 2619, 2620, 2636, 2635, 2620, 2621, 2637, 2636, 2621, 2622, 2638, 2637, 2622, 2623, 2639, 2638, 2623, 2624, 2640, 2639, 2624, 2625, 2641, 2640, 2625, 2626, 2642, 2641, 2626, 2627, 2643, 2642, 2627, 2628, 2644, 2643, 2628, 2629, 2645, 2644, 2629, 2630, 2646, 2645, 2630, 2631, 2647, 2646, 2633, 2632, 2648, 2649, 2632, 2634, 2650, 2648, 2634, 2635, 2651, 2650, 2635, 2636, 2652, 2651, 2636, 2637, 2653, 2652, 2637, 2638, 2654, 2653, 2638, 2639, 2655, 2654, 2639, 2640, 2656, 2655, 2640, 2641, 2657, 2656, 2641, 2642, 2658, 2657, 2642, 2643, 2659, 2658, 2643, 2644, 2660, 2659, 2644, 2645, 2661, 2660, 2645, 2646, 2662, 2661, 2646, 2647, 2663, 2662, 2649, 2648, 2664, 2665, 2648, 2650, 2666, 2664, 2650, 2651, 2667, 2666, 2651, 2652, 2668, 2667, 2652, 2653, 2669, 2668, 2653, 2654, 2670, 2669, 2654, 2655, 2671, 2670, 2655, 2656, 2672, 2671, 2656, 2657, 2673, 2672, 2657, 2658, 2674, 2673, 2658, 2659, 2675, 2674, 2659, 2660, 2676, 2675, 2660, 2661, 2677, 2676, 2661, 2662, 2678, 2677, 2662, 2663, 2679, 2678, 2665, 2664, 2680, 2681, 2664, 2666, 2682, 2680, 2666, 2667, 2683, 2682, 2667, 2668, 2684, 2683, 2668, 2669, 2685, 2684, 2669, 2670, 2686, 2685, 2670, 2671, 2687, 2686, 2671, 2672, 2688, 2687, 2672, 2673, 2689, 2688, 2673, 2674, 2690, 2689, 2674, 2675, 2691, 2690, 2675, 2676, 2692, 2691, 2676, 2677, 2693, 2692, 2677, 2678, 2694, 2693, 2678, 2679, 2695, 2694, 2681, 2680, 2696, 2697, 2680, 2682, 2698, 2696, 2682, 2683, 2699, 2698, 2683, 2684, 2700, 2699, 2684, 2685, 2701, 2700, 2685, 2686, 2702, 2701, 2686, 2687, 2703, 2702, 2687, 2688, 2704, 2703, 2688, 2689, 2705, 2704, 2689, 2690, 2706, 2705, 2690, 2691, 2707, 2706, 2691, 2692, 2708, 2707, 2692, 2693, 2709, 2708, 2693, 2694, 2710, 2709, 2694, 2695, 2711, 2710, 2697, 2696, 2712, 2713, 2696, 2698, 2714, 2712, 2698, 2699, 2715, 2714, 2699, 2700, 2716, 2715, 2700, 2701, 2717, 2716, 2701, 2702, 2718, 2717, 2702, 2703, 2719, 2718, 2703, 2704, 2720, 2719, 2704, 2705, 2721, 2720, 2705, 2706, 2722, 2721, 2706, 2707, 2723, 2722, 2707, 2708, 2724, 2723, 2708, 2709, 2725, 2724, 2709, 2710, 2726, 2725, 2710, 2711, 2727, 2726, 2713, 2712, 2728, 2729, 2712, 2714, 2730, 2728, 2714, 2715, 2731, 2730, 2715, 2716, 2732, 2731, 2716, 2717, 2733, 2732, 2717, 2718, 2734, 2733, 2718, 2719, 2735, 2734, 2719, 2720, 2736, 2735, 2720, 2721, 2737, 2736, 2721, 2722, 2738, 2737, 2722, 2723, 2739, 2738, 2723, 2724, 2740, 2739, 2724, 2725, 2741, 2740, 2725, 2726, 2742, 2741, 2726, 2727, 2743, 2742, 2729, 2728, 2744, 2745, 2728, 2730, 2746, 2744, 2730, 2731, 2747, 2746, 2731, 2732, 2748, 2747, 2732, 2733, 2749, 2748, 2733, 2734, 2750, 2749, 2734, 2735, 2751, 2750, 2735, 2736, 2752, 2751, 2736, 2737, 2753, 2752, 2737, 2738, 2754, 2753, 2738, 2739, 2755, 2754, 2739, 2740, 2756, 2755, 2740, 2741, 2757, 2756, 2741, 2742, 2758, 2757, 2742, 2743, 2759, 2758, 2745, 2744, 2760, 2761, 2744, 2746, 2762, 2760, 2746, 2747, 2763, 2762, 2747, 2748, 2764, 2763, 2748, 2749, 2765, 2764, 2749, 2750, 2766, 2765, 2750, 2751, 2767, 2766, 2751, 2752, 2768, 2767, 2752, 2753, 2769, 2768, 2753, 2754, 2770, 2769, 2754, 2755, 2771, 2770, 2755, 2756, 2772, 2771, 2756, 2757, 2773, 2772, 2757, 2758, 2774, 2773, 2758, 2759, 2775, 2774, 2761, 2760, 2776, 2777, 2760, 2762, 2778, 2776, 2762, 2763, 2779, 2778, 2763, 2764, 2780, 2779, 2764, 2765, 2781, 2780, 2765, 2766, 2782, 2781, 2766, 2767, 2783, 2782, 2767, 2768, 2784, 2783, 2768, 2769, 2785, 2784, 2769, 2770, 2786, 2785, 2770, 2771, 2787, 2786, 2771, 2772, 2788, 2787, 2772, 2773, 2789, 2788, 2773, 2774, 2790, 2789, 2774, 2775, 2791, 2790, 2777, 2776, 2792, 2793, 2776, 2778, 2794, 2792, 2778, 2779, 2795, 2794, 2779, 2780, 2796, 2795, 2780, 2781, 2797, 2796, 2781, 2782, 2798, 2797, 2782, 2783, 2799, 2798, 2783, 2784, 2800, 2799, 2784, 2785, 2801, 2800, 2785, 2786, 2802, 2801, 2786, 2787, 2803, 2802, 2787, 2788, 2804, 2803, 2788, 2789, 2805, 2804, 2789, 2790, 2806, 2805, 2790, 2791, 2807, 2806, 2793, 2792, 79, 78, 2792, 2794, 94, 79, 2794, 2795, 109, 94, 2795, 2796, 124, 109, 2796, 2797, 139, 124, 2797, 2798, 154, 139, 2798, 2799, 169, 154, 2799, 2800, 192, 169, 2800, 2801, 207, 192, 2801, 2802, 223, 207, 2802, 2803, 245, 223, 2803, 2804, 260, 245, 2804, 2805, 278, 260, 2805, 2806, 298, 278, 2806, 2807, 313, 298, 15, 14, 2585, 2808, 2808, 2585, 2601, 2809, 2809, 2601, 2617, 2810, 2810, 2617, 2633, 2811, 2811, 2633, 2649, 2812, 2812, 2649, 2665, 2813, 2813, 2665, 2681, 2814, 2814, 2681, 2697, 2815, 2815, 2697, 2713, 2816, 2816, 2713, 2729, 2817, 2817, 2729, 2745, 2818, 2818, 2745, 2761, 2819, 2819, 2761, 2777, 2820, 2820, 2777, 2793, 2821, 2821, 2793, 78, 1057, 15, 2808, 2822, 2823, 2808, 2809, 2824, 2822, 2809, 2810, 2825, 2824, 2810, 2811, 2826, 2825, 2811, 2812, 2827, 2826, 2812, 2813, 2828, 2827, 2813, 2814, 2829, 2828, 2814, 2815, 2830, 2829, 2815, 2816, 2831, 2830, 2816, 2817, 2832, 2831, 2817, 2818, 2833, 2832, 2818, 2819, 2834, 2833, 2819, 2820, 2835, 2834, 2820, 2821, 2836, 2835, 2821, 1057, 1056, 2836, 2823, 2822, 2837, 2838, 2822, 2824, 2839, 2837, 2824, 2825, 2840, 2839, 2825, 2826, 2841, 2840, 2826, 2827, 2842, 2841, 2827, 2828, 2843, 2842, 2828, 2829, 2844, 2843, 2829, 2830, 2845, 2844, 2830, 2831, 2846, 2845, 2831, 2832, 2847, 2846, 2832, 2833, 2848, 2847, 2833, 2834, 2849, 2848, 2834, 2835, 2850, 2849, 2835, 2836, 2851, 2850, 2836, 1056, 1058, 2851, 2838, 2837, 2852, 2853, 2837, 2839, 2854, 2852, 2839, 2840, 2855, 2854, 2840, 2841, 2856, 2855, 2841, 2842, 2857, 2856, 2842, 2843, 2858, 2857, 2843, 2844, 2859, 2858, 2844, 2845, 2860, 2859, 2845, 2846, 2861, 2860, 2846, 2847, 2862, 2861, 2847, 2848, 2863, 2862, 2848, 2849, 2864, 2863, 2849, 2850, 2865, 2864, 2850, 2851, 2866, 2865, 2851, 1058, 1059, 2866, 2853, 2852, 2867, 2868, 2852, 2854, 2869, 2867, 2854, 2855, 2870, 2869, 2855, 2856, 2871, 2870, 2856, 2857, 2872, 2871, 2857, 2858, 2873, 2872, 2858, 2859, 2874, 2873, 2859, 2860, 2875, 2874, 2860, 2861, 2876, 2875, 2861, 2862, 2877, 2876, 2862, 2863, 2878, 2877, 2863, 2864, 2879, 2878, 2864, 2865, 2880, 2879, 2865, 2866, 2881, 2880, 2866, 1059, 1060, 2881, 2868, 2867, 2882, 2883, 2867, 2869, 2884, 2882, 2869, 2870, 2885, 2884, 2870, 2871, 2886, 2885, 2871, 2872, 2887, 2886, 2872, 2873, 2888, 2887, 2873, 2874, 2889, 2888, 2874, 2875, 2890, 2889, 2875, 2876, 2891, 2890, 2876, 2877, 2892, 2891, 2877, 2878, 2893, 2892, 2878, 2879, 2894, 2893, 2879, 2880, 2895, 2894, 2880, 2881, 2896, 2895, 2881, 1060, 1061, 2896, 2883, 2882, 2897, 2898, 2882, 2884, 2899, 2897, 2884, 2885, 2900, 2899, 2885, 2886, 2901, 2900, 2886, 2887, 2902, 2901, 2887, 2888, 2903, 2902, 2888, 2889, 2904, 2903, 2889, 2890, 2905, 2904, 2890, 2891, 2906, 2905, 2891, 2892, 2907, 2906, 2892, 2893, 2908, 2907, 2893, 2894, 2909, 2908, 2894, 2895, 2910, 2909, 2895, 2896, 2911, 2910, 2896, 1061, 1062, 2911, 2898, 2897, 2912, 2913, 2897, 2899, 2914, 2912, 2899, 2900, 2915, 2914, 2900, 2901, 2916, 2915, 2901, 2902, 2917, 2916, 2902, 2903, 2918, 2917, 2903, 2904, 2919, 2918, 2904, 2905, 2920, 2919, 2905, 2906, 2921, 2920, 2906, 2907, 2922, 2921, 2907, 2908, 2923, 2922, 2908, 2909, 2924, 2923, 2909, 2910, 2925, 2924, 2910, 2911, 2926, 2925, 2911, 1062, 1063, 2926, 2913, 2912, 2927, 2928, 2912, 2914, 2929, 2927, 2914, 2915, 2930, 2929, 2915, 2916, 2931, 2930, 2916, 2917, 2932, 2931, 2917, 2918, 2933, 2932, 2918, 2919, 2934, 2933, 2919, 2920, 2935, 2934, 2920, 2921, 2936, 2935, 2921, 2922, 2937, 2936, 2922, 2923, 2938, 2937, 2923, 2924, 2939, 2938, 2924, 2925, 2940, 2939, 2925, 2926, 2941, 2940, 2926, 1063, 1064, 2941, 2928, 2927, 2942, 2943, 2927, 2929, 2944, 2942, 2929, 2930, 2945, 2944, 2930, 2931, 2946, 2945, 2931, 2932, 2947, 2946, 2932, 2933, 2948, 2947, 2933, 2934, 2949, 2948, 2934, 2935, 2950, 2949, 2935, 2936, 2951, 2950, 2936, 2937, 2952, 2951, 2937, 2938, 2953, 2952, 2938, 2939, 2954, 2953, 2939, 2940, 2955, 2954, 2940, 2941, 2956, 2955, 2941, 1064, 1065, 2956, 2943, 2942, 2957, 2958, 2942, 2944, 2959, 2957, 2944, 2945, 2960, 2959, 2945, 2946, 2961, 2960, 2946, 2947, 2962, 2961, 2947, 2948, 2963, 2962, 2948, 2949, 2964, 2963, 2949, 2950, 2965, 2964, 2950, 2951, 2966, 2965, 2951, 2952, 2967, 2966, 2952, 2953, 2968, 2967, 2953, 2954, 2969, 2968, 2954, 2955, 2970, 2969, 2955, 2956, 2971, 2970, 2956, 1065, 1066, 2971, 2958, 2957, 2972, 2973, 2957, 2959, 2974, 2972, 2959, 2960, 2975, 2974, 2960, 2961, 2976, 2975, 2961, 2962, 2977, 2976, 2962, 2963, 2978, 2977, 2963, 2964, 2979, 2978, 2964, 2965, 2980, 2979, 2965, 2966, 2981, 2980, 2966, 2967, 2982, 2981, 2967, 2968, 2983, 2982, 2968, 2969, 2984, 2983, 2969, 2970, 2985, 2984, 2970, 2971, 2986, 2985, 2971, 1066, 1067, 2986, 2973, 2972, 2987, 2988, 2972, 2974, 2989, 2987, 2974, 2975, 2990, 2989, 2975, 2976, 2991, 2990, 2976, 2977, 2992, 2991, 2977, 2978, 2993, 2992, 2978, 2979, 2994, 2993, 2979, 2980, 2995, 2994, 2980, 2981, 2996, 2995, 2981, 2982, 2997, 2996, 2982, 2983, 2998, 2997, 2983, 2984, 2999, 2998, 2984, 2985, 3000, 2999, 2985, 2986, 3001, 3000, 2986, 1067, 1068, 3001, 2988, 2987, 3002, 3003, 2987, 2989, 3004, 3002, 2989, 2990, 3005, 3004, 2990, 2991, 3006, 3005, 2991, 2992, 3007, 3006, 2992, 2993, 3008, 3007, 2993, 2994, 3009, 3008, 2994, 2995, 3010, 3009, 2995, 2996, 3011, 3010, 2996, 2997, 3012, 3011, 2997, 2998, 3013, 3012, 2998, 2999, 3014, 3013, 2999, 3000, 3015, 3014, 3000, 3001, 3016, 3015, 3001, 1068, 1069, 3016, 3003, 3002, 3017, 3018, 3002, 3004, 3019, 3017, 3004, 3005, 3020, 3019, 3005, 3006, 3021, 3020, 3006, 3007, 3022, 3021, 3007, 3008, 3023, 3022, 3008, 3009, 3024, 3023, 3009, 3010, 3025, 3024, 3010, 3011, 3026, 3025, 3011, 3012, 3027, 3026, 3012, 3013, 3028, 3027, 3013, 3014, 3029, 3028, 3014, 3015, 3030, 3029, 3015, 3016, 3031, 3030, 3016, 1069, 1070, 3031, 3018, 3017, 3032, 3033, 3017, 3019, 3034, 3032, 3019, 3020, 3035, 3034, 3020, 3021, 3036, 3035, 3021, 3022, 3037, 3036, 3022, 3023, 3038, 3037, 3023, 3024, 3039, 3038, 3024, 3025, 3040, 3039, 3025, 3026, 3041, 3040, 3026, 3027, 3042, 3041, 3027, 3028, 3043, 3042, 3028, 3029, 3044, 3043, 3029, 3030, 3045, 3044, 3030, 3031, 3046, 3045, 3031, 1070, 1071, 3046, 3047, 15, 2823, 3047, 3047, 2823, 2838, 3047, 3047, 2838, 2853, 3047, 3047, 2853, 2868, 3047, 3047, 2868, 2883, 3047, 3047, 2883, 2898, 3047, 3047, 2898, 2913, 3047, 3047, 2913, 2928, 3047, 3047, 2928, 2943, 3047, 3047, 2943, 2958, 3047, 3047, 2958, 2973, 3047, 3047, 2973, 2988, 3047, 3047, 2988, 3003, 3047, 3047, 3003, 3018, 3047, 3047, 3018, 3033, 3047]
        uniform token subdivisionScheme = "none"
        token ui:displayGroup = "Material Graphs"
        token ui:displayName = "enviroment_grid"
        int ui:order = 1024
        float3 xformOp:rotateXYZ = (0, -0, 0)
        float3 xformOp:scale = (1, 1, 1)
        double3 xformOp:translate = (0, 0, 0)
        uniform token[] xformOpOrder = ["xformOp:translate", "xformOp:rotateXYZ", "xformOp:scale"]
    }
}

